strategy,match_time_utc,event,match,market,pick,best_of,book,odds,stake,result,pl,cum_pl,clv_pp,clv_ref,close_quality,status,flagged_at_utc
moneyline_flag_band,2026-06-30 13:45,,Endless Journey vs Misa,moneyline,Endless Journey,3,SoftBook A,1.44,1,void,0.0,,,,hourly,legacy_unscored,2026-06-30 07:21
moneyline_flag_band,2026-07-01 09:30,,3DMAX vs Ninjas in Pyjamas,moneyline,3DMAX,1,Sharp,2.32,1,won,1.32,1.32,1.29,Sharp,close,legacy_unscored,2026-06-30 23:28
moneyline_flag_band,2026-07-01 13:45,,Just Players vs SAW,moneyline,SAW,3,Sharp,4.69,1,won,3.69,5.01,0.44,Sharp,close,legacy_unscored,2026-06-30 23:29
moneyline_flag_band,2026-07-01 17:50,,B8 vs MIBR,moneyline,MIBR,1,Sharp,2.18,1,lost,-1.0,4.01,1.45,Sharp,close,legacy_unscored,2026-06-30 23:29
moneyline_flag_band,2026-07-01 22:00,,paiN Academy vs GUARA,moneyline,GUARA,3,Sharp,4.51,1,lost,-1.0,3.01,-1.0,Sharp,close,legacy_unscored,2026-07-01 21:35
moneyline_flag_band,2026-07-02 07:30,,3DMAX vs EYEBALLERS,moneyline,EYEBALLERS,3,SoftBook A,2.0,1,void,0.0,,,,hourly,legacy_unscored,2026-07-01 21:43
moneyline_flag_band,2026-07-02 08:00,,DONSTU vs Endless Journey,moneyline,Endless Journey,3,SoftBook A,1.83,1,won,0.83,3.84,,,hourly,legacy_unscored,2026-07-02 07:31
moneyline_flag_band,2026-07-02 08:45,,Alliance vs Ninjas in Pyjamas,moneyline,Alliance,3,Sharp,2.38,1,void,0.0,,-2.04,Sharp,close,legacy_unscored,2026-07-02 07:33
moneyline_flag_band,2026-07-02 09:55,,FaZe vs MIBR,moneyline,FaZe,3,Sharp,1.781,1,void,0.0,,0.31,Sharp,hourly,legacy_unscored,2026-07-02 07:34
moneyline_flag_band,2026-07-02 11:00,,DONSTU vs Lilmix,moneyline,DONSTU,3,SoftBook A,1.36,1,won,0.36,4.2,,,hourly,legacy_unscored,2026-07-02 10:45
moneyline_flag_band,2026-07-02 13:00,,METANOIA Wolves vs VEXA,moneyline,VEXA,3,Sharp,1.741,1,void,0.0,,0.3,Sharp,close,legacy_unscored,2026-07-02 10:46
moneyline_flag_band,2026-07-02 13:30,,BetBoom vs BIG,moneyline,BetBoom,1,Sharp,1.581,1,won,0.581,4.781,2.14,Sharp,close,legacy_unscored,2026-07-02 10:46
moneyline_flag_band,2026-07-02 19:05,,Yawara vs Red Feet,moneyline,Red Feet,3,Sharp,5.68,1,lost,-1.0,3.781,-1.12,Sharp,close,legacy_unscored,2026-07-02 10:46
moneyline_flag_band,2026-07-03 05:25,,EYEBALLERS vs TYLOO,moneyline,EYEBALLERS,3,SoftBook A,2.5,1,lost,-1.0,2.781,,,close,legacy_unscored,2026-07-02 22:37
moneyline_flag_band,2026-07-03 06:30,,Luminosity vs Ninjas in Pyjamas,moneyline,Luminosity,3,SoftBook A,1.83,1,lost,-1.0,1.781,,,hourly,legacy_unscored,2026-07-02 22:37
moneyline_flag_band,2026-07-03 08:20,,PARIVISION vs Lynn Vision,moneyline,Lynn Vision,1,SoftBook A,2.75,1,lost,-1.0,0.781,,,close,legacy_unscored,2026-07-02 22:37
moneyline_flag_band,2026-07-03 10:10,,3DMAX vs 9z,moneyline,3DMAX,1,SoftBook A,3.25,1,lost,-1.0,-0.219,,,close,legacy_unscored,2026-07-02 22:37
moneyline_flag_band,2026-07-03 13:00,,B8 vs Alliance,moneyline,Alliance,1,SoftBook A,2.75,1,won,1.75,1.531,,,hourly,legacy_unscored,2026-07-02 22:37
moneyline_flag_band,2026-07-03 16:20,,BetBoom vs Nemesis,moneyline,Nemesis,3,Sharp,3.17,1,lost,-1.0,0.531,1.25,Sharp,close,legacy_unscored,2026-07-02 22:37
moneyline_flag_band,2026-07-03 19:45,,METANOIA Wolves vs MAGICOS,moneyline,METANOIA Wolves,3,Sharp,1.313,1,lost,-1.0,-0.469,1.06,Sharp,hourly,legacy_unscored,2026-07-02 22:38
moneyline_flag_band,2026-07-04 05:10,,B8 vs Lynn Vision,moneyline,Lynn Vision,3,Sharp,3.06,1,lost,-1.0,-1.469,-2.04,Sharp,close,legacy_unscored,2026-07-04 03:48
moneyline_flag_band,2026-07-04 06:00,,PARIVISION vs MIBR,moneyline,MIBR,3,Sharp,1.893,1,lost,-1.0,-2.469,-1.36,Sharp,close,legacy_unscored,2026-07-04 03:48
moneyline_flag_band,2026-07-04 08:30,,BIG vs Ninjas in Pyjamas,moneyline,Ninjas in Pyjamas,3,Sharp,2.04,1,lost,-1.0,-3.469,0.31,Sharp,close,legacy_unscored,2026-07-04 07:09
moneyline_flag_band,2026-07-04 10:35,,Alliance vs 9z,moneyline,9z,3,Sharp,1.37,1,lost,-1.0,-4.469,-0.31,Sharp,close,legacy_unscored,2026-07-04 07:09
moneyline_flag_band,2026-07-04 11:00,,Endless Journey vs Atreides,moneyline,Endless Journey,3,SoftBook A,2.25,1,won,1.25,-3.219,0.0,SoftBook A,hourly,legacy_unscored,2026-07-04 07:09
moneyline_flag_band,2026-07-04 19:05,,paiN Academy vs BESTIA Academy,moneyline,BESTIA Academy,3,Sharp,2.19,1,won,1.19,-2.029,-7.12,Sharp,close,legacy_unscored,2026-07-04 07:10
moneyline_flag_band,2026-07-05 10:00,,B8 vs BIG,moneyline,B8,3,Sharp,1.813,1,lost,-1.0,-3.029,-0.32,Sharp,close,legacy_unscored,2026-07-04 21:54
moneyline_flag_band,2026-07-05 10:30,,Inner Circle Academy vs Honvéd,moneyline,Honvéd,3,SoftBook A,3.4,1,won,2.4,-0.629,0.0,SoftBook A,hourly,legacy_unscored,2026-07-04 21:54
moneyline_flag_band,2026-07-06 07:32,,illwill vs WBT,moneyline,illwill,3,SoftBook A,1.4,1,void,0.0,,,,hourly,legacy_unscored,2026-07-06 05:54
moneyline_flag_band,2026-07-06 22:15,,Keyd Stars vs GameHunters,moneyline,GameHunters,3,Sharp,2.95,1,lost,-1.0,-1.629,,,close,legacy_unscored,2026-07-06 22:12
moneyline_flag_band,2026-07-08 08:00,,Atreides vs eternal premium,moneyline,eternal premium,3,SoftBook A,3.0,1,lost,-1.0,-2.629,0.0,SoftBook A,hourly,legacy_unscored,2026-07-07 22:43
moneyline_flag_band,2026-07-08 10:30,,SPARTA vs ENCE,moneyline,ENCE,3,Sharp,2.75,1,lost,-1.0,-3.629,3.38,Sharp,hourly,legacy_unscored,2026-07-08 08:31
moneyline_flag_band,2026-07-08 13:00,,Patins da Ferrari vs Fluxo,moneyline,Patins da Ferrari,3,Sharp,2.45,1,lost,-1.0,-4.629,-3.85,Sharp,close,legacy_unscored,2026-07-08 08:32
moneyline_flag_band,2026-07-08 19:05,,Yawara vs METANOIA Wolves,moneyline,METANOIA Wolves,3,Sharp,4.32,1,lost,-1.0,-5.629,-4.28,Sharp,close,legacy_unscored,2026-07-08 08:32
moneyline_flag_band,2026-07-09 08:00,,GenOne vs BRUTE,moneyline,GenOne,3,Sharp,1.402,1,lost,-1.0,-6.629,0.3,Sharp,close,legacy_unscored,2026-07-08 22:43
moneyline_flag_band,2026-07-09 08:05,,TYLOO vs 9z,moneyline,9z,3,Sharp,1.649,1,won,0.649,-5.98,-3.47,Sharp,close,legacy_unscored,2026-07-08 22:42
moneyline_flag_band,2026-07-09 12:10,,Virtus.pro vs Ninjas in Pyjamas,moneyline,Virtus.pro,3,SoftBook A,3.0,1,won,2.0,-3.98,,,close,legacy_unscored,2026-07-08 22:43
moneyline_flag_band,2026-07-09 13:00,,Isurus vs Fake do Biru,moneyline,Isurus,3,Sharp,2.14,1,won,1.14,-2.84,-8.04,Sharp,close,legacy_unscored,2026-07-08 22:43
moneyline_flag_band,2026-07-09 16:30,,Inner Circle vs GenOne,moneyline,GenOne,3,SoftBook A,2.62,1,lost,-1.0,-3.84,0.0,SoftBook A,hourly,legacy_unscored,2026-07-08 22:44
moneyline_flag_band,2026-07-09 16:30,,M80 vs Winners,moneyline,Winners,3,SoftBook A,10.0,1,lost,-1.0,-4.84,-2.02,SoftBook A,hourly,legacy_unscored,2026-07-08 22:44
moneyline_flag_band,2026-07-09 17:00,,paiN vs METANOIA Wolves,moneyline,METANOIA Wolves,3,SoftBook A,11.0,1,lost,-1.0,-5.84,-1.09,SoftBook A,hourly,legacy_unscored,2026-07-08 22:44
moneyline_flag_band,2026-07-09 18:20,,EAC vs Magic,moneyline,EAC,3,SoftBook A,8.5,1,lost,-1.0,-6.84,0.0,SoftBook A,hourly,legacy_unscored,2026-07-08 22:44
moneyline_flag_band,2026-07-10 05:00,,Kaleido vs The Huns,moneyline,The Huns,3,SoftBook A,1.66,1,won,0.66,-6.18,0.0,SoftBook A,hourly,legacy_unscored,2026-07-09 23:33
moneyline_flag_band,2026-07-10 13:00,,B8 vs Virtus.pro,moneyline,Virtus.pro,3,SoftBook A,2.75,1,won,1.75,-4.43,,,close,legacy_unscored,2026-07-09 23:34
moneyline_flag_band,2026-07-11 11:15,,BASEMENT BOYS vs Enjoy,moneyline,BASEMENT BOYS,3,SoftBook A,2.2,1,won,1.2,-3.23,-3.25,SoftBook A,hourly,legacy_unscored,2026-07-11 05:37
moneyline_flag_band,2026-07-11 15:30,,mellren vs LPH,moneyline,mellren,3,Sharp,2.09,1,lost,-1.0,-4.23,0.18,Sharp,close,legacy_unscored,2026-07-11 05:37
moneyline_flag_band,2026-07-11 19:00,,Imperial vs Isurus,moneyline,Isurus,3,Sharp,4.67,1,lost,-1.0,-5.23,-0.5,Sharp,close,legacy_unscored,2026-07-11 05:38
moneyline_flag_band,2026-07-11 23:00,,paiN vs Sharks,moneyline,paiN,3,Sharp,1.578,1,lost,-1.0,-6.23,2.09,Sharp,close,legacy_unscored,2026-07-11 05:38
moneyline_flag_band,2026-07-11 23:30,,M80 vs Voca,moneyline,Voca,3,SoftBook A,4.5,1,lost,-1.0,-7.23,-3.56,SoftBook A,hourly,legacy_unscored,2026-07-11 05:38
moneyline_flag_band,2026-07-12 06:30,,TYLOO vs Lynn Vision,moneyline,Lynn Vision,3,SoftBook A,3.4,1,won,2.4,-4.83,0.0,SoftBook A,hourly,legacy_unscored,2026-07-12 02:52
moneyline_flag_band,2026-07-12 08:00,,eternal premium vs ENCE,moneyline,eternal premium,3,SoftBook A,2.37,1,lost,-1.0,-5.83,0.0,SoftBook A,hourly,legacy_unscored,2026-07-12 02:52
moneyline_flag_band,2026-07-12 10:30,,Atreides vs SPARTA,moneyline,Atreides,3,SoftBook A,2.5,1,won,1.5,-4.33,-2.31,SoftBook A,hourly,legacy_unscored,2026-07-12 02:52
moneyline_flag_band,2026-07-12 13:00,,Bushido Wildcats vs MOUZ NXT,moneyline,Bushido Wildcats,3,SoftBook A,1.66,1,won,0.66,-3.67,,,close,legacy_unscored,2026-07-12 02:52
moneyline_flag_band,2026-07-12 13:00,,HOTU vs Vexar,moneyline,Vexar,3,SoftBook A,6.5,1,lost,-1.0,-4.67,,,close,legacy_unscored,2026-07-12 02:53
moneyline_flag_band,2026-07-12 13:10,,SPARTA vs Noir Verse,moneyline,Noir Verse,3,SoftBook A,3.75,1,lost,-1.0,-5.67,0.0,SoftBook A,hourly,legacy_unscored,2026-07-12 02:53
moneyline_flag_band,2026-07-12 18:00,,BESTIA vs Keyd Stars,moneyline,BESTIA,3,Sharp,1.277,1,won,0.277,-5.393,2.4,Sharp,close,legacy_unscored,2026-07-12 02:53
moneyline_flag_band,2026-07-13 07:35,,BRUTE vs Honvéd,moneyline,Honvéd,3,SoftBook A,1.66,1,void,0.0,,9.33,SoftBook A,hourly,legacy_unscored,2026-07-13 00:07
moneyline_flag_band,2026-07-13 13:00,,The Last Resort vs QUAZAR,moneyline,QUAZAR,3,SoftBook A,1.83,1,won,0.83,-4.563,6.31,SoftBook A,hourly,legacy_unscored,2026-07-13 00:08
moneyline_flag_band,2026-07-13 13:00,,MOUZ NXT vs SPARTA,moneyline,SPARTA,3,Sharp,1.391,1,won,0.391,-4.172,6.87,Sharp,close,legacy_unscored,2026-07-13 00:08
moneyline_flag_band,2026-07-14 10:30,,Honvéd vs GenOne,moneyline,Honvéd,3,SoftBook A,2.62,1,lost,-1.0,-5.172,0.0,SoftBook A,hourly,legacy_unscored,2026-07-14 01:31
moneyline_flag_band,2026-07-14 11:00,,HOTU vs QUAZAR,moneyline,HOTU,3,Sharp,1.552,1,won,0.552,-4.62,9.38,Sharp,close,legacy_unscored,2026-07-14 01:31
moneyline_flag_band,2026-07-14 16:00,,paiN Academy vs ODDIK,moneyline,ODDIK,3,Sharp,1.292,1,won,0.292,-4.328,-3.61,Sharp,hourly,legacy_unscored,2026-07-14 01:32
moneyline_flag_band,2026-07-14 22:00,,BESTIA Academy vs GUARA,moneyline,GUARA,3,Sharp,4.45,1,lost,-1.0,-5.328,0.21,Sharp,close,legacy_unscored,2026-07-14 01:36
moneyline_flag_band,2026-07-15 08:00,,megoshort vs Julie&Cie,moneyline,Julie&Cie,3,Sharp,3.64,1,lost,-1.0,-6.328,1.78,Sharp,close,legacy_unscored,2026-07-15 07:16
moneyline_flag_band,2026-07-15 10:30,,The Last Resort vs Enjoy,moneyline,The Last Resort,3,SoftBook A,2.62,1,won,1.62,-4.708,6.01,SoftBook A,hourly,legacy_unscored,2026-07-15 08:35
moneyline_flag_band,2026-07-15 11:00,,megoshort vs SAW Youngsters,moneyline,SAW Youngsters,3,Sharp,1.347,1,won,0.347,-4.361,-0.65,Sharp,close,legacy_unscored,2026-07-15 08:35
moneyline_flag_band,2026-07-15 12:00,,3DMAX vs HEROIC,moneyline,3DMAX,3,Sharp,2.52,1,lost,-1.0,-5.361,1.13,Sharp,close,legacy_unscored,2026-07-15 08:35
moneyline_flag_band,2026-07-15 15:30,,Wildcard vs Gentle Mates,moneyline,Gentle Mates,3,Sharp,2.15,1,won,1.15,-4.211,-1.66,Sharp,close,legacy_unscored,2026-07-15 08:36
moneyline_flag_band,2026-07-15 16:00,,Bounty Hunters vs Keyd Stars,moneyline,Bounty Hunters,3,Sharp,1.667,1,won,0.667,-3.544,-5.65,Sharp,close,legacy_unscored,2026-07-15 08:36
moneyline_flag_band,2026-07-15 17:45,,paiN vs Phantom,moneyline,paiN,3,Sharp,1.461,1,lost,-1.0,-4.544,-0.23,Sharp,close,legacy_unscored,2026-07-15 08:36
moneyline_flag_band,2026-07-16 08:00,,WW vs Just Players,moneyline,Just Players,3,Sharp,2.26,1,won,1.26,-3.284,-1.58,Sharp,close,legacy_unscored,2026-07-16 01:22
moneyline_flag_band,2026-07-16 11:00,,Walczaki vs SPARTA,moneyline,Walczaki,3,SoftBook A,1.36,1,won,0.36,-2.924,-4.46,SoftBook A,hourly,legacy_unscored,2026-07-16 01:23
moneyline_flag_band,2026-07-16 12:15,,paiN vs 3DMAX,moneyline,paiN,3,Sharp,1.606,1,lost,-1.0,-3.924,-0.64,Sharp,close,legacy_unscored,2026-07-16 01:23
moneyline_flag_band,2026-07-16 14:35,,Gentle Mates vs Ninjas in Pyjamas,moneyline,Gentle Mates,3,Sharp,2.54,1,lost,-1.0,-4.924,-1.05,Sharp,close,legacy_unscored,2026-07-16 01:24
moneyline_flag_band,2026-07-16 16:30,,Phantom vs HEROIC,moneyline,Phantom,3,Sharp,2.86,1,lost,-1.0,-5.924,3.16,Sharp,close,legacy_unscored,2026-07-16 01:24
moneyline_flag_band,2026-07-16 17:30,,Honvéd vs Subtop De France,moneyline,Honvéd,3,SoftBook A,1.3,1,void,0.0,,2.91,SoftBook A,hourly,legacy_unscored,2026-07-16 01:24
moneyline_flag_band,2026-07-16 19:05,,Imperial vs Fluxo,moneyline,Fluxo,3,Sharp,3.08,1,won,2.08,-3.844,4.26,Sharp,close,legacy_unscored,2026-07-16 01:24
moneyline_flag_band,2026-07-17 07:00,,ARCRED vs The Last Resort,moneyline,The Last Resort,3,SoftBook A,3.25,1,void,0.0,,,,hourly,legacy_unscored,2026-07-17 05:28
moneyline_flag_band,2026-07-17 08:00,,Bebop vs Endless Journey,moneyline,Endless Journey,3,SoftBook A,1.66,1,won,0.66,-3.184,0.0,SoftBook A,hourly,legacy_unscored,2026-07-17 05:28
moneyline_flag_band,2026-07-17 08:00,,1win vs GenOne,moneyline,GenOne,3,Sharp,2.36,1,lost,-1.0,-4.184,0.0,Sharp,close,legacy_unscored,2026-07-17 05:28
moneyline_flag_band,2026-07-17 10:00,,Gentle Mates vs 3DMAX,moneyline,Gentle Mates,3,Sharp,2.12,1,lost,-1.0,-5.184,1.12,Sharp,close,legacy_unscored,2026-07-17 05:28
moneyline_flag_band,2026-07-17 11:00,,BIG Academy vs DONSTU,moneyline,BIG Academy,3,Sharp,1.377,1,won,0.377,-4.807,-0.05,Sharp,close,legacy_unscored,2026-07-17 05:28
moneyline_flag_band,2026-07-17 13:00,,GameHunters vs ALKA,moneyline,ALKA,3,Sharp,2.22,1,lost,-1.0,-5.807,0.0,Sharp,close,legacy_unscored,2026-07-17 05:28
moneyline_flag_band,2026-07-17 14:00,,ex-MANA vs benched gods,moneyline,benched gods,3,SoftBook A,2.5,1,won,1.5,-4.307,0.0,SoftBook A,hourly,legacy_unscored,2026-07-17 05:28
moneyline_flag_band,2026-07-17 14:15,,HEROIC vs Ninjas in Pyjamas,moneyline,Ninjas in Pyjamas,3,Sharp,1.787,1,lost,-1.0,-5.307,2.03,Sharp,close,legacy_unscored,2026-07-17 05:28
moneyline_flag_band,2026-07-17 16:05,,Keyd Stars vs Imperial,moneyline,Keyd Stars,3,Sharp,4.0,1,lost,-1.0,-6.307,-4.72,Sharp,close,legacy_unscored,2026-07-17 05:28
moneyline_flag_band,2026-07-17 22:00,,Bounty Hunters vs Fluxo,moneyline,Bounty Hunters,3,Sharp,2.2,1,lost,-1.0,-7.307,-6.98,Sharp,close,legacy_unscored,2026-07-17 05:28
moneyline_flag_band,2026-07-18 00:00,,FlyQuest vs Mindfreak,moneyline,Mindfreak,3,SoftBook A,12.0,1,lost,-1.0,-8.307,0.0,SoftBook A,hourly,legacy_unscored,2026-07-17 22:33
moneyline_flag_band,2026-07-18 10:30,,Nuclear TigeRES vs Atreides,moneyline,Nuclear TigeRES,3,SoftBook A,1.14,1,lost,-1.0,-9.307,0.0,SoftBook A,hourly,legacy_unscored,2026-07-17 22:33
moneyline_flag_band,2026-07-18 12:00,,Ninjas in Pyjamas vs K27,moneyline,Ninjas in Pyjamas,3,Sharp,1.588,1,lost,-1.0,-10.307,-1.78,Sharp,close,legacy_unscored,2026-07-17 22:33
moneyline_flag_band,2026-07-18 14:10,,Endless Journey vs BIG Academy,moneyline,Endless Journey,3,SoftBook A,2.37,1,lost,-1.0,-11.307,0.0,SoftBook A,hourly,legacy_unscored,2026-07-17 22:33
moneyline_flag_band,2026-07-18 16:00,,Imperial vs ShindeN,moneyline,ShindeN,3,Sharp,2.4,1,lost,-1.0,-12.307,-1.55,Sharp,close,legacy_unscored,2026-07-17 22:33
moneyline_flag_band,2026-07-18 17:00,,benched gods vs Misa,moneyline,Misa,3,Sharp,1.893,1,lost,-1.0,-13.307,2.5,Sharp,close,legacy_unscored,2026-07-17 22:33
moneyline_flag_band,2026-07-19 00:30,,FlyQuest vs Ground Zero,moneyline,Ground Zero,3,SoftBook A,13.0,1,lost,-1.0,-14.307,0.0,SoftBook A,hourly,legacy_unscored,2026-07-18 21:24
moneyline_flag_band,2026-07-19 11:30,,CYBERSHOKE vs WBT,moneyline,WBT,3,Sharp,4.84,1,lost,-1.0,-15.307,-0.2,Sharp,close,legacy_unscored,2026-07-18 21:30
moneyline_flag_band,2026-07-19 14:00,,Bebop vs Endless Journey,moneyline,Endless Journey,3,SoftBook A,1.8,1,won,0.8,-14.507,0.0,SoftBook A,hourly,legacy_unscored,2026-07-18 21:24
moneyline_flag_band,2026-07-19 17:00,,ex-MANA vs Misa,moneyline,ex-MANA,3,SoftBook A,2.1,1,lost,-1.0,-15.507,0.0,SoftBook A,hourly,legacy_unscored,2026-07-18 21:24
moneyline_flag_band,2026-07-19 18:15,,BESTIA Academy vs GameHunters,moneyline,BESTIA Academy,3,SoftBook A,2.37,1,void,0.0,,,,close,legacy_unscored,2026-07-18 21:24
moneyline_flag_band,2026-07-19 23:00,,Fluxo vs Imperial,moneyline,Fluxo,5,Sharp,2.73,1,won,1.73,-13.777,-2.37,Sharp,close,legacy_unscored,2026-07-19 22:13
moneyline_flag_band,2026-07-20 08:00,,Just Players vs Walczaki,moneyline,Walczaki,3,SoftBook A,1.3,1,lost,-1.0,-14.777,0.0,SoftBook A,hourly,legacy_unscored,2026-07-20 05:10
moneyline_flag_band,2026-07-20 10:30,,1win vs ARCRED,moneyline,ARCRED,3,SoftBook A,2.1,1,lost,-1.0,-15.777,2.24,SoftBook A,hourly,legacy_unscored,2026-07-20 05:10
moneyline_flag_band,2026-07-20 16:00,,paiN Academy vs GUARA,moneyline,GUARA,3,Sharp,3.45,1,void,0.0,,0.15,Sharp,close,legacy_unscored,2026-07-20 13:44
moneyline_flag_band,2026-07-20 22:00,,Grêmio vs METANOIA Wolves,moneyline,METANOIA Wolves,3,Sharp,1.926,1,lost,-1.0,-16.777,-5.63,Sharp,close,legacy_unscored,2026-07-20 21:46
moneyline_flag_band,2026-07-21 10:00,,M80 vs Ninjas in Pyjamas,moneyline,M80,3,Sharp,2.01,1,lost,-1.0,-17.777,0.45,Sharp,close,legacy_unscored,2026-07-20 21:47
moneyline_flag_band,2026-07-21 10:00,,Magic vs Walczaki,moneyline,Walczaki,3,SoftBook A,3.4,1,lost,-1.0,-18.777,0.0,SoftBook A,hourly,legacy_unscored,2026-07-20 21:47
moneyline_flag_band,2026-07-21 11:00,,Honvéd vs Julie&Cie,moneyline,Julie&Cie,3,SoftBook A,7.5,1,lost,-1.0,-19.777,0.0,SoftBook A,hourly,legacy_unscored,2026-07-20 21:47
moneyline_flag_band,2026-07-21 12:15,,Nemesis vs Astralis,moneyline,Astralis,3,Sharp,1.552,1,won,0.552,-19.225,0.39,Sharp,hourly,legacy_unscored,2026-07-20 21:47
moneyline_flag_band,2026-07-21 14:10,,Enjoy vs QUAZAR,moneyline,QUAZAR,3,SoftBook A,1.57,1,won,0.57,-18.655,,,close,legacy_unscored,2026-07-20 21:48
moneyline_flag_band,2026-07-21 15:35,,Nuclear TigeRES vs MOUZ,moneyline,Nuclear TigeRES,3,Sharp,5.34,1,lost,-1.0,-19.655,2.35,Sharp,close,legacy_unscored,2026-07-20 21:48
moneyline_flag_band,2026-07-21 16:00,,ODDIK vs Red Feet,moneyline,Red Feet,3,SoftBook A,7.0,1,lost,-1.0,-20.655,0.0,SoftBook A,hourly,legacy_unscored,2026-07-20 21:48
moneyline_flag_band,2026-07-21 17:55,,Alliance vs Wildcard,moneyline,Wildcard,3,Sharp,2.53,1,won,1.53,-19.125,-1.19,Sharp,close,legacy_unscored,2026-07-20 21:48
moneyline_flag_band,2026-07-22 10:00,,EYEBALLERS vs FaZe,moneyline,FaZe,3,Sharp,1.294,1,won,0.294,-18.831,3.42,Sharp,close,eligible,2026-07-22 03:09
moneyline_flag_band,2026-07-22 10:00,,Aurora vs K27,moneyline,K27,3,SoftBook A,4.5,1,lost,-1.0,-19.831,0.0,SoftBook A,hourly,no_bet,2026-07-22 03:09
moneyline_flag_band,2026-07-22 11:10,,Eternal Fire vs CYBERSHOKE,moneyline,CYBERSHOKE,3,Sharp,1.885,1,lost,-1.0,-20.831,-1.11,Sharp,close,no_bet,2026-07-22 03:09
moneyline_flag_band,2026-07-22 12:15,,Nemiga vs G2,moneyline,Nemiga,3,Sharp,6.53,1,lost,-1.0,-21.831,1.48,Sharp,close,no_bet,2026-07-22 03:09
moneyline_flag_band,2026-07-22 13:15,,INFINITE vs Nemesis,moneyline,INFINITE,3,SoftBook A,3.25,1,lost,-1.0,-22.831,-2.57,SoftBook A,hourly,no_bet,2026-07-22 03:09
moneyline_flag_band,2026-07-22 14:10,,INOX Division vs Endless Journey,moneyline,INOX Division,3,SoftBook A,1.53,1,won,0.53,-22.301,4.06,SoftBook A,hourly,eligible,2026-07-22 03:09
moneyline_flag_band,2026-07-22 15:30,,HOTU vs GamerLegion,moneyline,GamerLegion,3,Sharp,1.538,1,lost,-1.0,-23.301,-1.73,Sharp,close,no_bet,2026-07-22 03:09
moneyline_flag_band,2026-07-22 16:20,,Nuclear TigeRES vs Echo,moneyline,Echo,3,Sharp,2.54,1,won,1.54,-21.761,-3.3,Sharp,close,no_bet,2026-07-22 03:09
moneyline_flag_band,2026-07-23 08:00,,Just Players vs CYBERSHOKE,moneyline,CYBERSHOKE,3,Sharp,1.402,1,won,0.402,-21.359,4.34,Sharp,close,eligible,2026-07-23 01:30
moneyline_flag_band,2026-07-23 10:00,,Walczaki vs 3DMAX,moneyline,Walczaki,3,SoftBook A,2.75,1,won,1.75,-19.609,-4.68,SoftBook A,hourly,eligible,2026-07-23 01:30
moneyline_flag_band,2026-07-23 13:55,,Ninjas in Pyjamas vs Echo,moneyline,Echo,3,SoftBook A,2.75,1,lost,-1.0,-20.609,,,close,no_bet,2026-07-23 01:30
moneyline_flag_band,2026-07-23 14:00,,Just Players vs Endless Journey,moneyline,Endless Journey,3,SoftBook A,2.37,1,lost,-1.0,-21.609,0.0,SoftBook A,hourly,eligible,2026-07-23 01:30
moneyline_flag_band,2026-07-23 15:50,,Gentle Mates vs paiN,moneyline,paiN,3,Sharp,1.662,1,won,0.662,-20.947,-1.65,Sharp,close,eligible,2026-07-23 01:30
moneyline_flag_band,2026-07-23 17:00,,CYBERSHOKE Prospects vs benched gods,moneyline,CYBERSHOKE Prospects,3,SoftBook A,1.57,1,lost,-1.0,-21.947,,,close,eligible,2026-07-23 01:30
moneyline_flag_band,2026-07-23 17:20,,Misa vs Rounds,moneyline,Rounds,3,SoftBook A,3.5,1,lost,-1.0,-22.947,,,hourly,eligible,2026-07-23 01:30
moneyline_flag_band,2026-07-24 08:00,,1win vs Eternal Fire,moneyline,1win,5,Sharp,2.15,1,lost,-1.0,-23.947,0.57,Sharp,close,eligible,2026-07-23 22:00
moneyline_flag_band,2026-07-24 11:00,,SPARTA vs Atreides,moneyline,SPARTA,3,SoftBook A,1.57,1,lost,-1.0,-24.947,0.0,SoftBook A,hourly,eligible,2026-07-23 22:00
moneyline_flag_band,2026-07-24 11:00,,megoshort vs Rounds,moneyline,megoshort,3,SoftBook A,1.83,1,lost,-1.0,-25.947,,,close,no_bet,2026-07-23 22:00
moneyline_flag_band,2026-07-24 12:56,,Fake do Biru vs BORRACHEIROS,moneyline,BORRACHEIROS,3,Sharp,3.33,1,void,0.0,,12.1,Sharp,hourly,eligible,2026-07-23 22:00
moneyline_flag_band,2026-07-24 13:00,,Nemesis vs INFINITE,moneyline,INFINITE,3,SoftBook A,3.5,1,won,2.5,-23.447,7.24,SoftBook A,hourly,no_bet,2026-07-23 22:00
moneyline_flag_band,2026-07-24 13:00,,Nuclear TigeRES vs Echo,moneyline,Echo,3,SoftBook A,2.0,1,won,1.0,-22.447,,,close,no_bet,2026-07-23 22:00
moneyline_flag_band,2026-07-24 15:50,,Liquid vs Vitality,moneyline,Liquid,3,SoftBook A,9.0,1,won,8.0,-14.447,,,close,no_bet,2026-07-23 22:00
moneyline_flag_band,2026-07-24 16:00,,Bounty Hunters vs ODDIK,moneyline,ODDIK,3,Sharp,2.45,1,won,1.45,-12.997,-0.52,Sharp,close,eligible,2026-07-23 22:00
moneyline_flag_band,2026-07-24 16:00,,Gentle Mates vs Walczaki,moneyline,Walczaki,3,SoftBook A,2.5,1,lost,-1.0,-13.997,13.33,SoftBook A,hourly,eligible,2026-07-23 22:00
moneyline_flag_band,2026-07-24 16:15,,Astralis vs HEROIC,moneyline,Astralis,3,SoftBook A,1.72,1,lost,-1.0,-14.997,,,close,eligible,2026-07-23 22:00
moneyline_flag_band,2026-07-24 19:15,,Keyd Stars vs ALKA,moneyline,Keyd Stars,3,SoftBook A,1.57,1,won,0.57,-14.427,,,close,eligible,2026-07-23 22:00
moneyline_flag_band,2026-07-25 11:00,,benched gods vs NEW VISION,moneyline,benched gods,3,SoftBook A,1.44,1,lost,-1.0,-15.427,0.0,SoftBook A,hourly,eligible,2026-07-25 00:12
moneyline_flag_band,2026-07-25 14:10,,Black Phoenix vs Just Players,moneyline,Just Players,3,SoftBook A,1.57,1,won,0.57,-14.857,,,close,no_bet,2026-07-25 00:12
moneyline_flag_band,2026-07-25 14:45,,HOTU vs Astralis,moneyline,Astralis,3,Sharp,1.847,1,won,0.847,-14.01,7.08,Sharp,close,eligible,2026-07-25 00:12
moneyline_flag_band,2026-07-25 17:00,,ex-MANA vs megoshort,moneyline,megoshort,3,SoftBook A,2.75,1,won,1.75,-12.26,-6.22,SoftBook A,hourly,no_bet,2026-07-25 00:12
moneyline_flag_band,2026-07-25 17:00,,ex-RUSTEC vs Rune Eaters,moneyline,Rune Eaters,3,SoftBook A,1.66,1,lost,-1.0,-13.26,,,close,eligible,2026-07-25 00:12
moneyline_flag_band,2026-07-26 08:00,,Fortress vs Inner Circle Academy,moneyline,Fortress,3,SoftBook A,10.0,1,won,9.0,-4.26,-2.63,SoftBook A,hourly,no_bet,2026-07-25 20:46
moneyline_flag_band,2026-07-26 10:00,,Ninjas in Pyjamas vs paiN,moneyline,paiN,3,SoftBook A,2.37,1,won,1.37,-2.89,,,close,eligible,2026-07-25 20:46
moneyline_flag_band,2026-07-26 11:10,,NEW VISION vs ex-MANA,moneyline,ex-MANA,3,SoftBook A,2.0,1,won,1.0,-1.89,0.0,SoftBook A,hourly,eligible,2026-07-25 20:46
moneyline_flag_band,2026-07-26 13:00,,HOTU vs Aurora,moneyline,Aurora,3,SoftBook A,1.4,1,won,0.4,-1.49,,,close,eligible,2026-07-25 20:46
moneyline_flag_band,2026-07-26 15:00,,LP vs ODDIK,moneyline,LP,3,Sharp,1.518,1,lost,-1.0,-2.49,3.78,Sharp,close,eligible,2026-07-25 20:46
moneyline_flag_band,2026-07-26 16:35,,100 Thieves vs Spirit,moneyline,Spirit,3,SoftBook A,1.1,1,won,0.1,-2.39,,,close,eligible,2026-07-25 20:46
moneyline_flag_band,2026-07-26 16:35,,Magic vs Ninjas in Pyjamas,moneyline,Magic,3,SoftBook A,2.0,1,won,1.0,-1.39,0.0,SoftBook A,hourly,eligible,2026-07-25 20:46
moneyline_flag_band,2026-07-26 18:20,,EAC vs Atreides,moneyline,EAC,3,SoftBook A,2.1,1,won,1.1,-0.29,0.0,SoftBook A,hourly,eligible,2026-07-25 20:46
moneyline_flag_band,2026-07-27 14:00,,GenOne vs SPARTA,moneyline,GenOne,3,Sharp,1.671,1,won,0.671,0.381,4.57,Sharp,close,eligible,2026-07-26 22:17
moneyline_flag_band,2026-07-27 17:05,,Bebop vs Falcons Force,moneyline,Falcons Force,3,Sharp,2.51,1,won,1.51,1.891,2.63,Sharp,close,eligible,2026-07-26 22:17
moneyline_flag_band,2026-07-27 18:45,,NAVI Junior vs MOUZ NXT,moneyline,NAVI Junior,1,Sharp,2.4,1,won,1.4,3.291,2.22,Sharp,hourly,eligible,2026-07-26 22:17
moneyline_flag_band,2026-07-28 10:20,,ASTRAL vs NAVI Junior,moneyline,ASTRAL,3,Sharp,1.541,1,won,0.541,3.832,6.67,Sharp,hourly,eligible,2026-07-28 00:25
moneyline_flag_band,2026-07-28 11:00,,Atreides vs ex-RUSTEC,moneyline,ex-RUSTEC,3,SoftBook A,2.5,1,won,1.5,5.332,0.0,SoftBook A,hourly,eligible,2026-07-28 00:25
moneyline_flag_band,2026-07-28 15:00,,MIBR vs Fluxo,moneyline,Fluxo,3,Sharp,3.34,1,lost,-1.0,4.332,-0.42,Sharp,close,eligible,2026-07-28 00:25
moneyline_flag_band,2026-07-28 17:00,,SPARTA vs G2 Ares,moneyline,G2 Ares,3,SoftBook A,2.1,1,lost,-1.0,3.332,0.0,SoftBook A,hourly,eligible,2026-07-28 00:25
moneyline_flag_band,2026-07-28 17:10,,Misa vs Falcons Force,moneyline,Misa,3,SoftBook A,1.8,1,lost,-1.0,2.332,,,close,no_bet,2026-07-28 00:25
moneyline_flag_band,2026-07-29 08:00,,Fortress vs STATE,moneyline,Fortress,3,SoftBook A,11.0,1,lost,-1.0,1.332,3.64,SoftBook A,hourly,no_bet,2026-07-28 23:23
moneyline_flag_band,2026-07-29 14:00,,ex-RUSTEC vs ex-Young Ninjas,moneyline,ex-RUSTEC,3,Sharp,1.694,1,lost,-1.0,0.332,12.19,Sharp,close,eligible,2026-07-28 23:23
moneyline_flag_band,2026-07-29 15:00,,ShindeN vs Galorys,moneyline,ShindeN,3,Sharp,1.725,1,won,0.725,1.057,3.01,Sharp,close,eligible,2026-07-28 23:23
moneyline_flag_band,2026-07-29 17:00,,Just Players vs G2 Ares,moneyline,Just Players,3,SoftBook A,1.9,1,won,0.9,1.957,5.53,SoftBook A,hourly,eligible,2026-07-28 23:23
moneyline_flag_band,2026-07-29 18:10,,MIBR vs LP,moneyline,LP,3,Sharp,3.94,1,lost,-1.0,0.957,-1.94,Sharp,close,eligible,2026-07-28 23:23
moneyline_flag_band,2026-07-29 22:00,,NRG vs Marsborne,moneyline,Marsborne,3,Sharp,4.32,1,lost,-1.0,-0.043,-0.53,Sharp,close,no_bet,2026-07-29 20:58
moneyline_flag_band,2026-07-30 08:10,,SPARTA vs Just Players,moneyline,SPARTA,3,Sharp,1.73,1,lost,-1.0,-1.043,-2.23,Sharp,close,eligible,2026-07-29 20:58
moneyline_flag_band,2026-07-30 11:30,,GenOne vs ex-RUSTEC,moneyline,GenOne,3,Sharp,1.386,1,won,0.386,-0.657,,,hourly,no_bet,2026-07-30 11:08
moneyline_flag_band,2026-07-30 11:35,,KUUSAMO vs BOJONG,moneyline,KUUSAMO,1,Sharp,1.654,1,won,0.654,-0.003,,,hourly,no_bet,2026-07-30 11:08
moneyline_flag_band,2026-07-30 13:00,,Liquid vs Spirit,moneyline,Spirit,3,Sharp,1.244,1,won,0.244,0.241,,,hourly,no_bet,2026-07-30 12:08
moneyline_flag_band,2026-07-30 13:40,,ENCE vs SINQU,moneyline,SINQU,1,Sharp,4.37,1,lost,-1.0,-0.759,-0.21,Sharp,close,no_bet,2026-07-30 12:08
moneyline_flag_band,2026-07-30 14:05,,SPARTA vs NEW VISION,moneyline,SPARTA,3,Sharp,1.229,1,won,0.229,-0.53,-1.34,Sharp,close,eligible,2026-07-30 12:08
moneyline_flag_band,2026-07-30 14:25,,Walczaki vs ex-RUSTEC,moneyline,Walczaki,3,SoftBook A,1.4,1,lost,-1.0,-1.53,,,hourly,no_bet,2026-07-30 14:08
moneyline_flag_band,2026-07-30 16:00,,SINQU vs BOJONG,moneyline,SINQU,1,Sharp,1.935,1,won,0.935,-0.595,5.25,Sharp,hourly,no_bet,2026-07-30 14:08
moneyline_flag_band,2026-07-30 17:00,,Just Players vs Inner Circle Academy,moneyline,Inner Circle Academy,3,Sharp,2.45,1,lost,-1.0,-1.595,0.0,Sharp,close,eligible,2026-07-30 16:07
moneyline_flag_band,2026-07-30 17:00,,Walczaki vs Bebop,moneyline,Walczaki,3,SoftBook A,1.36,1,won,0.36,-1.235,,,hourly,no_bet,2026-07-30 16:07
moneyline_flag_band,2026-07-30 17:25,,ENCE vs KUUSAMO,moneyline,KUUSAMO,1,Sharp,3.51,1,lost,-1.0,-2.235,0.63,Sharp,close,no_bet,2026-07-30 17:07
moneyline_flag_band,2026-07-30 21:40,,Galorys vs BESTIA,moneyline,Galorys,3,Sharp,2.72,1,lost,-1.0,-3.235,0.45,Sharp,hourly,no_bet,2026-07-30 18:07
moneyline_flag_band,2026-07-30 22:00,,SportsBetExpert vs Voca,moneyline,SportsBetExpert,3,SoftBook A,4.33,1,lost,-1.0,-4.235,0.0,SoftBook A,hourly,no_bet,2026-07-30 18:07
moneyline_flag_band,2026-07-31 08:00,,INFINITE vs SPARTA,moneyline,INFINITE,3,SoftBook A,1.57,1,lost,-1.0,-5.235,0.0,SoftBook A,hourly,eligible,2026-07-31 03:07
moneyline_flag_band,2026-07-31 11:00,,SINNERS vs Rune Eaters,moneyline,Rune Eaters,3,Sharp,3.05,1,lost,-1.0,-6.235,-1.99,Sharp,close,eligible,2026-07-31 10:07
moneyline_flag_band,2026-07-31 13:00,,HOTU vs G2 Ares,moneyline,HOTU,3,SoftBook A,1.16,1,lost,-1.0,-7.235,,,hourly,eligible,2026-07-31 12:10
moneyline_flag_band,2026-07-31 16:10,,paiN vs Astralis,moneyline,paiN,3,Sharp,2.34,1,lost,-1.0,-8.235,0.9,Sharp,close,eligible,2026-07-31 14:08
moneyline_flag_band,2026-07-31 16:35,,HAVU vs Rounds,moneyline,Rounds,1,Sharp,3.6,1,lost,-1.0,-9.235,-1.65,Sharp,close,no_bet,2026-07-31 14:08
moneyline_flag_band,2026-07-31 17:10,,GenOne vs Enjoy,moneyline,GenOne,3,Sharp,1.27,1,won,0.27,-8.965,0.99,Sharp,close,eligible,2026-07-31 14:08
moneyline_flag_band,2026-07-31 18:00,,Imperial vs Fluxo,moneyline,Fluxo,3,Sharp,2.41,1,won,1.41,-7.555,-0.42,Sharp,close,eligible,2026-07-31 14:08
moneyline_flag_band,2026-07-31 21:25,,LP vs BESTIA,moneyline,LP,3,Sharp,2.39,1,lost,-1.0,-8.555,-3.65,Sharp,hourly,eligible,2026-07-31 14:08
moneyline_flag_band,2026-07-31 22:00,,SportsBetExpert vs LAG,moneyline,SportsBetExpert,3,SoftBook A,1.61,1,won,0.61,-7.945,7.31,SoftBook A,hourly,eligible,2026-07-31 14:08
moneyline_flag_band,2026-08-01 00:45,,Marsborne vs regain,moneyline,regain,3,Sharp,3.83,1,lost,-1.0,-8.945,-1.0,Sharp,hourly,eligible,2026-07-31 22:11
moneyline_flag_band,2026-08-01 08:00,,Walczaki vs Lazer Cats,moneyline,Walczaki,3,SoftBook A,1.36,1,lost,-1.0,-9.945,0.0,SoftBook A,hourly,no_bet,2026-08-01 03:06
moneyline_flag_band,2026-08-01 10:30,,Spirit vs FaZe,moneyline,FaZe,3,Sharp,4.75,1,lost,-1.0,-10.945,-0.35,Sharp,close,eligible,2026-08-01 10:08
moneyline_flag_band,2026-08-01 11:15,,INOX Division vs SINNERS,moneyline,INOX Division,3,SoftBook A,2.25,1,lost,-1.0,-11.945,,,hourly,eligible,2026-08-01 10:08
moneyline_flag_band,2026-08-01 14:10,,Astralis vs MOUZ,moneyline,MOUZ,3,Sharp,1.442,1,won,0.442,-11.503,0.0,Sharp,close,eligible,2026-08-01 14:08
moneyline_flag_band,2026-08-01 14:30,,Sashi vs Just Players,moneyline,Sashi,3,SoftBook A,1.61,1,won,0.61,-10.893,,,hourly,no_bet,2026-08-01 14:08
moneyline_flag_band,2026-08-01 18:00,,MIBR vs ShindeN,moneyline,MIBR,3,Sharp,1.333,1,won,0.333,-10.56,0.59,Sharp,close,eligible,2026-08-01 14:08
moneyline_flag_band,2026-08-01 18:05,,Black Phoenix vs Just Players,moneyline,Just Players,3,Sharp,1.498,1,lost,-1.0,-11.56,-2.19,Sharp,hourly,eligible,2026-08-01 14:08
moneyline_flag_band,2026-08-01 20:30,,Fluxo vs BESTIA,moneyline,BESTIA,3,Sharp,1.787,1,won,0.787,-10.773,0.0,Sharp,close,eligible,2026-08-01 18:07
moneyline_flag_band,2026-08-02 10:00,,Sashi vs Black Phoenix,moneyline,Sashi,3,SoftBook A,1.4,1,won,0.4,-10.373,0.0,SoftBook A,close,no_bet,2026-08-02 08:07
moneyline_flag_band,2026-08-02 13:00,,SINNERS vs SPARTA,moneyline,SPARTA,3,Sharp,2.63,1,lost,-1.0,-11.373,0.29,Sharp,close,eligible,2026-08-02 11:09
moneyline_flag_band,2026-08-02 13:00,,BASEMENT BOYS vs Fire Flux,moneyline,BASEMENT BOYS,3,SoftBook A,1.57,1,lost,-1.0,-12.373,0.0,SoftBook A,hourly,eligible,2026-08-02 11:09
moneyline_flag_band,2026-08-02 13:00,,Leo vs Vexar,moneyline,Vexar,3,SoftBook A,2.37,1,lost,-1.0,-13.373,0.0,SoftBook A,hourly,no_bet,2026-08-02 11:09
moneyline_flag_band,2026-08-02 18:00,,ShindeN vs BESTIA,moneyline,ShindeN,3,Sharp,2.22,1,lost,-1.0,-14.373,-1.98,Sharp,close,eligible,2026-08-02 11:09
moneyline_flag_band,2026-08-02 22:15,,NRG vs SportsBetExpert,moneyline,NRG,3,SoftBook A,1.25,1,won,0.25,-14.123,0.0,SoftBook A,hourly,no_bet,2026-08-02 11:09
moneyline_flag_band,2026-08-03 00:40,,NRG vs Voca,moneyline,NRG,3,Sharp,1.465,1,won,0.465,-13.658,0.0,Sharp,close,no_bet,2026-08-01 18:07
moneyline_flag_band,2026-08-03 10:10,,Mindfreak vs FURY,moneyline,Mindfreak,3,SoftBook A,1.61,1,lost,-1.0,-14.658,0.0,SoftBook A,close,no_bet,2026-08-03 08:07
moneyline_flag_band,2026-08-03 13:00,,MOUZ NXT vs Misa,moneyline,MOUZ NXT,3,Sharp,2.42,1,won,1.42,-13.238,-2.51,Sharp,close,eligible,2026-08-03 11:07
moneyline_flag_band,2026-08-03 14:00,,SPARTA vs ex-Young Ninjas,moneyline,SPARTA,3,Sharp,1.45,1,won,0.45,-12.788,2.62,Sharp,close,eligible,2026-08-03 11:07
moneyline_flag_band,2026-08-03 17:00,,GenOne vs UNiTY,moneyline,GenOne,3,SoftBook A,1.3,1,won,0.3,-12.488,-6.22,SoftBook A,hourly,eligible,2026-08-03 14:05
moneyline_flag_band,2026-08-04 08:00,,Nuclear TigeRES vs Just Players,moneyline,Nuclear TigeRES,3,Sharp,1.276,1,won,0.276,-12.212,-3.19,Sharp,close,eligible,2026-08-04 00:07
moneyline_flag_band,2026-08-04 10:00,,Rooster vs FURY,moneyline,FURY,3,SoftBook A,4.0,1,lost,-1.0,-13.212,-7.07,SoftBook A,close,no_bet,2026-08-04 00:07
moneyline_flag_band,2026-08-04 14:00,,Yawara vs GUARA,moneyline,Yawara,3,Sharp,1.139,1,void,0.0,,,,hourly,no_bet,2026-08-04 13:06
moneyline_flag_band,2026-08-04 14:00,,Liquid vs 9INE,moneyline,Liquid,3,Sharp,1.364,1,won,0.364,-12.848,0.22,Sharp,close,eligible,2026-08-04 13:06
moneyline_flag_band,2026-08-05 10:00,,Ground Zero vs Time Waves,moneyline,Time Waves,3,SoftBook A,11.0,1,lost,-1.0,-13.848,0.0,SoftBook A,close,no_bet,2026-08-05 08:09
moneyline_flag_band,2026-08-05 10:00,,Arcade vs Abyssal,moneyline,Arcade,3,SoftBook A,2.1,1,lost,-1.0,-14.848,-13.79,SoftBook A,close,eligible,2026-08-05 08:09
moneyline_flag_band,2026-08-05 13:00,,Liquid vs fnatic,moneyline,Liquid,3,Sharp,1.498,1,won,0.498,-14.35,4.27,Sharp,close,eligible,2026-08-05 11:09
moneyline_flag_band,2026-08-05 14:00,,Nordic Partners vs GenOne,moneyline,GenOne,3,Sharp,1.369,1,won,0.369,-13.981,-0.72,Sharp,close,eligible,2026-08-05 13:06
moneyline_flag_band,2026-08-06 08:00,,Lavked vs Black Phoenix,moneyline,Black Phoenix,3,Sharp,1.617,1,won,0.617,-13.364,5.09,Sharp,close,no_bet,2026-08-06 00:06
moneyline_flag_band,2026-08-06 17:00,,Yawara vs Isurus,moneyline,Isurus,3,Sharp,1.73,1,lost,-1.0,-14.364,1.14,Sharp,close,eligible,2026-08-06 16:06
moneyline_flag_band,2026-08-06 20:05,,METANOIA Wolves vs Procyon,moneyline,Procyon,3,Sharp,1.649,1,lost,-1.0,-15.364,,,hourly,no_bet,2026-08-06 16:06
moneyline_flag_band,2026-08-07 11:00,,Walczaki vs Black Phoenix,moneyline,Black Phoenix,3,SoftBook A,2.62,1,won,1.62,-13.744,4.06,SoftBook A,close,no_bet,2026-08-07 05:09
moneyline_flag_band,2026-08-07 16:00,,Prestige vs Metizport,moneyline,Metizport,3,Sharp,1.19,1,won,0.19,-13.554,0.0,Sharp,close,no_bet,2026-08-07 15:10
moneyline_flag_band,2026-08-07 17:05,,GenOne vs CYBERSHOKE,moneyline,GenOne,3,Sharp,1.901,1,lost,-1.0,-14.554,-2.09,Sharp,close,eligible,2026-08-07 15:10
moneyline_flag_band,2026-08-07 20:05,,BESTIA vs Yawara,moneyline,BESTIA,3,Sharp,1.22,1,lost,-1.0,-15.554,-1.56,Sharp,close,eligible,2026-08-07 17:07
moneyline_flag_band,2026-08-07 23:05,,Imperial vs Galorys,moneyline,Galorys,3,Sharp,3.05,1,lost,-1.0,-16.554,-1.43,Sharp,hourly,eligible,2026-08-07 17:07
moneyline_flag_band,2026-08-08 11:00,,eSuba vs BRUTE,moneyline,eSuba,3,Sharp,6.3,1,lost,-1.0,-17.554,0.0,Sharp,hourly,no_bet,2026-08-07 23:50
moneyline_flag_band,2026-08-08 14:00,,Procyon vs ODDIK Academy,moneyline,Procyon,3,Sharp,1.813,1,won,0.813,-16.741,3.54,Sharp,hourly,eligible,2026-08-07 23:50
moneyline_flag_band,2026-08-08 20:05,,ALKA vs paiN Academy,moneyline,paiN Academy,3,Sharp,2.84,1,lost,-1.0,-17.741,0.52,Sharp,hourly,eligible,2026-08-07 23:50
moneyline_flag_band,2026-08-09 09:00,,HEROIC vs ASTRAL,moneyline,ASTRAL,3,Sharp,5.66,1,lost,-1.0,-18.741,2.53,Sharp,close,eligible,2026-08-09 03:09
moneyline_flag_band,2026-08-09 09:00,,BC.Game vs OG,moneyline,OG,3,Sharp,2.81,1,lost,-1.0,-19.741,-5.17,Sharp,close,eligible,2026-08-09 03:09
moneyline_flag_band,2026-08-09 09:00,,Eternal Fire vs BIG,moneyline,BIG,3,Sharp,1.397,1,won,0.397,-19.344,3.86,Sharp,close,eligible,2026-08-09 03:09
moneyline_flag_band,2026-08-09 09:00,,INFINITE vs 100 Thieves,moneyline,INFINITE,3,SoftBook A,3.75,1,lost,-1.0,-20.344,-1.82,SoftBook A,close,eligible,2026-08-09 03:09
moneyline_flag_band,2026-08-09 09:00,,Virtus.pro vs Sashi,moneyline,Virtus.pro,3,SoftBook A,1.8,1,lost,-1.0,-21.344,0.0,SoftBook A,close,eligible,2026-08-09 03:09
moneyline_flag_band,2026-08-09 17:00,,Grêmio vs Procyon,moneyline,Grêmio,3,Sharp,2.07,1,won,1.07,-20.274,0.2,Sharp,close,eligible,2026-08-09 10:07
moneyline_flag_band,2026-08-09 23:15,,Galorys vs Keyd Stars,moneyline,Keyd Stars,3,Sharp,2.08,1,lost,-1.0,-21.274,5.69,Sharp,close,eligible,2026-08-09 21:34
moneyline_flag_band,2026-08-10 10:00,,Ground Zero vs Mindfreak,moneyline,Mindfreak,3,SoftBook A,4.0,1,lost,-1.0,-22.274,-7.07,SoftBook A,close,no_bet,2026-08-10 02:07
moneyline_flag_band,2026-08-10 20:00,,paiN Academy vs Keyd Stars,moneyline,Keyd Stars,3,Sharp,1.239,1,won,0.239,-22.035,-1.33,Sharp,close,eligible,2026-08-10 12:07
moneyline_flag_band,2026-08-11 10:00,,Abyssal vs Ground Zero,moneyline,Abyssal,3,SoftBook A,4.33,1,won,3.33,-18.705,0.0,SoftBook A,close,eligible,2026-08-10 20:58
moneyline_flag_band,2026-08-11 10:00,,Rooster vs Mindfreak,moneyline,Mindfreak,3,SoftBook A,2.25,1,won,1.25,-17.455,-10.47,SoftBook A,close,eligible,2026-08-10 20:58
moneyline_flag_band,2026-08-12 09:00,,BIG vs Aurora,moneyline,Aurora,1,Sharp,1.575,1,lost,-1.0,-18.455,-1.45,Sharp,close,eligible,2026-08-12 02:08
moneyline_flag_band,2026-08-12 09:00,,Luminosity vs GamerLegion,moneyline,GamerLegion,1,Sharp,2.0,1,won,1.0,-17.455,-0.68,Sharp,close,no_bet,2026-08-12 02:08
moneyline_flag_band,2026-08-12 10:20,,FUT vs TYLOO,moneyline,TYLOO,1,SoftBook A,2.37,1,lost,-1.0,-18.455,0.0,SoftBook A,close,no_bet,2026-08-12 02:08
moneyline_flag_band,2026-08-12 10:35,,Spirit vs JiJieHao,moneyline,JiJieHao,1,SoftBook A,8.0,1,won,7.0,-11.455,0.81,SoftBook A,close,no_bet,2026-08-12 02:08
moneyline_flag_band,2026-08-12 15:10,,BetBoom vs FaZe,moneyline,BetBoom,1,Sharp,2.02,1,lost,-1.0,-12.455,,,close,eligible,2026-08-12 15:08
moneyline_flag_band,2026-08-12 16:25,,MIBR vs Astralis,moneyline,MIBR,1,Sharp,2.11,1,lost,-1.0,-13.455,-1.75,Sharp,close,eligible,2026-08-12 15:08
moneyline_flag_band,2026-08-12 16:45,,Natus Vincere vs 3DMAX,moneyline,Natus Vincere,1,Sharp,1.251,1,won,0.251,-13.204,-1.76,Sharp,close,eligible,2026-08-12 15:08
moneyline_flag_band,2026-08-12 18:20,,Vitality vs 100 Thieves,moneyline,Vitality,1,Sharp,1.303,1,won,0.303,-12.901,0.0,Sharp,close,eligible,2026-08-12 18:07
moneyline_flag_band,2026-08-12 19:50,,9z vs paiN,moneyline,9z,1,Sharp,1.515,1,won,0.515,-12.386,0.63,Sharp,close,eligible,2026-08-12 18:07
moneyline_flag_band,2026-08-13 08:00,,ex-MANA vs SAW Youngsters,moneyline,SAW Youngsters,3,SoftBook A,1.72,1,lost,-1.0,-13.386,0.0,SoftBook A,close,eligible,2026-08-13 01:08
moneyline_flag_band,2026-08-13 13:15,,G2 vs BIG,moneyline,BIG,3,Sharp,2.74,1,lost,-1.0,-14.386,,,hourly,eligible,2026-08-13 13:09
moneyline_flag_band,2026-08-13 16:40,,Falcons vs Astralis,moneyline,Falcons,3,Sharp,1.224,1,won,0.224,-14.162,0.12,Sharp,hourly,eligible,2026-08-13 14:09
moneyline_flag_band,2026-08-13 16:50,,FaZe vs Legacy,moneyline,Legacy,3,Sharp,1.935,1,lost,-1.0,-15.162,-1.91,Sharp,close,no_bet,2026-08-13 14:09
moneyline_flag_band,2026-08-13 20:00,,Yawara vs Keyd Stars,moneyline,Yawara,3,Sharp,2.01,1,lost,-1.0,-16.162,-0.43,Sharp,close,eligible,2026-08-13 17:09
moneyline_flag_band,2026-08-13 23:15,,Imperial vs Isurus,moneyline,Isurus,3,Sharp,4.04,1,lost,-1.0,-17.162,-0.1,Sharp,hourly,eligible,2026-08-13 21:46
moneyline_flag_band,2026-08-14 00:20,,Pugdesonesto vs ALKA,moneyline,ALKA,3,Sharp,1.163,1,won,0.163,-16.999,,,hourly,no_bet,2026-08-14 00:10
moneyline_flag_band,2026-08-14 08:00,,Enjoy vs Misa,moneyline,Enjoy,3,Sharp,1.595,1,won,0.595,-16.404,0.0,Sharp,close,eligible,2026-08-14 03:08
moneyline_flag_band,2026-08-14 11:00,,TYLOO vs Lynn Vision,moneyline,TYLOO,3,SoftBook A,1.5,1,lost,-1.0,-17.404,0.0,SoftBook A,close,eligible,2026-08-14 03:08
moneyline_flag_band,2026-08-14 11:00,,BetBoom vs Ninjas in Pyjamas,moneyline,BetBoom,3,Sharp,1.495,1,lost,-1.0,-18.404,-1.02,Sharp,close,eligible,2026-08-14 03:08
moneyline_flag_band,2026-08-14 13:00,,BAKS vs Fire Flux,moneyline,Fire Flux,3,Sharp,2.72,1,lost,-1.0,-19.404,-0.01,Sharp,close,eligible,2026-08-14 11:11
moneyline_flag_band,2026-08-14 13:30,,Vitality vs B8,moneyline,B8,3,Sharp,6.88,1,won,5.88,-13.524,-0.76,Sharp,close,no_bet,2026-08-14 11:11
moneyline_flag_band,2026-08-14 17:00,,Just Players vs ENCE,moneyline,ENCE,3,Sharp,2.49,1,won,1.49,-12.034,0.0,Sharp,close,no_bet,2026-08-14 16:10
moneyline_flag_band,2026-08-14 17:15,,K27 vs MIBR,moneyline,MIBR,3,SoftBook A,1.66,1,won,0.66,-11.374,,,hourly,eligible,2026-08-14 17:09
moneyline_flag_band,2026-08-14 17:15,,100 Thieves vs PARIVISION,moneyline,PARIVISION,3,Sharp,1.714,1,won,0.714,-10.66,0.0,Sharp,close,no_bet,2026-08-14 17:09
moneyline_flag_band,2026-08-14 20:05,,Galorys vs BORRACHEIROS,moneyline,BORRACHEIROS,3,Sharp,4.21,1,lost,-1.0,-11.66,-1.59,Sharp,close,eligible,2026-08-14 17:09
moneyline_flag_band,2026-08-15 11:00,,paiN vs Wildcard,moneyline,paiN,3,Sharp,1.617,1,won,0.617,-11.043,-2.71,Sharp,close,eligible,2026-08-15 08:08
moneyline_flag_band,2026-08-15 13:00,,Fire Flux vs OG,moneyline,Fire Flux,3,Sharp,3.95,1,lost,-1.0,-12.043,2.12,Sharp,close,eligible,2026-08-15 11:08
moneyline_flag_band,2026-08-15 13:45,,ex-Sashi Academy vs SAW Youngsters,moneyline,SAW Youngsters,3,Sharp,1.541,1,won,0.541,-11.502,-0.68,Sharp,close,no_bet,2026-08-15 11:08
moneyline_flag_band,2026-08-15 14:20,,9z vs FURIA,moneyline,9z,3,Sharp,2.69,1,lost,-1.0,-12.502,1.63,Sharp,close,eligible,2026-08-15 14:08
moneyline_flag_band,2026-08-15 14:25,,3DMAX vs Magic,moneyline,Magic,3,SoftBook A,1.72,1,won,0.72,-11.782,0.0,SoftBook A,close,eligible,2026-08-15 14:08
moneyline_flag_band,2026-08-15 16:50,,JiJieHao vs Aurora,moneyline,JiJieHao,3,SoftBook A,6.5,1,lost,-1.0,-12.782,0.0,SoftBook A,close,no_bet,2026-08-15 14:08
moneyline_flag_band,2026-08-15 17:00,,Keyd Stars vs Galorys,moneyline,Keyd Stars,3,Sharp,2.35,1,won,1.35,-11.432,0.37,Sharp,close,eligible,2026-08-15 14:08
moneyline_flag_band,2026-08-15 18:10,,BIG vs Spirit,moneyline,BIG,3,Sharp,5.43,1,lost,-1.0,-12.432,1.2,Sharp,close,eligible,2026-08-15 14:08
moneyline_flag_band,2026-08-15 20:15,,Imperial vs BESTIA,moneyline,BESTIA,3,Sharp,2.25,1,lost,-1.0,-13.432,-1.4,Sharp,close,eligible,2026-08-15 14:08
moneyline_flag_band,2026-08-15 21:00,,paiN Academy vs ALKA,moneyline,paiN Academy,3,Sharp,3.23,1,lost,-1.0,-14.432,0.32,Sharp,hourly,no_bet,2026-08-15 14:08
moneyline_flag_band,2026-08-15 23:45,,QUINTESSÊNCIA vs METANOIA Wolves,moneyline,METANOIA Wolves,3,Sharp,2.16,1,lost,-1.0,-15.432,-0.64,Sharp,close,eligible,2026-08-15 21:08
moneyline_flag_band,2026-08-16 11:00,,Vitality vs Lynn Vision,moneyline,Lynn Vision,3,Sharp,9.3,1,lost,-1.0,-16.432,-0.19,Sharp,close,no_bet,2026-08-16 02:08
moneyline_flag_band,2026-08-16 11:00,,BERG vs HAVU,moneyline,BERG,3,Sharp,2.15,1,lost,-1.0,-17.432,0.27,Sharp,close,no_bet,2026-08-16 02:08
moneyline_flag_band,2026-08-16 11:10,,ex-RUSTEC vs Inner Circle Academy,moneyline,Inner Circle Academy,3,Sharp,2.66,1,won,1.66,-15.772,1.58,Sharp,close,eligible,2026-08-16 02:08
moneyline_flag_band,2026-08-16 13:15,,MOUZ vs PARIVISION,moneyline,MOUZ,3,Sharp,1.467,1,won,0.467,-15.305,-0.78,Sharp,close,no_bet,2026-08-16 02:08
moneyline_flag_band,2026-08-16 13:25,,9z vs Magic,moneyline,9z,3,SoftBook A,1.44,1,lost,-1.0,-16.305,27.91,SoftBook A,close,eligible,2026-08-16 02:08
moneyline_flag_band,2026-08-16 17:00,,Inner Circle Academy vs ex-Sashi Academy,moneyline,Inner Circle Academy,3,SoftBook A,1.5,1,void,0.0,,-22.96,SoftBook A,close,no_bet,2026-08-16 02:08
moneyline_flag_band,2026-08-16 17:45,,Legacy vs MIBR,moneyline,Legacy,3,Sharp,1.606,1,won,0.606,-15.699,1.75,Sharp,close,eligible,2026-08-16 02:08
moneyline_flag_band,2026-08-16 21:00,,paiN Academy vs QUINTESSÊNCIA,moneyline,paiN Academy,3,Sharp,1.714,1,lost,-1.0,-16.699,4.15,Sharp,close,no_bet,2026-08-16 20:07
moneyline_flag_band,2026-08-17 12:25,,Noir Verse vs ex-RUSTEC,moneyline,ex-RUSTEC,3,SoftBook A,1.83,1,won,0.83,-15.869,0.0,SoftBook A,hourly,no_bet,2026-08-17 11:09
moneyline_flag_band,2026-08-17 13:45,,LPH vs SAW Youngsters,moneyline,LPH,3,Sharp,1.943,1,won,0.943,-14.926,-0.76,Sharp,close,no_bet,2026-08-17 13:08
moneyline_flag_band,2026-08-17 15:25,,Bushido Wildcats vs Inner Circle Academy,moneyline,Bushido Wildcats,3,Sharp,1.402,1,won,0.402,-14.524,-1.7,Sharp,hourly,eligible,2026-08-17 14:08
moneyline_flag_band,2026-08-17 18:00,,Enjoy vs HAVU,moneyline,HAVU,3,Sharp,2.2,1,won,1.2,-13.324,-0.67,Sharp,hourly,eligible,2026-08-17 14:08
moneyline_flag_band,2026-08-18 08:00,,PCIFIC vs Just Players,moneyline,PCIFIC,3,Sharp,2.5,1,lost,-1.0,-14.324,-7.95,Sharp,close,no_bet,2026-08-17 22:08
moneyline_flag_band,2026-08-18 11:00,,ex-Zero Tenacity vs ex-RUSTEC,moneyline,ex-RUSTEC,3,Sharp,1.833,1,lost,-1.0,-15.324,-2.93,Sharp,close,eligible,2026-08-18 08:09
moneyline_flag_band,2026-08-18 13:00,,SPARTA vs MOUZ NXT,moneyline,SPARTA,3,Sharp,1.274,1,won,0.274,-15.05,1.59,Sharp,close,eligible,2026-08-18 11:09
moneyline_flag_band,2026-08-18 13:00,,Metizport vs DONSTU,moneyline,Metizport,3,Sharp,1.142,1,won,0.142,-14.908,0.0,Sharp,close,eligible,2026-08-18 11:09
moneyline_flag_band,2026-08-18 13:45,,Noir Verse vs mellren,moneyline,mellren,3,SoftBook A,2.0,1,won,1.0,-13.908,,,hourly,no_bet,2026-08-18 11:09
moneyline_flag_band,2026-08-18 14:00,,Leo vs ex-RUSTEC,moneyline,Leo,3,SoftBook A,2.0,1,lost,-1.0,-14.908,0.0,SoftBook A,hourly,no_bet,2026-08-18 11:09
moneyline_flag_band,2026-08-18 17:00,,DONSTU vs MOUZ NXT,moneyline,MOUZ NXT,3,Sharp,1.559,1,won,0.559,-14.349,0.0,Sharp,close,no_bet,2026-08-18 16:09
moneyline_flag_band,2026-08-18 17:00,,Metizport vs SPARTA,moneyline,SPARTA,3,Sharp,2.37,1,lost,-1.0,-15.349,0.0,Sharp,close,no_bet,2026-08-18 16:09
moneyline_flag_band,2026-08-18 17:15,,Lavked vs HAVU,moneyline,HAVU,3,Sharp,2.49,1,won,1.49,-13.859,0.0,Sharp,close,eligible,2026-08-18 17:09
moneyline_flag_band,2026-08-19 08:00,,GenOne vs UNiTY,moneyline,GenOne,3,SoftBook A,1.44,1,won,0.44,-13.419,1.89,SoftBook A,hourly,eligible,2026-08-18 21:35
moneyline_flag_band,2026-08-19 11:00,,SAW Youngsters vs ex-MANA,moneyline,SAW Youngsters,3,SoftBook A,2.2,1,won,1.2,-12.219,0.0,SoftBook A,close,eligible,2026-08-18 21:35
moneyline_flag_band,2026-08-19 11:00,,Misa vs ex-Sashi Academy,moneyline,Misa,3,SoftBook A,1.5,1,lost,-1.0,-13.219,18.66,SoftBook A,close,no_bet,2026-08-18 21:35
moneyline_flag_band,2026-08-19 13:49,,The Last Resort vs Misa,moneyline,The Last Resort,3,SoftBook A,2.0,1,void,0.0,,0.0,SoftBook A,close,no_bet,2026-08-19 11:09
moneyline_flag_band,2026-08-19 14:00,,Black Phoenix vs Bushido Wildcats,moneyline,Bushido Wildcats,3,Sharp,2.13,1,lost,-1.0,-14.219,0.78,Sharp,close,eligible,2026-08-19 11:09
moneyline_flag_band,2026-08-19 14:20,,FUT vs Magic,moneyline,Magic,3,Sharp,2.66,1,lost,-1.0,-15.219,0.0,Sharp,close,eligible,2026-08-19 14:08
moneyline_flag_band,2026-08-19 17:55,,GamerLegion vs MOUZ,moneyline,MOUZ,3,Sharp,1.248,1,won,0.248,-14.971,-0.25,Sharp,close,eligible,2026-08-19 17:08
moneyline_flag_band,2026-08-20 08:00,,G2 Ares vs Bebop,moneyline,G2 Ares,3,SoftBook A,1.44,1,won,0.44,-14.531,0.0,SoftBook A,close,no_bet,2026-08-19 21:39
moneyline_flag_band,2026-08-20 11:00,,ex-Sashi Academy vs Noir Verse,moneyline,Noir Verse,3,SoftBook A,1.4,1,won,0.4,-14.131,4.68,SoftBook A,close,no_bet,2026-08-20 08:10
moneyline_flag_band,2026-08-20 11:00,,Falcons vs The MongolZ,moneyline,Falcons,3,Sharp,1.257,1,won,0.257,-13.874,3.23,Sharp,close,eligible,2026-08-20 08:10
moneyline_flag_band,2026-08-20 13:00,,SPARTA vs OG,moneyline,SPARTA,3,Sharp,2.17,1,lost,-1.0,-14.874,-1.52,Sharp,close,eligible,2026-08-20 11:10
moneyline_flag_band,2026-08-20 13:35,,FaZe vs Vitality,moneyline,FaZe,3,Sharp,4.06,1,lost,-1.0,-15.874,-0.43,Sharp,close,eligible,2026-08-20 11:10
moneyline_flag_band,2026-08-20 13:45,,mellren vs Bushido Wildcats,moneyline,mellren,3,Sharp,3.06,1,won,2.06,-13.814,0.53,Sharp,close,eligible,2026-08-20 11:10
moneyline_flag_band,2026-08-20 16:20,,G2 vs FURIA,moneyline,FURIA,3,Sharp,1.69,1,won,0.69,-13.124,-0.37,Sharp,close,eligible,2026-08-20 16:10
moneyline_flag_band,2026-08-20 17:00,,Leo vs Bushido Wildcats,moneyline,Bushido Wildcats,3,SoftBook A,1.44,1,lost,-1.0,-14.124,0.0,SoftBook A,close,eligible,2026-08-20 16:10
moneyline_flag_band,2026-08-21 08:00,,Black Phoenix vs ex-RUSTEC,moneyline,Black Phoenix,3,SoftBook A,1.66,1,lost,-1.0,-15.124,,,close,no_bet,2026-08-20 21:35
moneyline_flag_band,2026-08-21 11:00,,FUT vs MOUZ,moneyline,MOUZ,3,Sharp,1.606,1,lost,-1.0,-16.124,1.68,Sharp,close,eligible,2026-08-21 08:11
moneyline_flag_band,2026-08-21 13:50,,Legacy vs Falcons,moneyline,Falcons,3,Sharp,1.311,1,lost,-1.0,-17.124,0.77,Sharp,close,eligible,2026-08-21 11:08
moneyline_flag_band,2026-08-21 16:30,,Vitality vs Spirit,moneyline,Spirit,3,Sharp,2.23,1,won,1.23,-15.894,-0.36,Sharp,close,eligible,2026-08-21 16:08
moneyline_flag_band,2026-08-22 11:00,,WBT vs mellren,moneyline,mellren,3,Sharp,2.34,1,won,1.34,-14.554,2.86,Sharp,close,eligible,2026-08-22 08:08
moneyline_flag_band,2026-08-22 11:00,,Lavked vs Bushido Wildcats,moneyline,Bushido Wildcats,3,Sharp,1.662,1,won,0.662,-13.892,3.31,Sharp,close,eligible,2026-08-22 08:08
moneyline_flag_band,2026-08-22 13:45,,Bushido Wildcats vs Noir Verse,moneyline,Noir Verse,3,SoftBook A,3.0,1,won,2.0,-11.892,4.46,SoftBook A,hourly,no_bet,2026-08-22 11:08
moneyline_flag_band,2026-08-22 14:00,,FURIA vs FUT,moneyline,FURIA,3,Sharp,1.541,1,lost,-1.0,-12.892,-0.47,Sharp,close,eligible,2026-08-22 11:08
moneyline_flag_band,2026-08-22 14:00,,Leo vs HAVU,moneyline,HAVU,3,SoftBook A,2.1,1,lost,-1.0,-13.892,6.31,SoftBook A,close,eligible,2026-08-22 11:08
moneyline_flag_band,2026-08-22 17:30,,Black Phoenix vs UNiTY,moneyline,UNiTY,3,SoftBook A,2.0,1,won,1.0,-12.892,0.0,SoftBook A,close,eligible,2026-08-22 17:08
moneyline_flag_band,2026-08-22 18:00,,Legacy vs Spirit,moneyline,Legacy,3,Sharp,3.48,1,lost,-1.0,-13.892,0.66,Sharp,close,eligible,2026-08-22 17:08
moneyline_flag_band,2026-08-23 08:00,,G2 Ares vs HyperSpirit,moneyline,HyperSpirit,3,SoftBook A,2.1,1,lost,-1.0,-14.892,0.0,SoftBook A,hourly,no_bet,2026-08-22 21:18
moneyline_flag_band,2026-08-23 08:00,,FURIA vs Legacy,moneyline,Legacy,3,Sharp,2.42,1,won,1.42,-13.472,-3.2,Sharp,hourly,eligible,2026-08-22 21:18
moneyline_flag_band,2026-08-23 11:00,,WBT vs Noir Verse,moneyline,Noir Verse,3,SoftBook A,2.25,1,lost,-1.0,-14.472,0.0,SoftBook A,close,eligible,2026-08-23 09:13
moneyline_flag_band,2026-08-23 12:15,,FUT vs Spirit,moneyline,FUT,5,Sharp,3.68,1,lost,-1.0,-15.472,-0.6,Sharp,close,eligible,2026-08-23 11:09
moneyline_flag_band,2026-08-24 16:00,,Nuclear TigeRES vs Spirit Academy,moneyline,Nuclear TigeRES,1,Sharp,1.291,1,won,0.291,-15.181,-4.32,Sharp,close,eligible,2026-08-24 14:10
moneyline_flag_band,2026-08-24 16:00,,BAKS vs Color,moneyline,BAKS,1,Sharp,2.05,1,lost,-1.0,-16.181,0.0,Sharp,close,no_bet,2026-08-24 14:10
moneyline_flag_band,2026-08-24 17:00,,Black Phoenix vs HAVU,moneyline,HAVU,3,Sharp,2.48,1,lost,-1.0,-17.181,-0.29,Sharp,close,eligible,2026-08-24 14:10
moneyline_flag_band,2026-08-25 11:00,,Leo vs UNiTY,moneyline,Leo,3,SoftBook A,2.25,1,won,1.25,-15.931,0.0,SoftBook A,close,eligible,2026-08-25 09:12
moneyline_flag_band,2026-08-25 21:00,,BORRACHEIROS vs Galorys,moneyline,BORRACHEIROS,3,Sharp,4.67,1,lost,-1.0,-16.931,-0.21,Sharp,close,no_bet,2026-08-25 20:14
moneyline_flag_band,2026-08-25 21:00,,Yawara vs Keyd Stars,moneyline,Yawara,3,Sharp,2.38,1,lost,-1.0,-17.931,0.0,Sharp,close,no_bet,2026-08-25 20:14
moneyline_flag_band,2026-08-25 21:00,,Isurus vs ODDIK,moneyline,Isurus,3,Sharp,1.98,1,lost,-1.0,-18.931,2.8,Sharp,close,no_bet,2026-08-25 20:14
moneyline_flag_band,2026-08-25 21:00,,Bounty Hunters vs MEIA NOITE,moneyline,MEIA NOITE,3,Sharp,4.21,1,lost,-1.0,-19.931,2.22,Sharp,close,no_bet,2026-08-25 20:14
moneyline_flag_band,2026-08-25 21:00,,ShindeN vs ALKA,moneyline,ALKA,3,Sharp,3.39,1,lost,-1.0,-20.931,0.0,Sharp,close,eligible,2026-08-25 20:14
moneyline_flag_band,2026-08-26 01:00,,DETONATE vs NuTorious,moneyline,NuTorious,3,SoftBook A,1.44,1,won,0.44,-20.491,0.0,SoftBook A,close,no_bet,2026-08-26 00:11
moneyline_flag_band,2026-08-26 09:00,,Aurora vs G2,moneyline,Aurora,3,Sharp,2.04,1,lost,-1.0,-21.491,1.89,Sharp,close,eligible,2026-08-26 08:11
moneyline_flag_band,2026-08-26 09:00,,Arcade vs Mindfreak,moneyline,Arcade,3,SoftBook A,2.1,1,lost,-1.0,-22.491,0.0,SoftBook A,close,eligible,2026-08-26 08:11
moneyline_flag_band,2026-08-26 09:00,,Rooster vs MARKandLARRY,moneyline,MARKandLARRY,3,SoftBook A,4.33,1,lost,-1.0,-23.491,0.0,SoftBook A,close,no_bet,2026-08-26 08:11
moneyline_flag_band,2026-08-26 11:55,,Spirit vs DENDELE,moneyline,DENDELE,3,Sharp,7.57,1,lost,-1.0,-24.491,0.68,Sharp,close,no_bet,2026-08-26 08:11
moneyline_flag_band,2026-08-26 13:00,,Just Swing vs Rare Atom,moneyline,Rare Atom,3,SoftBook A,1.36,1,won,0.36,-24.131,0.0,SoftBook A,close,eligible,2026-08-26 08:11
moneyline_flag_band,2026-08-26 13:00,,Kaleido vs LEGAM,moneyline,Kaleido,3,SoftBook A,1.22,1,won,0.22,-23.911,0.0,SoftBook A,close,no_bet,2026-08-26 08:11
moneyline_flag_band,2026-08-26 14:25,,Natus Vincere vs M80,moneyline,M80,3,Sharp,4.83,1,won,3.83,-20.081,5.12,Sharp,close,eligible,2026-08-26 08:11
moneyline_flag_band,2026-08-26 14:40,,GenOne vs Nordic Partners,moneyline,GenOne,3,Sharp,1.38,1,won,0.38,-19.701,2.6,Sharp,hourly,eligible,2026-08-26 08:11
moneyline_flag_band,2026-08-26 16:00,,ALKA vs Pugdesonesto,moneyline,Pugdesonesto,3,Sharp,4.44,1,lost,-1.0,-20.701,0.84,Sharp,close,no_bet,2026-08-26 08:11
moneyline_flag_band,2026-08-26 17:20,,Drip Too Hard vs UNiTY,moneyline,UNiTY,3,SoftBook A,1.66,1,won,0.66,-20.041,5.27,SoftBook A,hourly,eligible,2026-08-26 08:11
moneyline_flag_band,2026-08-26 17:55,,FURIA vs paiN,moneyline,paiN,3,Sharp,4.4,1,lost,-1.0,-21.041,-2.57,Sharp,close,eligible,2026-08-26 08:11
moneyline_flag_band,2026-08-26 21:00,,Fluxo vs Keyd Stars,moneyline,Fluxo,3,Sharp,1.452,1,won,0.452,-20.589,2.17,Sharp,close,eligible,2026-08-26 08:11
moneyline_flag_band,2026-08-26 21:00,,Bounty Hunters vs Galorys,moneyline,Galorys,3,Sharp,1.885,1,won,0.885,-19.704,-0.66,Sharp,close,no_bet,2026-08-26 08:11
moneyline_flag_band,2026-08-26 21:00,,Isurus vs paiN Academy,moneyline,Isurus,3,Sharp,1.285,1,won,0.285,-19.419,1.16,Sharp,close,no_bet,2026-08-26 08:11
moneyline_flag_band,2026-08-26 21:00,,ALKA vs Turma do Pagode,moneyline,Turma do Pagode,3,Sharp,1.709,1,won,0.709,-18.71,20.25,Sharp,close,no_bet,2026-08-26 08:11
moneyline_flag_band,2026-08-26 21:00,,MEIA NOITE vs BORRACHEIROS,moneyline,BORRACHEIROS,3,Sharp,1.625,1,lost,-1.0,-19.71,-7.94,Sharp,close,no_bet,2026-08-26 08:11
moneyline_flag_band,2026-08-27 01:00,,Marsborne vs Iowa Stormboar,moneyline,Iowa Stormboar,3,SoftBook A,8.0,1,lost,-1.0,-20.71,0.0,SoftBook A,close,no_bet,2026-08-27 00:10
moneyline_flag_band,2026-08-27 01:00,,Villainous vs DETONATE,moneyline,Villainous,3,SoftBook A,1.5,1,won,0.5,-20.21,0.0,SoftBook A,close,no_bet,2026-08-27 00:10
moneyline_flag_band,2026-08-27 08:00,,ex-Zero Tenacity vs WBT,moneyline,WBT,3,Sharp,2.2,1,lost,-1.0,-21.21,-2.86,Sharp,close,eligible,2026-08-27 05:10
moneyline_flag_band,2026-08-27 09:00,,Vitality vs Inner Circle,moneyline,Inner Circle,3,Sharp,6.1,1,won,5.1,-16.11,0.27,Sharp,close,no_bet,2026-08-27 08:12
moneyline_flag_band,2026-08-27 11:00,,BASEMENT BOYS vs Lavked,moneyline,BASEMENT BOYS,3,SoftBook A,1.72,1,won,0.72,-15.39,0.0,SoftBook A,close,eligible,2026-08-27 09:13
moneyline_flag_band,2026-08-27 14:00,,EAC vs QUAZAR,moneyline,EAC,3,Sharp,1.752,1,lost,-1.0,-16.39,1.12,Sharp,close,eligible,2026-08-27 09:13
moneyline_flag_band,2026-08-27 21:00,,Bounty Hunters vs Turma do Pagode,moneyline,Bounty Hunters,3,Sharp,1.926,1,lost,-1.0,-17.39,-1.18,Sharp,hourly,no_bet,2026-08-27 09:13
moneyline_flag_band,2026-08-27 21:00,,ODDIK vs Yawara,moneyline,ODDIK,3,Sharp,1.68,1,won,0.68,-16.71,0.07,Sharp,hourly,no_bet,2026-08-27 09:13
moneyline_flag_band,2026-08-27 21:00,,Keyd Stars vs Isurus,moneyline,Isurus,3,Sharp,2.61,1,won,1.61,-15.1,0.0,Sharp,hourly,eligible,2026-08-27 09:13
moneyline_flag_band,2026-08-27 21:00,,ex-MIBR Academy vs MEIA NOITE,moneyline,ex-MIBR Academy,3,SoftBook A,1.66,1,won,0.66,-14.44,,,hourly,no_bet,2026-08-27 09:13
moneyline_flag_band,2026-08-28 01:00,,EMPIRE vs New Legends,moneyline,New Legends,3,SoftBook A,3.25,1,lost,-1.0,-15.44,0.0,SoftBook A,close,eligible,2026-08-28 00:11
moneyline_flag_band,2026-08-28 01:00,,Iowa Stormboar vs Villainous,moneyline,Iowa Stormboar,3,SoftBook A,2.5,1,won,1.5,-13.94,0.0,SoftBook A,close,no_bet,2026-08-28 00:11
moneyline_flag_band,2026-08-28 01:00,,NuTorious vs Elusive,moneyline,NuTorious,3,SoftBook A,1.61,1,lost,-1.0,-14.94,-8.33,SoftBook A,close,no_bet,2026-08-28 00:11
moneyline_flag_band,2026-08-28 08:00,,Sashi vs ex-RUSTEC,moneyline,Sashi,3,SoftBook A,1.25,1,lost,-1.0,-15.94,0.0,SoftBook A,close,eligible,2026-08-28 05:11
moneyline_flag_band,2026-08-28 09:00,,Aurora vs DENDELE,moneyline,DENDELE,3,Sharp,3.82,1,lost,-1.0,-16.94,-2.5,Sharp,close,eligible,2026-08-28 08:11
moneyline_flag_band,2026-08-28 09:20,,THUNDER dOWNUNDER vs Mindfreak,moneyline,Mindfreak,3,SoftBook A,9.0,1,lost,-1.0,-17.94,,,hourly,no_bet,2026-08-28 09:13
moneyline_flag_band,2026-08-28 11:00,,OG vs ex-Zero Tenacity,moneyline,OG,3,Sharp,1.671,1,lost,-1.0,-18.94,0.11,Sharp,close,eligible,2026-08-28 09:13
moneyline_flag_band,2026-08-28 13:00,,Just Swing vs Vitalem Aerem,moneyline,Vitalem Aerem,3,SoftBook A,2.75,1,lost,-1.0,-19.94,0.0,SoftBook A,close,eligible,2026-08-28 09:13
moneyline_flag_band,2026-08-28 14:30,,Natus Vincere vs paiN,moneyline,paiN,3,Sharp,4.58,1,lost,-1.0,-20.94,-1.06,Sharp,close,eligible,2026-08-28 09:13
moneyline_flag_band,2026-08-28 17:00,,SINNERS vs Bushido Wildcats,moneyline,Bushido Wildcats,3,Sharp,3.15,1,lost,-1.0,-21.94,3.54,Sharp,close,eligible,2026-08-28 09:13
moneyline_flag_band,2026-08-28 17:00,,UPGRADE vs Black Phoenix,moneyline,Black Phoenix,3,Sharp,1.826,1,won,0.826,-21.114,-1.96,Sharp,close,eligible,2026-08-28 09:13
moneyline_flag_band,2026-08-28 21:00,,ODDIK vs ex-MIBR Academy,moneyline,ODDIK,3,Sharp,1.49,1,lost,-1.0,-22.114,5.38,Sharp,hourly,eligible,2026-08-28 09:13
moneyline_flag_band,2026-08-28 22:00,,BORRACHEIROS vs BESTIA Academy,moneyline,BESTIA Academy,3,Sharp,1.893,1,lost,-1.0,-23.114,-6.21,Sharp,close,no_bet,2026-08-28 21:18
moneyline_flag_band,2026-08-29 01:00,,Voca vs Overtake Sector,moneyline,Overtake Sector,3,Sharp,7.18,1,lost,-1.0,-24.114,-0.85,Sharp,close,no_bet,2026-08-29 00:15
moneyline_flag_band,2026-08-29 08:00,,SINNERS vs ex-Zero Tenacity,moneyline,SINNERS,3,SoftBook A,1.44,1,lost,-1.0,-25.114,1.89,SoftBook A,close,eligible,2026-08-29 05:14
moneyline_flag_band,2026-08-29 09:25,,Mindfreak vs Arcade,moneyline,Arcade,3,SoftBook A,2.37,1,won,1.37,-23.744,,,hourly,eligible,2026-08-29 09:16
moneyline_flag_band,2026-08-29 11:10,,Inner Circle vs MOUZ,moneyline,Inner Circle,3,Sharp,4.03,1,lost,-1.0,-24.744,-0.76,Sharp,close,eligible,2026-08-29 09:16
moneyline_flag_band,2026-08-29 11:15,,ex-RUSTEC vs INOX Division,moneyline,INOX Division,3,SoftBook A,1.5,1,won,0.5,-24.244,6.76,SoftBook A,hourly,eligible,2026-08-29 09:16
moneyline_flag_band,2026-08-29 12:45,,Atreides vs SAW Youngsters,moneyline,SAW Youngsters,3,SoftBook A,2.25,1,void,0.0,,,,hourly,eligible,2026-08-29 12:16
moneyline_flag_band,2026-08-29 13:00,,Chinggis Warriors vs Just Swing,moneyline,Just Swing,3,SoftBook A,2.25,1,won,1.25,-22.994,0.0,SoftBook A,close,eligible,2026-08-29 12:16
moneyline_flag_band,2026-08-29 13:30,,FUT vs Lynn Vision,moneyline,Lynn Vision,3,Sharp,4.82,1,lost,-1.0,-23.994,-4.11,Sharp,close,eligible,2026-08-29 12:16
moneyline_flag_band,2026-08-29 16:45,,Legacy vs Falcons,moneyline,Falcons,3,Sharp,1.526,1,won,0.526,-23.468,-0.57,Sharp,close,eligible,2026-08-29 12:16
moneyline_flag_band,2026-08-29 17:00,,Honvéd vs Noir Verse,moneyline,Noir Verse,3,SoftBook A,2.1,1,won,1.1,-22.368,0.0,SoftBook A,close,no_bet,2026-08-29 12:16
moneyline_flag_band,2026-08-29 21:00,,Fluxo vs ex-MIBR Academy,moneyline,Fluxo,3,Sharp,1.176,1,won,0.176,-22.192,0.0,Sharp,hourly,eligible,2026-08-29 12:16
moneyline_flag_band,2026-08-30 09:00,,Arcade vs Rooster,moneyline,Arcade,3,SoftBook A,3.0,1,won,2.0,-20.192,0.0,SoftBook A,close,no_bet,2026-08-30 08:13
moneyline_flag_band,2026-08-30 10:00,,GenOne vs INOX Division,moneyline,GenOne,3,SoftBook A,2.25,1,lost,-1.0,-21.192,-6.01,SoftBook A,close,eligible,2026-08-30 08:13
moneyline_flag_band,2026-08-30 11:00,,OG vs Eternal Fire,moneyline,OG,3,Sharp,2.3,1,won,1.3,-19.892,0.0,Sharp,close,no_bet,2026-08-30 08:13
moneyline_flag_band,2026-08-30 13:00,,Strael Bora vs Inner Circle Academy,moneyline,Strael Bora,3,Sharp,6.27,1,lost,-1.0,-20.892,-1.57,Sharp,close,no_bet,2026-08-30 11:18
moneyline_flag_band,2026-08-30 13:00,,Virtus.pro vs Fire Flux,moneyline,Virtus.pro,3,Sharp,1.188,1,won,0.188,-20.704,-1.85,Sharp,close,eligible,2026-08-30 11:18
moneyline_flag_band,2026-08-30 13:00,,ex-Zero Tenacity vs Phantom,moneyline,Phantom,3,SoftBook A,1.5,1,lost,-1.0,-21.704,2.31,SoftBook A,close,no_bet,2026-08-30 11:18
moneyline_flag_band,2026-08-30 13:00,,BERG vs WBT,moneyline,WBT,3,Sharp,1.289,1,won,0.289,-21.415,0.5,Sharp,close,eligible,2026-08-30 11:18
moneyline_flag_band,2026-08-30 13:00,,Atreides vs Noir Verse,moneyline,Atreides,3,SoftBook A,2.1,1,lost,-1.0,-22.415,-9.33,SoftBook A,close,no_bet,2026-08-30 11:18
moneyline_flag_band,2026-08-30 13:00,,BAKS vs Misa,moneyline,BAKS,3,SoftBook A,1.3,1,lost,-1.0,-23.415,,,close,eligible,2026-08-30 11:18
moneyline_flag_band,2026-08-30 14:00,,Eternal Fire vs ENCE,moneyline,ENCE,3,Sharp,3.92,1,lost,-1.0,-24.415,0.0,Sharp,close,no_bet,2026-08-30 11:18
moneyline_flag_band,2026-08-30 16:00,,paiN Academy vs DAMAJUANA,moneyline,DAMAJUANA,3,SoftBook A,8.0,1,lost,-1.0,-25.415,-1.69,SoftBook A,hourly,no_bet,2026-08-30 11:18
moneyline_flag_band,2026-08-30 17:00,,SAW Youngsters vs Noir Verse,moneyline,SAW Youngsters,3,SoftBook A,2.2,1,lost,-1.0,-26.415,0.0,SoftBook A,close,no_bet,2026-08-30 11:18
moneyline_flag_band,2026-08-30 17:10,,Legacy vs Vitality,moneyline,Legacy,3,Sharp,3.17,1,lost,-1.0,-27.415,-2.15,Sharp,close,no_bet,2026-08-30 11:18
moneyline_flag_band,2026-08-30 22:10,,ODDIK vs Grêmio,moneyline,ODDIK,3,Sharp,1.207,1,won,0.207,-27.208,5.77,Sharp,close,eligible,2026-08-30 21:37
moneyline_flag_band,2026-08-31 09:00,,Ground Zero vs Arcade,moneyline,Arcade,3,SoftBook A,7.5,1,lost,-1.0,-28.208,0.0,SoftBook A,close,no_bet,2026-08-31 08:12
moneyline_flag_band,2026-08-31 11:00,,Metizport vs PCIFIC,moneyline,PCIFIC,3,Sharp,4.77,1,lost,-1.0,-29.208,2.12,Sharp,close,eligible,2026-08-31 10:12
moneyline_flag_band,2026-08-31 12:14,,ex-RUSTEC vs Bushido Wildcats,moneyline,Bushido Wildcats,3,Sharp,1.741,1,void,0.0,,0.0,Sharp,close,eligible,2026-08-31 11:14
moneyline_flag_band,2026-08-31 13:00,,Misa vs BAKS,moneyline,BAKS,3,Sharp,1.373,1,won,0.373,-28.835,0.0,Sharp,close,eligible,2026-08-31 11:14
moneyline_flag_band,2026-08-31 13:00,,Inner Circle Academy vs Fire Flux,moneyline,Inner Circle Academy,3,Sharp,1.781,1,won,0.781,-28.054,3.47,Sharp,close,eligible,2026-08-31 11:14
moneyline_flag_band,2026-08-31 14:20,,BRUTE vs ASTRAL,moneyline,ASTRAL,3,Sharp,2.0,1,void,0.0,,0.83,Sharp,hourly,eligible,2026-08-31 11:14
moneyline_flag_band,2026-08-31 15:35,,MOUZ vs Falcons,moneyline,Falcons,3,Sharp,1.82,1,lost,-1.0,-29.054,3.4,Sharp,close,eligible,2026-08-31 11:14
moneyline_flag_band,2026-09-01 08:00,,Nemesis vs SPARTA,moneyline,Nemesis,3,Sharp,1.339,1,won,0.339,-28.715,-2.55,Sharp,close,no_bet,2026-09-01 06:13
moneyline_flag_band,2026-09-01 11:00,,PCIFIC vs BRUTE,moneyline,PCIFIC,3,Sharp,2.95,1,won,1.95,-26.765,0.0,Sharp,close,eligible,2026-09-01 09:13
moneyline_flag_band,2026-09-01 13:00,,Virtus.pro vs WBT,moneyline,Virtus.pro,3,Sharp,1.366,1,won,0.366,-26.399,1.51,Sharp,close,eligible,2026-09-01 12:12
moneyline_flag_band,2026-09-01 16:05,,BORRACHEIROS vs ALKA,moneyline,BORRACHEIROS,3,Sharp,2.68,1,lost,-1.0,-27.399,-1.31,Sharp,close,no_bet,2026-09-01 15:11
moneyline_flag_band,2026-09-01 17:30,,Nuclear TigeRES vs Color,moneyline,Color,3,Sharp,2.38,1,lost,-1.0,-28.399,5.08,Sharp,close,no_bet,2026-09-01 15:11
moneyline_flag_band,2026-09-02 01:51,,HOTU vs Nuclear TigeRES,moneyline,HOTU,3,Sharp,1.826,1,void,0.0,,-1.85,Sharp,close,eligible,2026-09-01 23:11
moneyline_flag_band,2026-09-02 06:10,,FlyQuest vs NEXVOID,moneyline,NEXVOID,3,Sharp,5.57,1,lost,-1.0,-29.399,-0.27,Sharp,close,no_bet,2026-09-01 23:11
moneyline_flag_band,2026-09-02 06:10,,The Huns vs DEPO,moneyline,The Huns,3,SoftBook A,2.25,1,lost,-1.0,-30.399,5.55,SoftBook A,close,eligible,2026-09-01 23:11
moneyline_flag_band,2026-09-02 06:10,,TYLOO vs Kaleido,moneyline,Kaleido,3,SoftBook A,9.0,1,lost,-1.0,-31.399,0.0,SoftBook A,close,no_bet,2026-09-01 23:11
moneyline_flag_band,2026-09-02 09:00,,3DMAX vs HEROIC,moneyline,3DMAX,3,Sharp,2.35,1,lost,-1.0,-32.399,-1.0,Sharp,close,eligible,2026-09-02 08:11
moneyline_flag_band,2026-09-02 09:00,,Nuclear TigeRES vs GamerLegion,moneyline,GamerLegion,3,Sharp,1.719,1,void,0.0,,-1.43,Sharp,close,no_bet,2026-09-02 08:11
moneyline_flag_band,2026-09-02 11:00,,Black Phoenix vs ex-Zero Tenacity,moneyline,Black Phoenix,3,Sharp,3.28,1,lost,-1.0,-33.399,-5.63,Sharp,close,eligible,2026-09-02 09:13
moneyline_flag_band,2026-09-02 12:00,,BIG vs Nemiga,moneyline,BIG,3,Sharp,1.452,1,lost,-1.0,-34.399,1.52,Sharp,close,eligible,2026-09-02 11:12
moneyline_flag_band,2026-09-02 12:50,,DENDELE vs EYEBALLERS,moneyline,EYEBALLERS,3,Sharp,2.34,1,won,1.34,-33.059,0.15,Sharp,close,eligible,2026-09-02 12:12
moneyline_flag_band,2026-09-02 16:00,,Eternal Fire vs HEROIC,moneyline,HEROIC,3,Sharp,1.4,1,lost,-1.0,-34.059,-0.55,Sharp,close,eligible,2026-09-02 13:12
moneyline_flag_band,2026-09-02 16:00,,Magic vs Nuclear TigeRES,moneyline,Magic,3,SoftBook A,1.5,1,lost,-1.0,-35.059,0.0,SoftBook A,hourly,eligible,2026-09-02 13:12
moneyline_flag_band,2026-09-02 17:00,,Iberian Soul vs 9INE,moneyline,9INE,3,Sharp,2.1,1,won,1.1,-33.959,0.97,Sharp,close,eligible,2026-09-02 13:12
moneyline_flag_band,2026-09-02 22:00,,BORRACHEIROS vs Mansão Maromba,moneyline,Mansão Maromba,3,SoftBook A,5.0,1,void,0.0,,,,hourly,eligible,2026-09-02 13:12
moneyline_flag_band,2026-09-03 06:00,,DEPO vs Lynn Vision,moneyline,DEPO,3,Sharp,5.03,1,won,4.03,-29.929,-1.47,Sharp,close,eligible,2026-09-03 00:11
moneyline_flag_band,2026-09-03 06:00,,FlyQuest vs Kaleido,moneyline,Kaleido,3,SoftBook A,8.5,1,lost,-1.0,-30.929,,,close,no_bet,2026-09-03 00:11
moneyline_flag_band,2026-09-03 08:35,,TYLOO vs Rare Atom,moneyline,Rare Atom,3,SoftBook A,4.33,1,void,0.0,,0.0,SoftBook A,hourly,eligible,2026-09-03 00:11
moneyline_flag_band,2026-09-03 09:10,,Iberian Soul vs Nemiga,moneyline,Nemiga,3,Sharp,1.685,1,won,0.685,-30.244,0.2,Sharp,hourly,eligible,2026-09-03 00:11
moneyline_flag_band,2026-09-03 11:00,,Nemesis vs HOTU,moneyline,HOTU,3,Sharp,1.877,1,won,0.877,-29.367,-0.66,Sharp,close,eligible,2026-09-03 10:15
moneyline_flag_band,2026-09-03 11:30,,Leo vs The Last Resort,moneyline,The Last Resort,3,SoftBook A,2.62,1,lost,-1.0,-30.367,0.0,SoftBook A,hourly,eligible,2026-09-03 10:15
moneyline_flag_band,2026-09-03 12:00,,HEROIC vs Color,moneyline,HEROIC,3,Sharp,1.415,1,won,0.415,-29.952,-0.42,Sharp,close,eligible,2026-09-03 10:15
moneyline_flag_band,2026-09-03 12:30,,FOKUS vs SINNERS,moneyline,SINNERS,3,Sharp,1.87,1,lost,-1.0,-30.952,0.0,Sharp,hourly,eligible,2026-09-03 12:12
moneyline_flag_band,2026-09-03 12:35,,Nemiga vs K27,moneyline,K27,3,SoftBook A,1.83,1,won,0.83,-30.122,,,hourly,eligible,2026-09-03 12:12
moneyline_flag_band,2026-09-03 14:50,,Ninjas in Pyjamas vs Sangal,moneyline,Sangal,3,Sharp,4.03,1,lost,-1.0,-31.122,-0.19,Sharp,hourly,no_bet,2026-09-03 14:10
moneyline_flag_band,2026-09-03 18:00,,3DMAX vs HOTU,moneyline,3DMAX,3,Sharp,2.28,1,won,1.28,-29.842,3.89,Sharp,close,eligible,2026-09-03 15:12
moneyline_flag_band,2026-09-03 18:05,,Virtus.pro vs fnatic,moneyline,Virtus.pro,3,Sharp,2.3,1,lost,-1.0,-30.842,-1.0,Sharp,hourly,eligible,2026-09-03 15:12
moneyline_flag_band,2026-09-03 23:10,,Keyd Stars vs Procyon,moneyline,Procyon,3,Sharp,4.15,1,won,3.15,-27.692,-4.61,Sharp,close,eligible,2026-09-03 21:45
moneyline_flag_band,2026-09-04 08:00,,MOUZ NXT vs Bushido Wildcats,moneyline,Bushido Wildcats,3,Sharp,1.246,1,lost,-1.0,-28.692,1.28,Sharp,close,no_bet,2026-09-04 06:17
moneyline_flag_band,2026-09-04 12:00,,TYLOO vs FlyQuest,moneyline,FlyQuest,3,SoftBook A,2.62,1,void,0.0,,0.0,SoftBook A,close,eligible,2026-09-04 11:13
moneyline_flag_band,2026-09-04 14:00,,Falcons vs G2,moneyline,Falcons,3,Sharp,1.676,1,won,0.676,-28.016,-0.68,Sharp,close,eligible,2026-09-04 13:14
moneyline_flag_band,2026-09-04 14:10,,fnatic vs ASTRAL,moneyline,fnatic,1,Sharp,1.324,1,lost,-1.0,-29.016,0.0,Sharp,close,eligible,2026-09-04 13:14
moneyline_flag_band,2026-09-04 14:10,,1win vs Bushido Wildcats,moneyline,Bushido Wildcats,1,Sharp,3.08,1,lost,-1.0,-30.016,0.0,Sharp,close,no_bet,2026-09-04 13:14
moneyline_flag_band,2026-09-04 14:10,,GenOne vs BC.Game,moneyline,GenOne,1,Sharp,2.87,1,lost,-1.0,-31.016,0.39,Sharp,close,eligible,2026-09-04 13:14
moneyline_flag_band,2026-09-04 15:00,,Nuclear TigeRES vs B8,moneyline,B8,3,Sharp,1.69,1,won,0.69,-30.326,-0.38,Sharp,close,eligible,2026-09-04 13:14
moneyline_flag_band,2026-09-04 16:50,,FURIA vs Vitality,moneyline,FURIA,3,Sharp,2.7,1,lost,-1.0,-31.326,-0.53,Sharp,close,eligible,2026-09-04 13:14
moneyline_flag_band,2026-09-04 22:00,,Bounty Hunters vs QUINTESSÊNCIA,moneyline,QUINTESSÊNCIA,3,Sharp,5.89,1,lost,-1.0,-32.326,,,close,eligible,2026-09-04 21:59
moneyline_flag_band,2026-09-05 08:00,,EAC vs PCIFIC,moneyline,EAC,3,Sharp,1.351,1,lost,-1.0,-33.326,1.18,Sharp,close,eligible,2026-09-05 05:14
moneyline_flag_band,2026-09-05 09:00,,BBL vs fnatic,moneyline,fnatic,3,Sharp,1.389,1,won,0.389,-32.937,-0.89,Sharp,close,eligible,2026-09-05 05:14
moneyline_flag_band,2026-09-05 15:10,,Ninjas in Pyjamas vs Nuclear TigeRES,moneyline,Ninjas in Pyjamas,3,Sharp,1.658,1,won,0.658,-32.279,-0.37,Sharp,close,no_bet,2026-09-05 14:12
moneyline_flag_band,2026-09-05 16:45,,MOUZ vs Vitality,moneyline,MOUZ,3,Sharp,2.32,1,won,1.32,-30.959,-1.5,Sharp,close,eligible,2026-09-05 14:12
moneyline_flag_band,2026-09-05 17:30,,NAVI Junior vs Banger Gang,moneyline,NAVI Junior,3,SoftBook A,1.72,1,won,0.72,-30.239,0.0,SoftBook A,close,no_bet,2026-09-05 14:12
moneyline_flag_band,2026-09-05 17:30,,Nemiga vs Nemesis,moneyline,Nemiga,3,Sharp,2.21,1,won,1.21,-29.029,0.44,Sharp,close,eligible,2026-09-05 14:12
moneyline_flag_band,2026-09-05 19:15,,Peladona vs Imperial,moneyline,Imperial,3,Sharp,1.238,1,won,0.238,-28.791,2.78,Sharp,close,eligible,2026-09-05 18:11
moneyline_flag_band,2026-09-06 11:00,,SAW Youngsters vs Misa,moneyline,SAW Youngsters,3,Sharp,1.877,1,lost,-1.0,-29.791,0.0,Sharp,close,eligible,2026-09-06 10:12
moneyline_flag_band,2026-09-06 11:25,,Black Phoenix vs HAVU,moneyline,HAVU,3,Sharp,2.91,1,lost,-1.0,-30.791,0.0,Sharp,close,no_bet,2026-09-06 11:15
moneyline_flag_band,2026-09-06 11:40,,FOKUS vs Nemiga,moneyline,FOKUS,3,Sharp,2.18,1,lost,-1.0,-31.791,0.0,Sharp,close,eligible,2026-09-06 11:15
moneyline_flag_band,2026-09-06 13:00,,Privateer vs HAVU,moneyline,Privateer,3,Sharp,4.18,1,lost,-1.0,-32.791,2.15,Sharp,close,eligible,2026-09-06 11:15
moneyline_flag_band,2026-09-06 13:00,,PCIFIC vs KUUSAMO,moneyline,KUUSAMO,3,Sharp,3.99,1,lost,-1.0,-33.791,-3.95,Sharp,close,eligible,2026-09-06 11:15
moneyline_flag_band,2026-09-06 13:40,,Misa vs MOUZ NXT,moneyline,Misa,3,Sharp,2.27,1,lost,-1.0,-34.791,-0.58,Sharp,close,no_bet,2026-09-06 11:15
moneyline_flag_band,2026-09-06 13:45,,Noir Verse vs Fire Flux,moneyline,Noir Verse,3,SoftBook A,2.0,1,won,1.0,-33.791,21.6,SoftBook A,hourly,no_bet,2026-09-06 11:15
moneyline_flag_band,2026-09-06 14:00,,1win vs GenOne,moneyline,GenOne,1,Sharp,2.81,1,lost,-1.0,-34.791,2.27,Sharp,close,eligible,2026-09-06 11:15
moneyline_flag_band,2026-09-06 14:00,,Spirit vs MOUZ,moneyline,Spirit,5,Sharp,1.515,1,won,0.515,-34.276,-0.14,Sharp,close,eligible,2026-09-06 11:15
moneyline_flag_band,2026-09-06 14:00,,HEROIC vs EAC,moneyline,HEROIC,1,Sharp,1.276,1,won,0.276,-34.0,0.45,Sharp,close,eligible,2026-09-06 11:15
moneyline_flag_band,2026-09-06 14:00,,BBL vs UPGRADE,moneyline,BBL,1,Sharp,1.633,1,won,0.633,-33.367,0.0,Sharp,close,eligible,2026-09-06 11:15
moneyline_flag_band,2026-09-06 14:00,,PsychoFace vs Just Players,moneyline,PsychoFace,3,SoftBook A,2.1,1,lost,-1.0,-34.367,0.0,SoftBook A,hourly,no_bet,2026-09-06 11:15
moneyline_flag_band,2026-09-06 17:10,,SPARTA vs ex-Zero Tenacity,moneyline,SPARTA,3,Sharp,2.16,1,won,1.16,-33.207,-1.61,Sharp,close,no_bet,2026-09-06 11:15
moneyline_flag_band,2026-09-07 08:00,,MOUZ NXT vs The Last Resort,moneyline,The Last Resort,3,SoftBook A,1.8,1,won,0.8,-32.407,0.0,SoftBook A,close,no_bet,2026-09-07 06:17
moneyline_flag_band,2026-09-07 09:00,,Nemesis vs FORZE Reload,moneyline,Nemesis,3,Sharp,1.515,1,won,0.515,-31.892,1.21,Sharp,close,eligible,2026-09-07 06:17
moneyline_flag_band,2026-09-07 14:30,,Lavked vs Leo,moneyline,Lavked,3,SoftBook A,2.2,1,won,1.2,-30.692,,,hourly,eligible,2026-09-07 14:12
moneyline_flag_band,2026-09-07 17:30,,Nuclear TigeRES vs CYBERSHOKE,moneyline,Nuclear TigeRES,3,Sharp,1.746,1,won,0.746,-29.946,2.69,Sharp,close,eligible,2026-09-07 14:12
moneyline_flag_band,2026-09-08 05:55,,MIBR vs The MongolZ,moneyline,The MongolZ,3,Sharp,1.806,1,lost,-1.0,-30.946,0.75,Sharp,hourly,no_bet,2026-09-08 00:12
moneyline_flag_band,2026-09-08 07:50,,Alliance vs FaZe,moneyline,Alliance,3,SoftBook A,4.5,1,won,3.5,-27.446,3.51,SoftBook A,hourly,eligible,2026-09-08 00:12
moneyline_flag_band,2026-09-08 09:25,,BIG vs BetBoom,moneyline,BetBoom,3,Sharp,1.82,1,won,0.82,-26.626,,,close,eligible,2026-09-08 09:15
moneyline_flag_band,2026-09-08 10:55,,PARIVISION vs TYLOO,moneyline,TYLOO,3,SoftBook A,2.62,1,lost,-1.0,-27.626,,,hourly,eligible,2026-09-08 10:14
moneyline_flag_band,2026-09-08 11:00,,MOUZ NXT vs UNiTY,moneyline,MOUZ NXT,3,SoftBook A,2.75,1,lost,-1.0,-28.626,0.0,SoftBook A,close,no_bet,2026-09-08 10:14
moneyline_flag_band,2026-09-08 11:50,,GamerLegion vs FURIA,moneyline,GamerLegion,3,Sharp,5.32,1,lost,-1.0,-29.626,2.95,Sharp,close,no_bet,2026-09-08 11:13
moneyline_flag_band,2026-09-08 12:00,,Nemiga vs Color,moneyline,Nemiga,3,Sharp,1.546,1,won,0.546,-29.08,0.0,Sharp,close,eligible,2026-09-08 11:13
moneyline_flag_band,2026-09-08 13:00,,MOUZ NXT vs Dark Moon,moneyline,MOUZ NXT,3,Sharp,1.4,1,won,0.4,-28.68,-3.78,Sharp,close,no_bet,2026-09-08 11:13
moneyline_flag_band,2026-09-08 13:45,,Bushido Wildcats vs NAVI Junior,moneyline,NAVI Junior,3,Sharp,3.31,1,lost,-1.0,-29.68,1.94,Sharp,close,eligible,2026-09-08 11:13
moneyline_flag_band,2026-09-08 17:30,,WW vs NOVAQ,moneyline,NOVAQ,3,Sharp,3.15,1,lost,-1.0,-30.68,-0.58,Sharp,close,eligible,2026-09-08 14:13
moneyline_flag_band,2026-09-09 03:00,,FaZe vs Magic,moneyline,FaZe,3,SoftBook A,1.57,1,lost,-1.0,-31.68,0.0,SoftBook A,close,eligible,2026-09-09 02:16
moneyline_flag_band,2026-09-09 03:20,,5star vs The MongolZ,moneyline,5star,3,Sharp,8.3,1,won,7.3,-24.38,0.99,Sharp,close,no_bet,2026-09-09 02:16
moneyline_flag_band,2026-09-09 05:44,,mellren vs ex-Sashi Academy,moneyline,mellren,3,SoftBook A,1.16,1,void,0.0,,0.0,SoftBook A,hourly,no_bet,2026-09-09 02:16
moneyline_flag_band,2026-09-09 05:50,,9z vs MIBR,moneyline,9z,3,Sharp,1.621,1,lost,-1.0,-25.38,0.88,Sharp,close,eligible,2026-09-09 02:16
moneyline_flag_band,2026-09-09 07:35,,Alliance vs Legacy,moneyline,Alliance,3,SoftBook A,3.5,1,lost,-1.0,-26.38,,,hourly,eligible,2026-09-09 07:16
moneyline_flag_band,2026-09-09 08:15,,Nuclear TigeRES vs 1win,moneyline,Nuclear TigeRES,3,Sharp,2.11,1,lost,-1.0,-27.38,-0.2,Sharp,close,eligible,2026-09-09 07:16
moneyline_flag_band,2026-09-09 11:00,,INOX Division vs The Last Resort,moneyline,The Last Resort,3,SoftBook A,6.0,1,won,5.0,-22.38,0.0,SoftBook A,close,no_bet,2026-09-09 08:15
moneyline_flag_band,2026-09-09 11:00,,HEROIC vs BESTIA,moneyline,BESTIA,3,Sharp,4.64,1,lost,-1.0,-23.38,1.97,Sharp,close,no_bet,2026-09-09 08:15
moneyline_flag_band,2026-09-09 11:00,,SAW Youngsters vs Inner Circle Academy,moneyline,SAW Youngsters,3,Sharp,2.71,1,lost,-1.0,-24.38,0.0,Sharp,close,eligible,2026-09-09 08:15
moneyline_flag_band,2026-09-09 11:00,,Azuolas vs Bushido Wildcats,moneyline,Bushido Wildcats,3,Sharp,1.457,1,lost,-1.0,-25.38,0.19,Sharp,close,eligible,2026-09-09 08:15
moneyline_flag_band,2026-09-09 12:55,,PARIVISION vs FURIA,moneyline,FURIA,3,Sharp,1.448,1,won,0.448,-24.932,-0.22,Sharp,close,eligible,2026-09-09 12:17
moneyline_flag_band,2026-09-09 13:45,,NAVI Junior vs Fire Flux,moneyline,NAVI Junior,3,Sharp,2.28,1,lost,-1.0,-25.932,0.45,Sharp,close,eligible,2026-09-09 12:17
moneyline_flag_band,2026-09-09 14:00,,EYEBALLERS vs Nemesis,moneyline,EYEBALLERS,3,Sharp,2.77,1,lost,-1.0,-26.932,-0.76,Sharp,close,eligible,2026-09-09 12:17
moneyline_flag_band,2026-09-09 14:00,,Ninjas in Pyjamas vs SINNERS,moneyline,SINNERS,3,Sharp,2.64,1,won,1.64,-25.292,0.24,Sharp,close,eligible,2026-09-09 12:17
moneyline_flag_band,2026-09-09 14:00,,100 Thieves vs BBL,moneyline,100 Thieves,3,Sharp,1.323,1,lost,-1.0,-26.292,0.0,Sharp,close,eligible,2026-09-09 12:17
moneyline_flag_band,2026-09-09 17:30,,Falcons Force vs BERG,moneyline,Falcons Force,3,Sharp,1.426,1,won,0.426,-25.866,3.08,Sharp,close,eligible,2026-09-09 12:17
moneyline_flag_band,2026-09-09 17:30,,WBT Academy vs eSuba,moneyline,WBT Academy,3,Sharp,1.217,1,won,0.217,-25.649,7.59,Sharp,close,no_bet,2026-09-09 12:17
moneyline_flag_band,2026-09-09 20:00,,Imperial vs Galorys,moneyline,Galorys,3,Sharp,2.71,1,lost,-1.0,-26.649,-0.86,Sharp,hourly,eligible,2026-09-09 12:17
moneyline_flag_band,2026-09-09 23:10,,NRG vs Without a Roof,moneyline,NRG,3,Sharp,1.095,1,won,0.095,-26.554,-0.9,Sharp,close,eligible,2026-09-09 21:22
moneyline_flag_band,2026-09-10 07:25,,Astralis vs 5star,moneyline,5star,3,Sharp,10.68,1,won,9.68,-16.874,1.81,Sharp,close,no_bet,2026-09-10 06:17
moneyline_flag_band,2026-09-10 08:00,,HEROIC vs K27,moneyline,K27,3,SoftBook A,2.5,1,lost,-1.0,-17.874,0.0,SoftBook A,hourly,eligible,2026-09-10 06:17
moneyline_flag_band,2026-09-10 09:10,,Legacy vs FURIA,moneyline,Legacy,3,Sharp,2.53,1,won,1.53,-16.344,0.98,Sharp,close,eligible,2026-09-10 08:21
moneyline_flag_band,2026-09-10 11:00,,Wildcard vs EYEBALLERS,moneyline,EYEBALLERS,3,Sharp,2.15,1,lost,-1.0,-17.344,-0.84,Sharp,close,eligible,2026-09-10 09:22
moneyline_flag_band,2026-09-10 11:10,,Ninjas in Pyjamas vs Inner Circle,moneyline,Inner Circle,3,SoftBook A,1.72,1,won,0.72,-16.624,,,hourly,eligible,2026-09-10 09:22
moneyline_flag_band,2026-09-10 11:45,,HOTU vs Nemesis,moneyline,HOTU,3,Sharp,1.862,1,won,0.862,-15.762,0.78,Sharp,close,eligible,2026-09-10 09:22
moneyline_flag_band,2026-09-10 14:00,,Turma do Pagode vs ShindeN,moneyline,ShindeN,3,Sharp,1.4,1,won,0.4,-15.362,-0.46,Sharp,hourly,eligible,2026-09-10 09:22
moneyline_flag_band,2026-09-10 14:00,,Falcons Force vs mellren,moneyline,mellren,3,Sharp,1.699,1,lost,-1.0,-16.362,0.12,Sharp,hourly,eligible,2026-09-10 09:22
moneyline_flag_band,2026-09-10 14:10,,Misa vs megoshort,moneyline,megoshort,3,Sharp,1.971,1,lost,-1.0,-17.362,1.5,Sharp,hourly,no_bet,2026-09-10 09:22
moneyline_flag_band,2026-09-10 17:00,,FOKUS vs 1win,moneyline,1win,3,Sharp,1.588,1,lost,-1.0,-18.362,-0.17,Sharp,hourly,eligible,2026-09-10 09:22
moneyline_flag_band,2026-09-10 17:15,,SINNERS vs Nemiga,moneyline,Nemiga,3,Sharp,1.8,1,won,0.8,-17.562,3.18,Sharp,hourly,eligible,2026-09-10 09:22
moneyline_flag_band,2026-09-10 17:30,,KUUSAMO vs LPH,moneyline,LPH,3,Sharp,1.435,1,won,0.435,-17.127,0.0,Sharp,hourly,eligible,2026-09-10 09:22
moneyline_flag_band,2026-09-10 17:30,,Back to Back vs Galorys,moneyline,Galorys,3,Sharp,1.258,1,lost,-1.0,-18.127,-8.19,Sharp,hourly,no_bet,2026-09-10 09:22
moneyline_flag_band,2026-09-11 02:00,,Voca vs NRG,moneyline,Voca,3,Sharp,2.96,1,lost,-1.0,-19.127,0.0,Sharp,close,eligible,2026-09-11 01:14
moneyline_flag_band,2026-09-11 11:00,,SINNERS vs Nuclear TigeRES,moneyline,SINNERS,3,Sharp,2.03,1,lost,-1.0,-20.127,3.54,Sharp,close,eligible,2026-09-11 06:20
moneyline_flag_band,2026-09-11 11:00,,Nemesis vs Wildcard,moneyline,Wildcard,3,Sharp,2.43,1,won,1.43,-18.697,0.0,Sharp,close,eligible,2026-09-11 06:20
moneyline_flag_band,2026-09-11 11:00,,megoshort vs Inner Circle Academy,moneyline,Inner Circle Academy,3,Sharp,1.261,1,lost,-1.0,-19.697,0.79,Sharp,close,no_bet,2026-09-11 06:20
moneyline_flag_band,2026-09-11 13:45,,Privateer vs NAVI Junior,moneyline,NAVI Junior,3,Sharp,1.132,1,void,0.0,,-1.49,Sharp,hourly,eligible,2026-09-11 06:20
moneyline_flag_band,2026-09-11 17:25,,paiN vs ShindeN,moneyline,paiN,3,Sharp,1.629,1,lost,-1.0,-20.697,-1.45,Sharp,hourly,no_bet,2026-09-11 06:20
moneyline_flag_band,2026-09-11 20:00,,Imperial vs DENDELE,moneyline,DENDELE,3,Sharp,1.82,1,won,0.82,-19.877,-1.94,Sharp,close,eligible,2026-09-11 06:20
moneyline_flag_band,2026-09-11 23:10,,Voca vs antivalue,moneyline,Voca,3,Sharp,1.124,1,won,0.124,-19.753,3.67,Sharp,hourly,eligible,2026-09-11 06:20
moneyline_flag_band,2026-09-12 02:00,,Liquid vs NRG,moneyline,NRG,3,Sharp,2.58,1,won,1.58,-18.173,1.59,Sharp,close,eligible,2026-09-11 23:49
moneyline_flag_band,2026-09-12 06:15,,Legacy vs MIBR,moneyline,Legacy,3,Sharp,1.431,1,won,0.431,-17.742,1.05,Sharp,hourly,eligible,2026-09-12 05:14
moneyline_flag_band,2026-09-12 11:00,,Bushido Wildcats vs Misa,moneyline,Misa,3,Sharp,3.87,1,won,2.87,-14.872,2.12,Sharp,close,eligible,2026-09-12 08:15
moneyline_flag_band,2026-09-12 11:35,,BBL vs Wildcard,moneyline,Wildcard,3,Sharp,1.649,1,lost,-1.0,-15.872,-0.62,Sharp,close,eligible,2026-09-12 11:16
moneyline_flag_band,2026-09-12 13:30,,M80 vs Iberian Soul,moneyline,M80,3,Sharp,1.606,1,won,0.606,-15.266,0.4,Sharp,close,eligible,2026-09-12 12:16
moneyline_flag_band,2026-09-12 14:00,,HOTU vs 100 Thieves,moneyline,HOTU,3,Sharp,2.1,1,won,1.1,-14.166,0.31,Sharp,close,eligible,2026-09-12 12:16
moneyline_flag_band,2026-09-12 14:05,,Luminosity vs SAW,moneyline,Luminosity,3,Sharp,1.424,1,won,0.424,-13.742,-0.37,Sharp,close,no_bet,2026-09-12 12:16
moneyline_flag_band,2026-09-12 16:00,,Imperial vs Fluxo,moneyline,Fluxo,3,Sharp,2.52,1,won,1.52,-12.222,-1.54,Sharp,close,eligible,2026-09-12 12:16
moneyline_flag_band,2026-09-12 17:00,,HEROIC vs 1win,moneyline,HEROIC,3,Sharp,1.658,1,won,0.658,-11.564,0.43,Sharp,close,eligible,2026-09-12 12:16
moneyline_flag_band,2026-09-12 17:00,,Nemiga vs Just Players,moneyline,Nemiga,3,Sharp,1.261,1,won,0.261,-11.303,3.03,Sharp,close,eligible,2026-09-12 12:16
moneyline_flag_band,2026-09-12 19:00,,Fluxo vs DENDELE,moneyline,Fluxo,3,Sharp,2.99,1,lost,-1.0,-12.303,-3.25,Sharp,close,eligible,2026-09-10 09:22
moneyline_flag_band,2026-09-13 05:15,,FlyQuest vs DEPO,moneyline,DEPO,3,SoftBook A,6.5,1,won,5.5,-6.803,,,hourly,no_bet,2026-09-13 02:14
moneyline_flag_band,2026-09-13 08:00,,Enjoy vs mellren,moneyline,mellren,3,Sharp,1.685,1,lost,-1.0,-7.803,5.98,Sharp,close,no_bet,2026-09-13 02:14
moneyline_flag_band,2026-09-13 08:00,,Sashi vs FOKUS,moneyline,Sashi,3,SoftBook A,2.25,1,won,1.25,-6.553,0.0,SoftBook A,close,eligible,2026-09-13 02:14
moneyline_flag_band,2026-09-13 08:00,,BBL vs HOTU,moneyline,HOTU,3,Sharp,1.472,1,won,0.472,-6.081,3.12,Sharp,close,eligible,2026-09-13 02:14
moneyline_flag_band,2026-09-13 09:10,,Legacy vs G2,moneyline,Legacy,5,Sharp,1.98,1,won,0.98,-5.101,-0.23,Sharp,close,eligible,2026-09-13 08:15
moneyline_flag_band,2026-09-13 11:15,,Virtus.pro vs HEROIC,moneyline,HEROIC,3,Sharp,1.379,1,lost,-1.0,-6.101,-1.43,Sharp,close,eligible,2026-09-13 08:15
moneyline_flag_band,2026-09-13 11:20,,SINNERS vs Nemiga,moneyline,Nemiga,3,Sharp,1.559,1,won,0.559,-5.542,,,close,eligible,2026-09-13 11:15
moneyline_flag_band,2026-09-13 14:00,,Metizport vs ex-Zero Tenacity,moneyline,Metizport,3,Sharp,2.08,1,won,1.08,-4.462,3.3,Sharp,close,eligible,2026-09-13 13:13
moneyline_flag_band,2026-09-13 15:00,,Virtus.pro vs HOTU,moneyline,HOTU,5,Sharp,1.495,1,lost,-1.0,-5.462,-0.26,Sharp,close,eligible,2026-09-13 14:12
moneyline_flag_band,2026-09-13 17:00,,ex-RUSTEC vs Misa,moneyline,Misa,3,Sharp,3.63,1,lost,-1.0,-6.462,0.6,Sharp,close,no_bet,2026-09-13 14:12
moneyline_flag_band,2026-09-13 17:30,,INOX Division vs Color,moneyline,INOX Division,3,SoftBook A,2.25,1,lost,-1.0,-7.462,0.0,SoftBook A,hourly,no_bet,2026-09-13 14:12
moneyline_flag_band,2026-09-14 08:00,,ex-RUSTEC vs Azuolas,moneyline,Azuolas,3,Sharp,3.23,1,lost,-1.0,-8.462,2.44,Sharp,hourly,no_bet,2026-09-13 23:42
moneyline_flag_band,2026-09-14 08:00,,Bushido Wildcats vs Enjoy,moneyline,Bushido Wildcats,3,Sharp,1.405,1,won,0.405,-8.057,2.89,Sharp,close,no_bet,2026-09-13 23:42
moneyline_flag_band,2026-09-14 08:00,,ENCE vs Falcons Force,moneyline,Falcons Force,3,Sharp,1.826,1,lost,-1.0,-9.057,-0.21,Sharp,close,eligible,2026-09-13 23:42
moneyline_flag_band,2026-09-14 14:15,,Falcons Force vs NAVI Junior,moneyline,NAVI Junior,3,Sharp,2.07,1,won,1.07,-7.987,,,hourly,eligible,2026-09-14 14:12
moneyline_flag_band,2026-09-14 17:00,,KAMUI vs Fortress,moneyline,KAMUI,3,Sharp,1.575,1,won,0.575,-7.412,1.31,Sharp,close,eligible,2026-09-14 14:12
moneyline_flag_band,2026-09-15 11:25,,Black Phoenix vs Just Players,moneyline,Black Phoenix,3,Sharp,2.08,1,lost,-1.0,-8.412,,,hourly,eligible,2026-09-15 11:15
moneyline_flag_band,2026-09-15 11:25,,Bushido Wildcats vs Leo,moneyline,Bushido Wildcats,3,SoftBook A,1.8,1,lost,-1.0,-9.412,0.0,SoftBook A,close,eligible,2026-09-15 11:15
moneyline_flag_band,2026-09-16 14:00,,QUAZAR vs ex-RUSTEC,moneyline,QUAZAR,3,Sharp,2.09,1,won,1.09,-8.322,-4.64,Sharp,close,no_bet,2026-09-16 13:17
moneyline_flag_band,2026-09-16 17:05,,ex-RUSTEC vs Nexus,moneyline,ex-RUSTEC,3,Sharp,1.599,1,won,0.599,-7.723,0.08,Sharp,close,no_bet,2026-09-16 13:17
moneyline_flag_band,2026-09-17 08:00,,BRUTE vs QUAZAR,moneyline,QUAZAR,3,Sharp,1.813,1,lost,-1.0,-8.723,6.29,Sharp,close,eligible,2026-09-17 03:15
moneyline_flag_band,2026-09-17 08:30,,B8 vs Metizport,moneyline,B8,1,Sharp,1.446,1,won,0.446,-8.277,,,hourly,eligible,2026-09-17 08:16
moneyline_flag_band,2026-09-17 10:00,,MOUZ vs NRG,moneyline,NRG,3,Sharp,5.45,1,won,4.45,-3.827,-0.39,Sharp,close,eligible,2026-09-17 09:18
moneyline_flag_band,2026-09-17 10:35,,B8 vs GamerLegion,moneyline,B8,1,Sharp,1.606,1,won,0.606,-3.221,-0.32,Sharp,close,no_bet,2026-09-17 10:16
moneyline_flag_band,2026-09-17 14:35,,Black Phoenix vs ex-RUSTEC,moneyline,ex-RUSTEC,3,Sharp,1.714,1,lost,-1.0,-4.221,0.12,Sharp,hourly,eligible,2026-09-17 12:18
moneyline_flag_band,2026-09-17 15:05,,Natus Vincere vs Aurora,moneyline,Aurora,3,Sharp,2.15,1,won,1.15,-3.071,1.69,Sharp,close,eligible,2026-09-17 12:18
moneyline_flag_band,2026-09-17 15:15,,GamerLegion vs Ninjas in Pyjamas,moneyline,GamerLegion,1,Sharp,2.11,1,won,1.11,-1.961,0.29,Sharp,close,no_bet,2026-09-17 12:18
moneyline_flag_band,2026-09-17 15:15,,M80 vs Metizport,moneyline,M80,1,Sharp,1.571,1,won,0.571,-1.39,3.25,Sharp,close,eligible,2026-09-17 12:18
moneyline_flag_band,2026-09-17 16:30,,Metizport vs GamerLegion,moneyline,GamerLegion,1,Sharp,1.526,1,lost,-1.0,-2.39,2.69,Sharp,close,eligible,2026-09-17 12:18
moneyline_flag_band,2026-09-17 17:20,,Nexus vs Spirit Academy,moneyline,Nexus,3,Sharp,1.714,1,lost,-1.0,-3.39,1.96,Sharp,close,no_bet,2026-09-17 12:18
moneyline_flag_band,2026-09-17 17:45,,B8 vs M80,moneyline,B8,1,Sharp,1.667,1,won,0.667,-2.723,3.14,Sharp,close,eligible,2026-09-17 12:18
moneyline_flag_band,2026-09-18 08:20,,GenOne vs Giant Pandas,moneyline,Giant Pandas,3,SoftBook A,12.0,1,lost,-1.0,-3.723,0.0,SoftBook A,hourly,no_bet,2026-09-18 06:23
moneyline_flag_band,2026-09-18 09:55,,3DMAX vs EYEBALLERS,moneyline,3DMAX,1,Sharp,1.571,1,won,0.571,-3.152,-3.05,Sharp,close,eligible,2026-09-18 06:23
moneyline_flag_band,2026-09-18 10:30,,ex-RUSTEC vs NAVI Junior,moneyline,ex-RUSTEC,3,Sharp,1.508,1,won,0.508,-2.644,5.33,Sharp,close,no_bet,2026-09-18 06:23
moneyline_flag_band,2026-09-18 11:00,,Black Phoenix vs Lavked,moneyline,Lavked,3,Sharp,2.33,1,lost,-1.0,-3.644,-14.37,Sharp,close,eligible,2026-09-18 06:23
moneyline_flag_band,2026-09-18 12:10,,Inner Circle vs Liquid,moneyline,Liquid,1,SoftBook A,1.83,1,lost,-1.0,-4.644,,,hourly,no_bet,2026-09-18 11:22
moneyline_flag_band,2026-09-18 13:10,,Magic vs MIBR,moneyline,Magic,3,Sharp,3.07,1,lost,-1.0,-5.644,0.0,Sharp,hourly,no_bet,2026-09-18 11:22
moneyline_flag_band,2026-09-18 14:00,,QUAZAR vs NAVI Junior,moneyline,NAVI Junior,3,Sharp,3.42,1,lost,-1.0,-6.644,4.85,Sharp,close,eligible,2026-09-18 11:22
moneyline_flag_band,2026-09-18 14:35,,BBL vs 3DMAX,moneyline,3DMAX,1,Sharp,1.595,1,won,0.595,-6.049,-3.5,Sharp,close,eligible,2026-09-18 11:22
moneyline_flag_band,2026-09-18 15:20,,paiN vs Fluxo,moneyline,paiN,3,Sharp,1.833,1,lost,-1.0,-7.049,-9.49,Sharp,hourly,no_bet,2026-09-18 11:22
moneyline_flag_band,2026-09-18 16:05,,NRG vs Aurora,moneyline,NRG,3,Sharp,3.86,1,lost,-1.0,-8.049,-1.33,Sharp,close,eligible,2026-09-18 11:22
moneyline_flag_band,2026-09-18 16:15,,EYEBALLERS vs BBL,moneyline,EYEBALLERS,1,Sharp,1.909,1,lost,-1.0,-9.049,-0.45,Sharp,close,eligible,2026-09-18 11:22
moneyline_flag_band,2026-09-18 17:15,,INFINITE vs EYEBALLERS,moneyline,EYEBALLERS,1,SoftBook A,1.66,1,won,0.66,-8.389,0.0,SoftBook A,hourly,no_bet,2026-09-18 11:22
moneyline_flag_band,2026-09-18 18:05,,Inner Circle vs EYEBALLERS,moneyline,Inner Circle,1,SoftBook A,1.53,1,lost,-1.0,-9.389,0.0,SoftBook A,close,eligible,2026-09-18 11:22
moneyline_flag_band,2026-09-18 18:15,,INFINITE vs 3DMAX,moneyline,3DMAX,1,SoftBook A,1.44,1,won,0.44,-8.949,0.0,SoftBook A,hourly,no_bet,2026-09-18 11:22
moneyline_flag_band,2026-09-18 18:35,,Vitality vs FURIA,moneyline,FURIA,3,Sharp,2.85,1,lost,-1.0,-9.949,-0.73,Sharp,close,eligible,2026-09-18 11:22
moneyline_flag_band,2026-09-18 22:00,,ShindeN vs Turma do Pagode,moneyline,ShindeN,3,Sharp,1.518,1,won,0.518,-9.431,9.68,Sharp,hourly,eligible,2026-09-18 11:22
moneyline_flag_band,2026-09-19 00:50,,Imperial vs BESTIA,moneyline,BESTIA,3,Sharp,3.05,1,won,2.05,-7.381,-0.94,Sharp,close,eligible,2026-09-18 23:11
moneyline_flag_band,2026-09-19 08:00,,PCIFIC vs ex-RUSTEC,moneyline,ex-RUSTEC,3,Sharp,1.474,1,won,0.474,-6.907,3.39,Sharp,close,no_bet,2026-09-19 02:15
moneyline_flag_band,2026-09-19 12:00,,FURIA vs MOUZ,moneyline,MOUZ,3,Sharp,1.694,1,lost,-1.0,-7.907,0.0,Sharp,close,eligible,2026-09-19 11:14
moneyline_flag_band,2026-09-19 14:00,,3DMAX vs M80,moneyline,3DMAX,3,Sharp,2.08,1,won,1.08,-6.827,0.0,Sharp,close,eligible,2026-09-19 11:14
moneyline_flag_band,2026-09-19 17:15,,Just Players vs Spirit Academy,moneyline,Just Players,3,Sharp,1.746,1,won,0.746,-6.081,0.0,Sharp,close,eligible,2026-09-19 16:15
moneyline_flag_band,2026-09-19 18:00,,Fluxo vs Bounty Hunters,moneyline,Fluxo,3,Sharp,1.452,1,lost,-1.0,-7.081,0.4,Sharp,close,eligible,2026-09-19 16:15
moneyline_flag_band,2026-09-19 18:30,,MIBR vs FURIA,moneyline,FURIA,3,Sharp,1.4,1,won,0.4,-6.681,1.58,Sharp,close,eligible,2026-09-19 16:15
moneyline_flag_band,2026-09-20 08:00,,NAVI Junior vs Bushido Wildcats,moneyline,Bushido Wildcats,3,SoftBook A,1.57,1,void,0.0,,0.0,SoftBook A,close,eligible,2026-09-20 02:15
moneyline_flag_band,2026-09-20 08:00,,ex-RUSTEC vs Azuolas,moneyline,Azuolas,3,SoftBook A,4.0,1,lost,-1.0,-7.681,0.0,SoftBook A,close,no_bet,2026-09-20 02:15
moneyline_flag_band,2026-09-20 09:00,,WBT vs SAW Youngsters,moneyline,WBT,3,Sharp,1.304,1,won,0.304,-7.377,2.76,Sharp,close,eligible,2026-09-20 08:14
moneyline_flag_band,2026-09-20 11:15,,Lavked vs ENCE,moneyline,Lavked,3,Sharp,1.82,1,lost,-1.0,-8.377,,,close,eligible,2026-09-20 11:14
moneyline_flag_band,2026-09-20 17:00,,INOX Division vs SPARTA,moneyline,SPARTA,3,Sharp,2.34,1,won,1.34,-7.037,-1.28,Sharp,close,no_bet,2026-09-20 14:14
moneyline_flag_band,2026-09-20 21:00,,Bounty Hunters vs BESTIA,moneyline,BESTIA,3,Sharp,1.629,1,won,0.629,-6.408,0.42,Sharp,close,eligible,2026-09-20 14:14
moneyline_flag_band,2026-09-21 08:00,,BRUTE vs SPARTA,moneyline,BRUTE,3,Sharp,2.26,1,won,1.26,-5.148,3.14,Sharp,close,eligible,2026-09-20 22:22
moneyline_flag_band,2026-09-21 10:00,,Sashi vs FOKUS,moneyline,Sashi,3,SoftBook A,2.0,1,lost,-1.0,-6.148,0.0,SoftBook A,close,eligible,2026-09-21 08:14
moneyline_flag_band,2026-09-21 10:00,,Astralis vs Sangal,moneyline,Astralis,3,Sharp,1.211,1,won,0.211,-5.937,1.02,Sharp,close,eligible,2026-09-21 08:14
moneyline_flag_band,2026-09-21 14:00,,Nexus vs Bushido Wildcats,moneyline,Nexus,3,SoftBook A,2.0,1,lost,-1.0,-6.937,0.0,SoftBook A,close,eligible,2026-09-21 13:14
moneyline_flag_band,2026-09-21 17:00,,WW vs Phantom Academy,moneyline,WW,3,Sharp,1.389,1,won,0.389,-6.548,-2.42,Sharp,close,no_bet,2026-09-21 15:15
moneyline_flag_band,2026-09-22 10:00,,Virtus.pro vs BBL,moneyline,BBL,3,Sharp,2.31,1,won,1.31,-5.238,-1.98,Sharp,close,eligible,2026-09-22 09:16
moneyline_flag_band,2026-09-22 11:00,,Just Players vs ENCE,moneyline,Just Players,3,Sharp,1.541,1,lost,-1.0,-6.238,-0.13,Sharp,close,eligible,2026-09-22 10:18
moneyline_flag_band,2026-09-22 13:00,,Misa vs 6666,moneyline,Misa,3,SoftBook A,2.0,1,won,1.0,-5.238,0.0,SoftBook A,close,eligible,2026-09-22 12:18
moneyline_flag_band,2026-09-22 13:00,,mellren vs KUUSAMO,moneyline,mellren,3,Sharp,1.225,1,lost,-1.0,-6.238,0.23,Sharp,close,eligible,2026-09-22 12:18
moneyline_flag_band,2026-09-22 13:00,,Fortress vs LPH,moneyline,LPH,3,Sharp,1.14,1,won,0.14,-6.098,2.49,Sharp,close,eligible,2026-09-22 12:18
moneyline_flag_band,2026-09-22 13:00,,HEROIC vs BBL,moneyline,HEROIC,3,Sharp,1.358,1,won,0.358,-5.74,1.9,Sharp,close,eligible,2026-09-22 12:18
moneyline_flag_band,2026-09-22 14:00,,B8 vs Luminosity,moneyline,B8,3,Sharp,1.61,1,lost,-1.0,-6.74,0.34,Sharp,hourly,eligible,2026-09-22 12:18
moneyline_flag_band,2026-09-22 17:00,,Leo vs ex-RUSTEC,moneyline,Leo,3,SoftBook A,2.5,1,lost,-1.0,-7.74,0.0,SoftBook A,close,eligible,2026-09-22 12:18
moneyline_flag_band,2026-09-22 17:00,,Inner Circle vs 3DMAX,moneyline,3DMAX,3,SoftBook A,2.25,1,won,1.25,-6.49,1.3,SoftBook A,close,eligible,2026-09-22 12:18
moneyline_flag_band,2026-09-22 17:20,,UPGRADE vs Just Players,moneyline,Just Players,3,Sharp,2.23,1,lost,-1.0,-7.49,5.78,Sharp,hourly,eligible,2026-09-22 12:18
moneyline_flag_band,2026-09-22 20:55,,Procyon vs ALKA,moneyline,ALKA,3,Sharp,1.529,1,lost,-1.0,-8.49,-5.52,Sharp,close,eligible,2026-09-22 20:46
moneyline_flag_band,2026-09-22 20:55,,Turma do Pagode vs MEIA NOITE,moneyline,Turma do Pagode,3,Sharp,1.161,1,won,0.161,-8.329,0.0,Sharp,close,no_bet,2026-09-22 20:46
moneyline_flag_band,2026-09-23 01:00,,FarmVille vs NuTorious,moneyline,NuTorious,3,SoftBook A,2.2,1,lost,-1.0,-9.329,0.0,SoftBook A,close,eligible,2026-09-23 00:16
moneyline_flag_band,2026-09-23 01:00,,FlyQuest RED vs Marsborne,moneyline,FlyQuest RED,3,SoftBook A,15.0,1,lost,-1.0,-10.329,,,hourly,no_bet,2026-09-23 00:16
moneyline_flag_band,2026-09-23 01:15,,FRZ vs Overtake Sector,moneyline,Overtake Sector,3,Sharp,1.287,1,won,0.287,-10.042,0.0,Sharp,close,no_bet,2026-09-23 00:16
moneyline_flag_band,2026-09-23 08:00,,QUAZAR vs Misa,moneyline,QUAZAR,3,Sharp,1.403,1,lost,-1.0,-11.042,2.61,Sharp,close,eligible,2026-09-23 05:15
moneyline_flag_band,2026-09-23 09:00,,Mindfreak vs Rooster,moneyline,Mindfreak,3,SoftBook A,3.0,1,lost,-1.0,-12.042,-3.66,SoftBook A,close,eligible,2026-09-23 08:18
moneyline_flag_band,2026-09-23 09:00,,THUNDER dOWNUNDER vs Arcade,moneyline,Arcade,3,SoftBook A,11.0,1,lost,-1.0,-13.042,0.0,SoftBook A,close,no_bet,2026-09-23 08:18
moneyline_flag_band,2026-09-23 10:00,,100 Thieves vs EAC,moneyline,EAC,3,Sharp,3.99,1,lost,-1.0,-14.042,-0.65,Sharp,close,eligible,2026-09-23 09:19
moneyline_flag_band,2026-09-23 11:00,,SPARTA vs Just Players,moneyline,Just Players,3,Sharp,2.41,1,lost,-1.0,-15.042,0.0,Sharp,close,eligible,2026-09-23 10:17
moneyline_flag_band,2026-09-23 11:50,,Leo vs Saint Sinners,moneyline,Leo,3,SoftBook A,1.33,1,won,0.33,-14.712,0.0,SoftBook A,hourly,no_bet,2026-09-23 10:17
moneyline_flag_band,2026-09-23 13:00,,ALKA vs Grêmio,moneyline,ALKA,3,Sharp,1.424,1,won,0.424,-14.288,-0.14,Sharp,close,eligible,2026-09-23 10:17
moneyline_flag_band,2026-09-23 13:00,,Lynn Vision vs Vitalem Aerem,moneyline,Vitalem Aerem,3,SoftBook A,11.0,1,lost,-1.0,-15.288,0.0,SoftBook A,hourly,no_bet,2026-09-23 10:17
moneyline_flag_band,2026-09-23 13:40,,Bounty Hunters vs Keyd Stars,moneyline,Keyd Stars,3,Sharp,2.32,1,lost,-1.0,-16.288,0.67,Sharp,hourly,no_bet,2026-09-23 10:17
moneyline_flag_band,2026-09-23 13:53,,Peladona vs your end,moneyline,your end,3,SoftBook A,11.0,1,void,0.0,,0.0,SoftBook A,hourly,no_bet,2026-09-23 10:17
moneyline_flag_band,2026-09-23 14:15,,Just Players vs Bushido Wildcats,moneyline,Just Players,3,SoftBook A,2.37,1,won,1.37,-14.918,0.0,SoftBook A,hourly,eligible,2026-09-23 10:17
moneyline_flag_band,2026-09-23 17:00,,Bushido Wildcats vs megoshort,moneyline,Bushido Wildcats,3,SoftBook A,1.3,1,won,0.3,-14.618,0.0,SoftBook A,hourly,eligible,2026-09-23 10:17
moneyline_flag_band,2026-09-23 21:00,,Isurus vs Grêmio,moneyline,Isurus,3,Sharp,1.364,1,lost,-1.0,-15.618,0.65,Sharp,hourly,eligible,2026-09-23 10:17
moneyline_flag_band,2026-09-23 21:00,,METANOIA Wolves vs Keyd Stars,moneyline,Keyd Stars,3,Sharp,1.134,1,lost,-1.0,-16.618,0.0,Sharp,hourly,no_bet,2026-09-23 10:17
moneyline_flag_band,2026-09-24 01:00,,regain vs FarmVille,moneyline,regain,3,SoftBook A,1.66,1,won,0.66,-15.958,,,hourly,no_bet,2026-09-24 00:18
moneyline_flag_band,2026-09-24 08:00,,The Last Resort vs Nexus,moneyline,Nexus,3,SoftBook A,1.61,1,won,0.61,-15.348,3.25,SoftBook A,close,eligible,2026-09-24 07:18
moneyline_flag_band,2026-09-24 11:15,,INFINITE Talent vs Four Magic,moneyline,INFINITE Talent,3,Sharp,2.78,1,lost,-1.0,-16.348,-0.14,Sharp,close,no_bet,2026-09-24 09:18
moneyline_flag_band,2026-09-24 12:00,,fnatic vs Just Players,moneyline,Just Players,3,Sharp,4.39,1,lost,-1.0,-17.348,-1.62,Sharp,close,eligible,2026-09-24 09:18
moneyline_flag_band,2026-09-24 13:00,,Imperial vs Galorys,moneyline,Galorys,3,Sharp,2.91,1,lost,-1.0,-18.348,-1.79,Sharp,close,eligible,2026-09-24 09:18
moneyline_flag_band,2026-09-24 13:00,,paiN vs Bounty Hunters,moneyline,paiN,3,Sharp,1.515,1,won,0.515,-17.833,2.31,Sharp,close,eligible,2026-09-24 09:18
moneyline_flag_band,2026-09-24 13:00,,XDM vs Rare Atom,moneyline,XDM,3,SoftBook A,7.0,1,lost,-1.0,-18.833,0.0,SoftBook A,close,no_bet,2026-09-24 09:18
moneyline_flag_band,2026-09-24 14:00,,ex-Zero Tenacity vs BIG Academy,moneyline,BIG Academy,3,Sharp,2.69,1,lost,-1.0,-19.833,7.1,Sharp,close,no_bet,2026-09-24 09:18
moneyline_flag_band,2026-09-24 14:00,,WW vs Leo,moneyline,WW,3,SoftBook A,1.66,1,lost,-1.0,-20.833,0.0,SoftBook A,close,eligible,2026-09-24 09:18
moneyline_flag_band,2026-09-24 16:15,,Turma do Pagode vs Keyd Stars,moneyline,Keyd Stars,3,Sharp,2.21,1,won,1.21,-19.623,2.15,Sharp,close,no_bet,2026-09-24 09:18
moneyline_flag_band,2026-09-24 21:00,,Keyd Stars vs ALKA,moneyline,ALKA,3,Sharp,2.6,1,won,1.6,-18.023,-3.95,Sharp,close,no_bet,2026-09-24 09:18
moneyline_flag_band,2026-09-24 21:00,,Bounty Hunters vs Yawara,moneyline,Bounty Hunters,3,Sharp,1.267,1,lost,-1.0,-19.023,-1.78,Sharp,close,eligible,2026-09-24 09:18
moneyline_flag_band,2026-09-25 01:00,,FarmVille vs Unreal Nightmare,moneyline,FarmVille,3,SoftBook A,1.36,1,won,0.36,-18.663,0.0,SoftBook A,close,no_bet,2026-09-25 00:24
moneyline_flag_band,2026-09-25 08:00,,Nemiga vs INOX Division,moneyline,Nemiga,3,Sharp,1.34,1,won,0.34,-18.323,,,hourly,eligible,2026-09-25 03:24
moneyline_flag_band,2026-09-25 09:00,,Eternal Fire vs WBT,moneyline,WBT,3,Sharp,3.59,1,lost,-1.0,-19.323,0.0,Sharp,close,eligible,2026-09-25 08:17
moneyline_flag_band,2026-09-25 09:00,,Rooster vs FlyQuest,moneyline,Rooster,3,SoftBook A,11.0,1,lost,-1.0,-20.323,0.0,SoftBook A,close,no_bet,2026-09-25 08:17
moneyline_flag_band,2026-09-25 11:00,,100 Thieves vs BBL,moneyline,BBL,3,Sharp,2.58,1,lost,-1.0,-21.323,0.83,Sharp,close,eligible,2026-09-25 08:17
moneyline_flag_band,2026-09-25 12:15,,Nuclear TigeRES vs ex-Zero Tenacity,moneyline,Nuclear TigeRES,3,Sharp,1.654,1,won,0.654,-20.669,-5.59,Sharp,close,eligible,2026-09-25 11:21
moneyline_flag_band,2026-09-25 13:00,,Bounty Hunters vs Yawara,moneyline,Bounty Hunters,3,Sharp,1.408,1,won,0.408,-20.261,0.29,Sharp,close,eligible,2026-09-25 11:21
moneyline_flag_band,2026-09-25 13:00,,Lynn Vision vs The Huns,moneyline,The Huns,3,SoftBook A,5.0,1,lost,-1.0,-21.261,0.0,SoftBook A,close,eligible,2026-09-25 11:21
moneyline_flag_band,2026-09-25 13:00,,Rare Atom vs Vitalem Aerem,moneyline,Vitalem Aerem,3,SoftBook A,4.5,1,lost,-1.0,-22.261,0.0,SoftBook A,close,eligible,2026-09-25 11:21
moneyline_flag_band,2026-09-25 14:15,,Ninjas in Pyjamas vs 3DMAX,moneyline,3DMAX,3,Sharp,1.84,1,lost,-1.0,-23.261,-1.78,Sharp,close,eligible,2026-09-25 11:21
moneyline_flag_band,2026-09-25 14:35,,Iberian Soul vs UPGRADE,moneyline,UPGRADE,3,Sharp,2.42,1,lost,-1.0,-24.261,,,hourly,eligible,2026-09-25 14:19
moneyline_flag_band,2026-09-25 16:10,,SINNERS vs ex-RUBY,moneyline,SINNERS,3,SoftBook A,1.5,1,lost,-1.0,-25.261,0.0,SoftBook A,hourly,eligible,2026-09-25 14:19
moneyline_flag_band,2026-09-25 17:00,,ex-Zero Tenacity vs Illyrians,moneyline,ex-Zero Tenacity,3,Sharp,1.541,1,won,0.541,-24.72,-6.59,Sharp,close,eligible,2026-09-25 14:19
moneyline_flag_band,2026-09-25 17:11,,BBL vs BRUTE,moneyline,BBL,3,Sharp,1.485,1,void,0.0,,3.3,Sharp,close,eligible,2026-09-25 14:19
moneyline_flag_band,2026-09-25 17:15,,NRG vs Wildcard,moneyline,Wildcard,3,Sharp,2.49,1,lost,-1.0,-25.72,-3.07,Sharp,hourly,eligible,2026-09-25 14:19
moneyline_flag_band,2026-09-25 17:15,,Liquid vs Chicken Coop,moneyline,Chicken Coop,3,SoftBook A,15.0,1,lost,-1.0,-26.72,0.0,SoftBook A,hourly,no_bet,2026-09-25 14:19
moneyline_flag_band,2026-09-25 17:15,,JiJieHao vs Sangal,moneyline,JiJieHao,3,SoftBook A,1.5,1,lost,-1.0,-27.72,6.76,SoftBook A,hourly,eligible,2026-09-25 14:19
moneyline_flag_band,2026-09-25 17:25,,Magic vs EYEBALLERS,moneyline,EYEBALLERS,3,SoftBook A,3.25,1,lost,-1.0,-28.72,,,close,eligible,2026-09-25 14:19
moneyline_flag_band,2026-09-25 18:20,,Sashi vs 9INE,moneyline,Sashi,3,SoftBook A,1.83,1,won,0.83,-27.89,0.0,SoftBook A,hourly,eligible,2026-09-25 14:19
moneyline_flag_band,2026-09-25 21:00,,Procyon vs Turma do Pagode,moneyline,Procyon,3,Sharp,3.6,1,won,2.6,-25.29,-0.95,Sharp,close,eligible,2026-09-25 14:19
bo3_dog_plus_1_5_v0,2026-07-22 10:30,,Eternal Fire vs CYBERSHOKE,+1.5 maps,CYBERSHOKE,3,Sharp,1.364,1,won,0.364,,2.48,Sharp,,ineligible,2026-07-22 06:05
bo3_dog_plus_1_5_v0,2026-07-22 11:00,,SPARTA vs SAW Youngsters,+1.5 maps,SAW Youngsters,3,Sharp,1.769,1,won,0.769,0.769,1.36,Sharp,,selected,2026-07-22 03:09
bo3_dog_plus_1_5_v0,2026-07-22 11:00,,Enjoy vs Fortress,+1.5 maps,Fortress,3,Sharp,2.84,1,won,1.84,,-1.39,Sharp,,ineligible,2026-07-22 03:09
bo3_dog_plus_1_5_v0,2026-07-22 12:30,,Nemiga vs G2,+1.5 maps,Nemiga,3,Sharp,2.52,1,won,1.52,,3.61,Sharp,,ineligible,2026-07-22 03:09
bo3_dog_plus_1_5_v0,2026-07-22 16:00,,Nuclear TigeRES vs Echo,+1.5 maps,Echo,3,Sharp,1.549,1,won,0.549,,-1.28,Sharp,,ineligible,2026-07-22 03:09
bo3_dog_plus_1_5_v0,2026-07-22 17:00,,QUAZAR vs SAW Youngsters,+1.5 maps,SAW Youngsters,3,Sharp,1.746,1,won,0.746,1.515,2.38,Sharp,,selected,2026-07-22 03:09
bo3_dog_plus_1_5_v0,2026-07-23 13:00,,Ninjas in Pyjamas vs Echo,+1.5 maps,Echo,3,Sharp,1.725,1,lost,-1.0,,0.42,Sharp,,ineligible,2026-07-23 02:08
bo3_dog_plus_1_5_v0,2026-07-23 13:00,,100 Thieves vs Nuclear TigeRES,+1.5 maps,Nuclear TigeRES,3,Sharp,1.469,1,won,0.469,,1.48,Sharp,,ineligible,2026-07-23 02:08
bo3_dog_plus_1_5_v0,2026-07-23 17:00,,Misa vs Rounds,+1.5 maps,Rounds,3,Sharp,1.877,1,lost,-1.0,0.515,-5.92,Sharp,,selected,2026-07-23 02:08
bo3_dog_plus_1_5_v0,2026-07-24 11:00,,megoshort vs Rounds,+1.5 maps,Rounds,3,Sharp,1.418,1,won,0.418,,1.92,Sharp,,ineligible,2026-07-24 06:06
bo3_dog_plus_1_5_v0,2026-07-24 11:30,,HEROIC vs The MongolZ,+1.5 maps,The MongolZ,3,Sharp,1.433,1,won,0.433,,1.11,Sharp,,quarantined,2026-07-24 00:05
bo3_dog_plus_1_5_v0,2026-07-24 13:00,,Nuclear TigeRES vs Echo,+1.5 maps,Echo,3,Sharp,1.388,1,won,0.388,,-3.64,Sharp,,ineligible,2026-07-24 01:04
bo3_dog_plus_1_5_v0,2026-07-24 16:00,,Bounty Hunters vs ODDIK,+1.5 maps,ODDIK,3,Sharp,1.503,1,won,0.503,1.018,0.47,Sharp,,selected,2026-07-23 22:06
bo3_dog_plus_1_5_v0,2026-07-24 17:00,,Privateer vs Misa,+1.5 maps,Privateer,3,Sharp,1.483,1,lost,-1.0,,-0.52,Sharp,,ineligible,2026-07-24 07:06
bo3_dog_plus_1_5_v0,2026-07-25 11:00,,Enjoy vs SAW Youngsters,+1.5 maps,SAW Youngsters,3,Sharp,1.437,1,won,0.437,1.455,5.55,Sharp,,selected,2026-07-25 02:05
bo3_dog_plus_1_5_v0,2026-07-25 13:00,,Aurora vs Echo,+1.5 maps,Echo,3,Sharp,2.19,1,lost,-1.0,0.455,0.65,Sharp,,selected,2026-07-25 08:05
bo3_dog_plus_1_5_v0,2026-07-25 16:00,,BESTIA Academy vs Isurus,+1.5 maps,BESTIA Academy,3,Sharp,1.518,1,lost,-1.0,-0.545,0.0,Sharp,,selected,2026-07-25 05:06
bo3_dog_plus_1_5_v0,2026-07-25 16:00,,ODDIK vs BORRACHEIROS,+1.5 maps,BORRACHEIROS,3,Sharp,2.04,1,won,1.04,0.495,3.09,Sharp,,selected,2026-07-25 05:06
bo3_dog_plus_1_5_v0,2026-07-25 16:00,,Ninjas in Pyjamas vs HEROIC,+1.5 maps,Ninjas in Pyjamas,3,Sharp,1.318,1,won,0.318,0.813,,,,selected,2026-07-25 07:05
bo3_dog_plus_1_5_v0,2026-07-27 14:00,,Black Phoenix vs Misa,+1.5 maps,Misa,3,Sharp,1.633,1,won,0.633,,0.18,Sharp,,quarantined,2026-07-26 23:05
bo3_dog_plus_1_5_v0,2026-07-27 14:00,,ex-RUSTEC vs Inner Circle Academy,+1.5 maps,Inner Circle Academy,3,Sharp,1.478,1,won,0.478,,0.17,Sharp,,quarantined,2026-07-27 03:05
bo3_dog_plus_1_5_v0,2026-07-27 17:00,,Bebop vs Falcons Force,+1.5 maps,Falcons Force,3,Sharp,1.524,1,won,0.524,1.337,2.33,Sharp,,selected,2026-07-26 23:05
bo3_dog_plus_1_5_v0,2026-07-27 17:00,,Just Players vs Inner Circle Academy,+1.5 maps,Inner Circle Academy,3,Sharp,1.588,1,lost,-1.0,,3.02,Sharp,,quarantined,2026-07-27 13:06
bo3_dog_plus_1_5_v0,2026-07-28 08:00,,Black Phoenix vs Enjoy,+1.5 maps,Enjoy,3,Sharp,1.36,1,won,0.36,1.697,-5.45,Sharp,,selected,2026-07-27 22:05
bo3_dog_plus_1_5_v0,2026-07-28 11:00,,Black Phoenix vs Bebop,+1.5 maps,Bebop,3,Sharp,1.353,1,won,0.353,,0.71,Sharp,,ineligible,2026-07-28 04:07
bo3_dog_plus_1_5_v0,2026-07-28 15:00,,MIBR vs Fluxo,+1.5 maps,Fluxo,3,Sharp,1.813,1,lost,-1.0,0.697,0.43,Sharp,,selected,2026-07-28 01:06
bo3_dog_plus_1_5_v0,2026-07-28 17:00,,Misa vs Falcons Force,+1.5 maps,Misa,3,Sharp,1.312,1,lost,-1.0,,-0.11,Sharp,,ineligible,2026-07-28 11:05
bo3_dog_plus_1_5_v0,2026-07-28 18:00,,Bounty Hunters vs LP,+1.5 maps,LP,3,Sharp,1.287,1,won,0.287,,0.0,Sharp,,quarantined,2026-07-28 03:05
bo3_dog_plus_1_5_v0,2026-07-28 21:00,,Imperial vs BESTIA,+1.5 maps,BESTIA,3,Sharp,1.426,1,lost,-1.0,-0.303,0.94,Sharp,,selected,2026-07-27 22:05
bo3_dog_plus_1_5_v0,2026-07-29 01:00,,regain vs Voca,+1.5 maps,regain,3,Sharp,2.18,1,lost,-1.0,,,,,quarantined,2026-07-29 00:05
bo3_dog_plus_1_5_v0,2026-07-29 14:00,,ex-RUSTEC vs ex-Young Ninjas,+1.5 maps,ex-Young Ninjas,3,Sharp,1.617,1,won,0.617,0.314,-0.17,Sharp,,selected,2026-07-29 09:07
bo3_dog_plus_1_5_v0,2026-07-29 17:00,,Bebop vs Misa,+1.5 maps,Misa,3,Sharp,1.633,1,lost,-1.0,,0.84,Sharp,,ineligible,2026-07-29 02:05
bo3_dog_plus_1_5_v0,2026-07-29 18:00,,MIBR vs LP,+1.5 maps,LP,3,Sharp,2.05,1,won,1.05,1.364,1.72,Sharp,,selected,2026-07-29 03:05
bo3_dog_plus_1_5_v0,2026-07-29 22:00,,NRG vs Marsborne,+1.5 maps,Marsborne,3,Sharp,2.1,1,won,1.1,,,,,ineligible,2026-07-29 21:06
bo3_dog_plus_1_5_v0,2026-07-30 17:00,,Just Players vs Inner Circle Academy,+1.5 maps,Inner Circle Academy,3,Sharp,1.483,1,lost,-1.0,0.364,-0.77,Sharp,,selected,2026-07-30 00:08
bo3_dog_plus_1_5_v0,2026-07-30 18:00,,ShindeN vs Imperial,+1.5 maps,ShindeN,3,Sharp,1.625,1,won,0.625,0.989,3.71,Sharp,,selected,2026-07-30 05:06
bo3_dog_plus_1_5_v0,2026-07-30 18:15,,Young TigeRES vs Banda Chuya,+1.5 maps,Banda Chuya,3,Sharp,1.714,1,lost,-1.0,-0.011,-0.01,Sharp,,selected,2026-07-30 06:10
bo3_dog_plus_1_5_v0,2026-07-31 11:00,,SINNERS vs Rune Eaters,+1.5 maps,Rune Eaters,3,Sharp,1.704,1,lost,-1.0,-1.011,-0.4,Sharp,,selected,2026-07-31 01:06
bo3_dog_plus_1_5_v0,2026-07-31 12:30,,FaZe vs The MongolZ,+1.5 maps,The MongolZ,3,Sharp,1.465,1,won,0.465,,-0.64,Sharp,,ineligible,2026-07-30 15:07
bo3_dog_plus_1_5_v0,2026-07-31 14:00,,Lavked vs megoshort,+1.5 maps,megoshort,3,Sharp,1.752,1,won,0.752,,11.8,Sharp,,ineligible,2026-07-31 02:07
bo3_dog_plus_1_5_v0,2026-07-31 15:30,,paiN vs Astralis,+1.5 maps,paiN,3,Sharp,1.448,1,won,0.448,-0.563,0.68,Sharp,,selected,2026-07-31 06:08
bo3_dog_plus_1_5_v0,2026-07-31 18:00,,Imperial vs Fluxo,+1.5 maps,Fluxo,3,Sharp,1.49,1,won,0.49,-0.073,-0.53,Sharp,,selected,2026-07-31 11:06
bo3_dog_plus_1_5_v0,2026-07-31 20:30,,LP vs BESTIA,+1.5 maps,LP,3,Sharp,1.476,1,lost,-1.0,-1.073,-1.47,Sharp,,selected,2026-07-31 12:09
bo3_dog_plus_1_5_v0,2026-08-01 00:30,,Marsborne vs regain,+1.5 maps,regain,3,Sharp,1.952,1,lost,-1.0,-2.073,-1.31,Sharp,,selected,2026-07-31 15:08
bo3_dog_plus_1_5_v0,2026-08-01 10:30,,Spirit vs FaZe,+1.5 maps,FaZe,3,Sharp,2.12,1,won,1.12,-0.953,0.72,Sharp,,selected,2026-07-31 23:07
bo3_dog_plus_1_5_v0,2026-08-01 12:00,,SINQU vs BC.Game,+1.5 maps,SINQU,3,Sharp,3.76,1,lost,-1.0,,-5.92,Sharp,,quarantined,2026-08-01 07:06
bo3_dog_plus_1_5_v0,2026-08-01 14:00,,SPARTA vs Rune Eaters,+1.5 maps,Rune Eaters,3,Sharp,1.407,1,won,0.407,-0.546,-0.03,Sharp,,selected,2026-07-31 19:05
bo3_dog_plus_1_5_v0,2026-08-01 17:00,,ENCE vs BC.Game,+1.5 maps,ENCE,3,Sharp,2.71,1,lost,-1.0,,-0.21,Sharp,,quarantined,2026-08-01 15:08
bo3_dog_plus_1_5_v0,2026-08-01 22:00,,NRG vs Voca,+1.5 maps,Voca,3,Sharp,1.763,1,won,0.763,,,,,ineligible,2026-08-01 21:05
bo3_dog_plus_1_5_v0,2026-08-02 10:00,,GenOne vs CYBERSHOKE,+1.5 maps,GenOne,3,Sharp,1.455,1,won,0.455,-0.091,1.4,Sharp,,selected,2026-08-02 00:07
bo3_dog_plus_1_5_v0,2026-08-02 13:00,,MOUZ NXT vs WBT,+1.5 maps,WBT,3,Sharp,1.314,1,won,0.314,0.223,0.0,Sharp,,selected,2026-08-01 22:06
bo3_dog_plus_1_5_v0,2026-08-02 18:00,,ShindeN vs BESTIA,+1.5 maps,ShindeN,3,Sharp,1.442,1,lost,-1.0,-0.777,0.43,Sharp,,selected,2026-08-02 06:05
bo3_dog_plus_1_5_v0,2026-08-03 08:00,,WW vs CYBERSHOKE Prospects,+1.5 maps,CYBERSHOKE Prospects,3,Sharp,1.588,1,won,0.588,,3.88,Sharp,,quarantined,2026-08-03 05:05
bo3_dog_plus_1_5_v0,2026-08-03 13:00,,MOUZ NXT vs Misa,+1.5 maps,MOUZ NXT,3,Sharp,1.413,1,won,0.413,-0.364,-0.65,Sharp,,selected,2026-08-03 02:14
bo3_dog_plus_1_5_v0,2026-08-03 17:00,,Keyd Stars vs BORRACHEIROS,+1.5 maps,BORRACHEIROS,3,Sharp,1.885,1,won,0.885,,-0.96,Sharp,,ineligible,2026-08-02 23:05
bo3_dog_plus_1_5_v0,2026-08-03 23:00,,Grêmio vs paiN Academy,+1.5 maps,Grêmio,3,Sharp,1.327,1,won,0.327,-0.037,-4.76,Sharp,,selected,2026-08-03 01:05
bo3_dog_plus_1_5_v0,2026-08-04 14:00,,Nemiga vs GenOne,+1.5 maps,GenOne,3,Sharp,1.41,1,won,0.41,0.373,-1.67,Sharp,,selected,2026-08-03 16:05
bo3_dog_plus_1_5_v0,2026-08-04 14:00,,Just Players vs Enjoy,+1.5 maps,Enjoy,3,Sharp,1.521,1,lost,-1.0,-0.627,2.72,Sharp,,selected,2026-08-04 03:06
bo3_dog_plus_1_5_v0,2026-08-04 17:00,,fnatic vs EAC,+1.5 maps,EAC,3,Sharp,1.885,1,lost,-1.0,-1.627,-0.23,Sharp,,selected,2026-08-04 04:05
bo3_dog_plus_1_5_v0,2026-08-04 23:00,,BESTIA vs METANOIA Wolves,+1.5 maps,METANOIA Wolves,3,Sharp,3.42,1,lost,-1.0,,,,,ineligible,2026-08-04 22:05
bo3_dog_plus_1_5_v0,2026-08-05 08:00,,CYBERSHOKE Prospects vs Nuclear TigeRES,+1.5 maps,CYBERSHOKE Prospects,3,Sharp,1.694,1,lost,-1.0,-2.627,0.18,Sharp,,selected,2026-08-05 04:06
bo3_dog_plus_1_5_v0,2026-08-05 20:00,,Imperial vs ALKA,+1.5 maps,ALKA,3,Sharp,2.49,1,won,1.49,-1.137,-3.73,Sharp,,selected,2026-08-05 15:07
bo3_dog_plus_1_5_v0,2026-08-05 23:00,,BESTIA vs Grêmio,+1.5 maps,Grêmio,3,Sharp,2.79,1,lost,-1.0,,-1.79,Sharp,,ineligible,2026-08-05 04:06
bo3_dog_plus_1_5_v0,2026-08-06 14:00,,paiN Academy vs MEIA NOITE,+1.5 maps,paiN Academy,3,Sharp,1.649,1,won,0.649,,8.37,Sharp,,quarantined,2026-08-05 23:05
bo3_dog_plus_1_5_v0,2026-08-06 23:00,,Galorys vs BORRACHEIROS,+1.5 maps,BORRACHEIROS,3,Sharp,2.0,1,lost,-1.0,,3.23,Sharp,,ineligible,2026-08-06 07:06
bo3_dog_plus_1_5_v0,2026-08-07 09:00,,SAW vs EAC,+1.5 maps,EAC,3,Sharp,1.581,1,lost,-1.0,,4.28,Sharp,,quarantined,2026-08-06 23:06
bo3_dog_plus_1_5_v0,2026-08-07 11:00,,GenOne vs CYBERSHOKE,+1.5 maps,GenOne,3,Sharp,1.339,1,lost,-1.0,-2.137,0.0,Sharp,,selected,2026-08-07 07:10
bo3_dog_plus_1_5_v0,2026-08-07 23:00,,Imperial vs Galorys,+1.5 maps,Galorys,3,Sharp,1.704,1,won,0.704,-1.433,-4.76,Sharp,,selected,2026-08-07 09:11
bo3_dog_plus_1_5_v0,2026-08-08 08:00,,Fire Flux vs Phantom Academy,+1.5 maps,Phantom Academy,3,Sharp,1.369,1,won,0.369,-1.064,,,,selected,2026-08-08 07:13
bo3_dog_plus_1_5_v0,2026-08-08 09:00,,Echo vs OG,+1.5 maps,Echo,3,Sharp,1.305,1,won,0.305,,,,,quarantined,2026-08-08 04:06
bo3_dog_plus_1_5_v0,2026-08-08 10:00,,Black Phoenix vs CYBERSHOKE,+1.5 maps,Black Phoenix,3,Sharp,1.532,1,won,0.532,,0.0,Sharp,,ineligible,2026-08-08 07:13
bo3_dog_plus_1_5_v0,2026-08-08 20:00,,ALKA vs paiN Academy,+1.5 maps,paiN Academy,3,Sharp,1.599,1,lost,-1.0,-2.064,0.08,Sharp,,selected,2026-08-08 00:06
bo3_dog_plus_1_5_v0,2026-08-09 09:00,,HEROIC vs ASTRAL,+1.5 maps,ASTRAL,3,Sharp,2.54,1,lost,-1.0,-3.064,5.39,Sharp,,selected,2026-08-08 23:07
bo3_dog_plus_1_5_v0,2026-08-09 09:00,,BC.Game vs OG,+1.5 maps,OG,3,Sharp,1.633,1,lost,-1.0,-4.064,-4.37,Sharp,,selected,2026-08-08 23:07
bo3_dog_plus_1_5_v0,2026-08-09 14:00,,ALKA vs BORRACHEIROS,+1.5 maps,BORRACHEIROS,3,Sharp,1.37,1,lost,-1.0,-5.064,-1.89,Sharp,,selected,2026-08-09 04:07
bo3_dog_plus_1_5_v0,2026-08-09 17:00,,Grêmio vs Procyon,+1.5 maps,Grêmio,3,Sharp,1.315,1,won,0.315,-4.749,-1.64,Sharp,,selected,2026-08-09 04:07
bo3_dog_plus_1_5_v0,2026-08-09 23:00,,Galorys vs Keyd Stars,+1.5 maps,Keyd Stars,3,Sharp,1.383,1,lost,-1.0,-5.749,1.79,Sharp,,selected,2026-08-09 04:07
bo3_dog_plus_1_5_v0,2026-08-10 21:00,,Back to Back vs DAMAJUANA,+1.5 maps,DAMAJUANA,3,Sharp,2.92,1,lost,-1.0,,-0.3,Sharp,,ineligible,2026-08-10 16:06
bo3_dog_plus_1_5_v0,2026-08-11 23:45,,METANOIA Wolves vs Red Feet,+1.5 maps,Red Feet,3,Sharp,1.521,1,lost,-1.0,,-1.79,Sharp,,quarantined,2026-08-11 12:06
bo3_dog_plus_1_5_v0,2026-08-13 14:00,,Bushido Wildcats vs ex-RUSTEC,+1.5 maps,Bushido Wildcats,3,Sharp,1.379,1,won,0.379,-5.37,0.6,Sharp,,selected,2026-08-13 08:07
bo3_dog_plus_1_5_v0,2026-08-13 20:00,,Imperial vs Isurus,+1.5 maps,Isurus,3,Sharp,2.0,1,lost,-1.0,-6.37,0.3,Sharp,,selected,2026-08-13 12:09
bo3_dog_plus_1_5_v0,2026-08-14 13:00,,Lavked vs SINQU,+1.5 maps,SINQU,3,Sharp,2.16,1,won,1.16,,-2.16,Sharp,,quarantined,2026-08-14 07:09
bo3_dog_plus_1_5_v0,2026-08-14 13:55,,Vitality vs B8,+1.5 maps,B8,3,Sharp,2.48,1,won,1.48,,-1.29,Sharp,,ineligible,2026-08-13 20:06
bo3_dog_plus_1_5_v0,2026-08-14 20:00,,Galorys vs BORRACHEIROS,+1.5 maps,BORRACHEIROS,3,Sharp,1.962,1,lost,-1.0,-7.37,-1.27,Sharp,,selected,2026-08-13 21:07
bo3_dog_plus_1_5_v0,2026-08-14 23:00,,BESTIA vs ALKA,+1.5 maps,ALKA,3,Sharp,2.35,1,won,1.35,-6.02,3.37,Sharp,,selected,2026-08-14 15:08
bo3_dog_plus_1_5_v0,2026-08-14 23:45,,METANOIA Wolves vs MEIA NOITE,+1.5 maps,METANOIA Wolves,3,Sharp,1.694,1,won,0.694,-5.326,-0.87,Sharp,,selected,2026-08-14 15:08
bo3_dog_plus_1_5_v0,2026-08-15 11:00,,9z vs FURIA,+1.5 maps,9z,3,Sharp,1.556,1,won,0.556,-4.77,0.31,Sharp,,selected,2026-08-15 04:06
bo3_dog_plus_1_5_v0,2026-08-15 13:00,,Fire Flux vs OG,+1.5 maps,Fire Flux,3,Sharp,2.14,1,won,1.14,-3.63,6.15,Sharp,,selected,2026-08-15 06:06
bo3_dog_plus_1_5_v0,2026-08-15 16:50,,BIG vs Spirit,+1.5 maps,BIG,3,Sharp,2.24,1,won,1.24,-2.39,0.81,Sharp,,selected,2026-08-15 01:06
bo3_dog_plus_1_5_v0,2026-08-15 21:00,,paiN Academy vs ALKA,+1.5 maps,paiN Academy,3,Sharp,1.82,1,lost,-1.0,,2.87,Sharp,,ineligible,2026-08-15 17:06
bo3_dog_plus_1_5_v0,2026-08-16 11:00,,ENCE vs WBT,+1.5 maps,WBT,3,Sharp,1.465,1,won,0.465,,7.32,Sharp,,ineligible,2026-08-15 18:06
bo3_dog_plus_1_5_v0,2026-08-16 11:00,,Vitality vs Lynn Vision,+1.5 maps,Lynn Vision,3,Sharp,3.22,1,lost,-1.0,,-2.98,Sharp,,ineligible,2026-08-15 22:07
bo3_dog_plus_1_5_v0,2026-08-17 11:00,,ENCE vs BERG,+1.5 maps,BERG,3,Sharp,1.763,1,lost,-1.0,-3.39,-2.58,Sharp,,selected,2026-08-17 00:06
bo3_dog_plus_1_5_v0,2026-08-17 11:00,,Inner Circle Academy vs ex-Zero Tenacity,+1.5 maps,Inner Circle Academy,3,Sharp,1.478,1,won,0.478,-2.912,-3.25,Sharp,,selected,2026-08-17 05:06
bo3_dog_plus_1_5_v0,2026-08-17 13:45,,LPH vs SAW Youngsters,+1.5 maps,LPH,3,Sharp,1.41,1,won,0.41,,3.94,Sharp,,ineligible,2026-08-16 23:06
bo3_dog_plus_1_5_v0,2026-08-17 17:00,,Enjoy vs HAVU,+1.5 maps,HAVU,3,Sharp,1.407,1,won,0.407,-2.505,0.19,Sharp,,selected,2026-08-17 01:05
bo3_dog_plus_1_5_v0,2026-08-18 08:00,,PCIFIC vs Just Players,+1.5 maps,PCIFIC,3,Sharp,1.592,1,lost,-1.0,,-1.73,Sharp,,ineligible,2026-08-18 04:07
bo3_dog_plus_1_5_v0,2026-08-18 11:00,,MASONIC vs Bebop,+1.5 maps,MASONIC,3,Sharp,1.426,1,won,0.426,,-4.38,Sharp,,ineligible,2026-08-18 04:07
bo3_dog_plus_1_5_v0,2026-08-18 17:00,,Lavked vs HAVU,+1.5 maps,HAVU,3,Sharp,1.541,1,won,0.541,-1.964,0.42,Sharp,,selected,2026-08-18 15:07
bo3_dog_plus_1_5_v0,2026-08-19 14:00,,Black Phoenix vs Bushido Wildcats,+1.5 maps,Bushido Wildcats,3,Sharp,1.36,1,won,0.36,-1.604,-0.55,Sharp,,selected,2026-08-18 15:07
bo3_dog_plus_1_5_v0,2026-08-19 14:00,,FUT vs Magic,+1.5 maps,Magic,3,Sharp,1.602,1,won,0.602,-1.002,2.64,Sharp,,selected,2026-08-19 06:08
bo3_dog_plus_1_5_v0,2026-08-20 13:00,,Metizport vs Color,+1.5 maps,Metizport,3,Sharp,1.304,1,won,0.304,,0.0,Sharp,,quarantined,2026-08-20 05:12
bo3_dog_plus_1_5_v0,2026-08-20 13:45,,LPH vs WBT,+1.5 maps,LPH,3,Sharp,1.565,1,lost,-1.0,,0.28,Sharp,,ineligible,2026-08-20 06:08
bo3_dog_plus_1_5_v0,2026-08-20 13:45,,mellren vs Bushido Wildcats,+1.5 maps,mellren,3,Sharp,1.714,1,won,0.714,-0.288,0.0,Sharp,,selected,2026-08-20 09:08
bo3_dog_plus_1_5_v0,2026-08-20 14:00,,PCIFIC vs Drip Too Hard,+1.5 maps,PCIFIC,3,Sharp,1.474,1,won,0.474,,-2.68,Sharp,,quarantined,2026-08-19 23:13
bo3_dog_plus_1_5_v0,2026-08-20 18:15,,FORZE Reload vs Younglings,+1.5 maps,Younglings,3,Sharp,1.714,1,lost,-1.0,,-7.91,Sharp,,ineligible,2026-08-20 05:12
bo3_dog_plus_1_5_v0,2026-08-21 11:00,,Color vs Inner Circle Academy,+1.5 maps,Inner Circle Academy,3,Sharp,1.84,1,lost,-1.0,,0.0,Sharp,,quarantined,2026-08-21 08:09
bo3_dog_plus_1_5_v0,2026-08-21 14:00,,MASONIC vs ex-Zero Tenacity,+1.5 maps,MASONIC,3,Sharp,1.495,1,lost,-1.0,-1.288,-9.39,Sharp,,selected,2026-08-21 04:07
bo3_dog_plus_1_5_v0,2026-08-21 17:00,,Vitality vs Spirit,+1.5 maps,Spirit,3,Sharp,1.41,1,won,0.41,-0.878,-0.24,Sharp,,selected,2026-08-20 23:12
bo3_dog_plus_1_5_v0,2026-08-22 17:00,,Legacy vs Spirit,+1.5 maps,Legacy,3,Sharp,1.781,1,lost,-1.0,-1.878,,,,selected,2026-08-22 16:06
bo3_dog_plus_1_5_v0,2026-08-23 08:00,,Color vs SPARTA,+1.5 maps,SPARTA,3,Sharp,1.386,1,won,0.386,-1.492,1.42,Sharp,,selected,2026-08-22 20:07
bo3_dog_plus_1_5_v0,2026-08-23 11:00,,Drip Too Hard vs MASONIC,+1.5 maps,MASONIC,3,Sharp,1.49,1,lost,-1.0,,0.26,Sharp,,quarantined,2026-08-23 09:11
bo3_dog_plus_1_5_v0,2026-08-23 17:00,,Just Players vs ex-Zero Tenacity,+1.5 maps,Just Players,3,Sharp,1.324,1,won,0.324,,0.0,Sharp,,ineligible,2026-08-23 09:11
bo3_dog_plus_1_5_v0,2026-08-24 14:00,,PCIFIC vs Bushido Wildcats,+1.5 maps,PCIFIC,3,Sharp,1.61,1,won,0.61,-0.882,-1.87,Sharp,,selected,2026-08-24 06:25
bo3_dog_plus_1_5_v0,2026-08-24 17:00,,CYBERSHOKE Prospects vs ex-Zero Tenacity,+1.5 maps,CYBERSHOKE Prospects,3,Sharp,1.322,1,won,0.322,-0.56,-0.56,Sharp,,selected,2026-08-24 06:25
bo3_dog_plus_1_5_v0,2026-08-25 21:00,,BORRACHEIROS vs Galorys,+1.5 maps,BORRACHEIROS,3,Sharp,2.27,1,won,1.27,0.71,2.65,Sharp,,selected,2026-08-24 23:08
bo3_dog_plus_1_5_v0,2026-08-25 21:00,,Yawara vs Keyd Stars,+1.5 maps,Yawara,3,Sharp,1.481,1,won,0.481,,0.81,Sharp,,ineligible,2026-08-25 17:08
bo3_dog_plus_1_5_v0,2026-08-25 21:00,,ShindeN vs ALKA,+1.5 maps,ALKA,3,Sharp,1.971,1,lost,-1.0,-0.29,,,,selected,2026-08-25 19:11
bo3_dog_plus_1_5_v0,2026-08-25 22:00,,ALKA vs Pugdesonesto,+1.5 maps,Pugdesonesto,3,Sharp,2.31,1,won,1.31,,0.0,Sharp,,ineligible,2026-08-25 11:12
bo3_dog_plus_1_5_v0,2026-08-26 14:00,,Natus Vincere vs M80,+1.5 maps,M80,3,Sharp,2.11,1,won,1.11,0.82,1.58,Sharp,,selected,2026-08-25 21:07
bo3_dog_plus_1_5_v0,2026-08-26 21:00,,ALKA vs Turma do Pagode,+1.5 maps,ALKA,3,Sharp,1.787,1,won,0.787,,-2.28,Sharp,,ineligible,2026-08-26 19:10
bo3_dog_plus_1_5_v0,2026-08-27 01:00,,Overtake Sector vs NuTorious,+1.5 maps,NuTorious,3,Sharp,1.362,1,won,0.362,,-0.68,Sharp,,ineligible,2026-08-26 23:12
bo3_dog_plus_1_5_v0,2026-08-27 08:00,,ex-Zero Tenacity vs WBT,+1.5 maps,WBT,3,Sharp,1.463,1,lost,-1.0,-0.18,2.4,Sharp,,selected,2026-08-27 04:19
bo3_dog_plus_1_5_v0,2026-08-27 09:00,,Vitality vs Inner Circle,+1.5 maps,Inner Circle,3,Sharp,2.6,1,won,1.6,,1.29,Sharp,,ineligible,2026-08-26 23:12
bo3_dog_plus_1_5_v0,2026-08-27 11:30,,MOUZ vs 9z,+1.5 maps,9z,3,Sharp,1.581,1,lost,-1.0,-1.18,2.28,Sharp,,selected,2026-08-26 23:12
bo3_dog_plus_1_5_v0,2026-08-27 14:00,,Legacy vs FUT,+1.5 maps,Legacy,3,Sharp,1.361,1,won,0.361,-0.819,-0.62,Sharp,,selected,2026-08-26 23:12
bo3_dog_plus_1_5_v0,2026-08-27 14:00,,EAC vs QUAZAR,+1.5 maps,EAC,3,Sharp,1.331,1,lost,-1.0,-1.819,0.0,Sharp,,selected,2026-08-27 00:08
bo3_dog_plus_1_5_v0,2026-08-27 21:00,,Bounty Hunters vs Turma do Pagode,+1.5 maps,Bounty Hunters,3,Sharp,1.312,1,lost,-1.0,,-2.8,Sharp,,ineligible,2026-08-27 06:13
bo3_dog_plus_1_5_v0,2026-08-27 21:00,,Keyd Stars vs Isurus,+1.5 maps,Isurus,3,Sharp,1.546,1,won,0.546,-1.273,0.0,Sharp,,selected,2026-08-27 08:09
bo3_dog_plus_1_5_v0,2026-08-28 17:00,,UPGRADE vs Black Phoenix,+1.5 maps,Black Phoenix,3,Sharp,1.386,1,won,0.386,-0.887,3.33,Sharp,,selected,2026-08-28 06:13
bo3_dog_plus_1_5_v0,2026-08-28 19:00,,Peladona vs Procyon,+1.5 maps,Procyon,3,Sharp,2.21,1,lost,-1.0,-1.887,2.62,Sharp,,selected,2026-08-28 16:09
bo3_dog_plus_1_5_v0,2026-08-28 21:00,,Turma do Pagode vs Isurus,+1.5 maps,Isurus,3,Sharp,1.735,1,won,0.735,-1.152,2.27,Sharp,,selected,2026-08-28 08:09
bo3_dog_plus_1_5_v0,2026-08-29 01:00,,Voca vs Overtake Sector,+1.5 maps,Overtake Sector,3,Sharp,3.12,1,won,2.12,,-0.73,Sharp,,ineligible,2026-08-28 18:09
bo3_dog_plus_1_5_v0,2026-08-29 09:00,,Vitality vs 9z,+1.5 maps,9z,3,Sharp,1.885,1,lost,-1.0,,-2.84,Sharp,,ineligible,2026-08-28 22:10
bo3_dog_plus_1_5_v0,2026-08-29 14:00,,FUT vs Lynn Vision,+1.5 maps,Lynn Vision,3,Sharp,2.05,1,won,1.05,-0.102,-5.67,Sharp,,selected,2026-08-29 01:09
bo3_dog_plus_1_5_v0,2026-08-30 11:00,,OG vs Eternal Fire,+1.5 maps,OG,3,Sharp,1.442,1,won,0.442,,0.07,Sharp,,ineligible,2026-08-30 03:09
bo3_dog_plus_1_5_v0,2026-08-30 13:00,,BESTIA Academy vs ALKA,+1.5 maps,BESTIA Academy,3,Sharp,1.637,1,won,0.637,0.535,0.87,Sharp,,selected,2026-08-29 23:11
bo3_dog_plus_1_5_v0,2026-08-30 13:00,,Strael Bora vs Inner Circle Academy,+1.5 maps,Strael Bora,3,Sharp,2.53,1,lost,-1.0,,-3.56,Sharp,,ineligible,2026-08-30 05:09
bo3_dog_plus_1_5_v0,2026-08-30 14:00,,Legacy vs Vitality,+1.5 maps,Legacy,3,Sharp,1.769,1,won,0.769,,0.0,Sharp,,ineligible,2026-08-30 12:14
bo3_dog_plus_1_5_v0,2026-08-30 19:00,,BORRACHEIROS vs Peladona,+1.5 maps,BORRACHEIROS,3,Sharp,1.943,1,won,0.943,,-15.82,Sharp,,ineligible,2026-08-29 23:11
bo3_dog_plus_1_5_v0,2026-08-31 11:00,,Metizport vs PCIFIC,+1.5 maps,PCIFIC,3,Sharp,2.08,1,lost,-1.0,-0.465,-3.31,Sharp,,selected,2026-08-30 16:13
bo3_dog_plus_1_5_v0,2026-08-31 16:00,,BESTIA Academy vs Blitzkrieg,+1.5 maps,Blitzkrieg,3,Sharp,3.8,1,lost,-1.0,,1.16,Sharp,,ineligible,2026-08-31 07:11
bo3_dog_plus_1_5_v0,2026-08-31 19:00,,DAMAJUANA vs Zetta,+1.5 maps,Zetta,3,Sharp,1.559,1,lost,-1.0,,-6.98,Sharp,,quarantined,2026-08-31 06:10
bo3_dog_plus_1_5_v0,2026-09-01 14:00,,LP vs Eternal Fire,+1.5 maps,LP,3,Sharp,2.05,1,won,1.05,,-0.49,Sharp,,quarantined,2026-09-01 01:09
bo3_dog_plus_1_5_v0,2026-09-01 16:00,,BORRACHEIROS vs ALKA,+1.5 maps,BORRACHEIROS,3,Sharp,1.585,1,lost,-1.0,,-0.57,Sharp,,ineligible,2026-09-01 01:09
bo3_dog_plus_1_5_v0,2026-09-02 06:00,,FlyQuest vs NEXVOID,+1.5 maps,NEXVOID,3,Sharp,2.98,1,lost,-1.0,,4.82,Sharp,,ineligible,2026-09-01 07:10
bo3_dog_plus_1_5_v0,2026-09-02 09:00,,3DMAX vs HEROIC,+1.5 maps,3DMAX,3,Sharp,1.452,1,won,0.452,-0.013,0.0,Sharp,,selected,2026-09-02 06:18
bo3_dog_plus_1_5_v0,2026-09-02 11:00,,Nemesis vs 1win,+1.5 maps,Nemesis,3,Sharp,1.307,1,won,0.307,0.294,-3.3,Sharp,,selected,2026-09-02 03:09
bo3_dog_plus_1_5_v0,2026-09-02 11:00,,Black Phoenix vs ex-Zero Tenacity,+1.5 maps,Black Phoenix,3,Sharp,1.73,1,lost,-1.0,-0.706,-7.3,Sharp,,selected,2026-09-02 09:10
bo3_dog_plus_1_5_v0,2026-09-02 16:00,,Grêmio vs MEIA NOITE,+1.5 maps,Grêmio,3,Sharp,1.403,1,won,0.403,-0.303,,,,selected,2026-09-02 15:10
bo3_dog_plus_1_5_v0,2026-09-02 17:00,,Iberian Soul vs 9INE,+1.5 maps,9INE,3,Sharp,1.38,1,won,0.38,0.077,,,,selected,2026-09-02 16:10
bo3_dog_plus_1_5_v0,2026-09-02 17:30,,VP.Prodigy vs KUUSAMO,+1.5 maps,KUUSAMO,3,Sharp,1.606,1,won,0.606,0.683,0.0,Sharp,,selected,2026-09-02 00:11
bo3_dog_plus_1_5_v0,2026-09-03 06:00,,DEPO vs Lynn Vision,+1.5 maps,DEPO,3,Sharp,2.34,1,won,1.34,2.023,1.38,Sharp,,selected,2026-09-03 00:08
bo3_dog_plus_1_5_v0,2026-09-03 09:00,,Iberian Soul vs Nemiga,+1.5 maps,Nemiga,3,Sharp,1.429,1,won,0.429,2.452,2.72,Sharp,,selected,2026-09-02 15:10
bo3_dog_plus_1_5_v0,2026-09-03 11:00,,Nemesis vs HOTU,+1.5 maps,HOTU,3,Sharp,1.347,1,won,0.347,2.799,2.82,Sharp,,selected,2026-09-03 00:08
bo3_dog_plus_1_5_v0,2026-09-03 11:30,,FOKUS vs SINNERS,+1.5 maps,SINNERS,3,Sharp,1.356,1,lost,-1.0,1.799,1.32,Sharp,,selected,2026-09-02 13:10
bo3_dog_plus_1_5_v0,2026-09-03 14:00,,NOVAQ vs Rune Eaters,+1.5 maps,NOVAQ,3,Sharp,1.435,1,lost,-1.0,0.799,-8.08,Sharp,,selected,2026-09-02 23:09
bo3_dog_plus_1_5_v0,2026-09-03 15:00,,Eternal Fire vs Nuclear TigeRES,+1.5 maps,Nuclear TigeRES,3,Sharp,1.357,1,won,0.357,1.156,2.48,Sharp,,selected,2026-09-02 23:09
bo3_dog_plus_1_5_v0,2026-09-03 17:00,,Omega vs QUAZAR,+1.5 maps,Omega,3,Sharp,1.588,1,lost,-1.0,,9.45,Sharp,,quarantined,2026-09-02 23:09
bo3_dog_plus_1_5_v0,2026-09-03 17:30,,Virtus.pro vs fnatic,+1.5 maps,Virtus.pro,3,Sharp,1.424,1,won,0.424,1.58,-0.25,Sharp,,selected,2026-09-02 23:09
bo3_dog_plus_1_5_v0,2026-09-03 19:00,,Yawara vs paiN Academy,+1.5 maps,paiN Academy,3,Sharp,1.588,1,won,0.588,,-1.42,Sharp,,ineligible,2026-09-03 06:13
bo3_dog_plus_1_5_v0,2026-09-03 22:00,,Keyd Stars vs Procyon,+1.5 maps,Procyon,3,Sharp,2.33,1,won,1.33,2.91,6.04,Sharp,,selected,2026-09-03 06:13
bo3_dog_plus_1_5_v0,2026-09-04 11:30,,HOTU vs Eternal Fire,+1.5 maps,HOTU,3,Sharp,1.319,1,won,0.319,,-1.25,Sharp,,quarantined,2026-09-04 04:08
bo3_dog_plus_1_5_v0,2026-09-04 13:00,,Isurus vs Peladona,+1.5 maps,Isurus,3,Sharp,1.427,1,won,0.427,3.337,-3.59,Sharp,,selected,2026-09-04 05:09
bo3_dog_plus_1_5_v0,2026-09-04 17:30,,Nemesis vs ASTRAL,+1.5 maps,ASTRAL,3,Sharp,2.12,1,won,1.12,,-1.85,Sharp,,ineligible,2026-09-03 22:09
bo3_dog_plus_1_5_v0,2026-09-04 17:30,,FURIA vs Vitality,+1.5 maps,FURIA,3,Sharp,1.552,1,won,0.552,3.889,0.61,Sharp,,selected,2026-09-04 13:11
bo3_dog_plus_1_5_v0,2026-09-05 14:00,,Lavked vs Just Players,+1.5 maps,Lavked,3,Sharp,1.398,1,won,0.398,,0.14,Sharp,,ineligible,2026-09-04 22:10
bo3_dog_plus_1_5_v0,2026-09-05 14:00,,9INE vs Metizport,+1.5 maps,9INE,3,Sharp,1.33,1,lost,-1.0,2.889,0.11,Sharp,,selected,2026-09-04 23:11
bo3_dog_plus_1_5_v0,2026-09-05 16:00,,Procyon vs ALKA,+1.5 maps,Procyon,3,Sharp,1.758,1,lost,-1.0,1.889,7.69,Sharp,,selected,2026-09-05 03:09
bo3_dog_plus_1_5_v0,2026-09-05 17:30,,MOUZ vs Vitality,+1.5 maps,MOUZ,3,Sharp,1.526,1,won,0.526,2.415,1.6,Sharp,,selected,2026-09-04 22:10
bo3_dog_plus_1_5_v0,2026-09-05 17:30,,Nemiga vs Nemesis,+1.5 maps,Nemiga,3,Sharp,1.465,1,won,0.465,,2.36,Sharp,,ineligible,2026-09-05 05:10
bo3_dog_plus_1_5_v0,2026-09-06 11:00,,SAW Youngsters vs Misa,+1.5 maps,SAW Youngsters,3,Sharp,1.315,1,won,0.315,2.73,0.3,Sharp,,selected,2026-09-05 15:11
bo3_dog_plus_1_5_v0,2026-09-06 11:00,,FOKUS vs Nemiga,+1.5 maps,FOKUS,3,Sharp,1.422,1,lost,-1.0,1.73,,,,selected,2026-09-06 10:09
bo3_dog_plus_1_5_v0,2026-09-06 13:00,,Privateer vs HAVU,+1.5 maps,Privateer,3,Sharp,2.06,1,lost,-1.0,0.73,0.0,Sharp,,selected,2026-09-06 08:10
bo3_dog_plus_1_5_v0,2026-09-06 13:00,,Misa vs MOUZ NXT,+1.5 maps,Misa,3,Sharp,1.444,1,won,0.444,,0.42,Sharp,,ineligible,2026-09-06 10:09
bo3_dog_plus_1_5_v0,2026-09-06 13:45,,Strael Bora vs megoshort,+1.5 maps,Strael Bora,3,Sharp,1.671,1,won,0.671,,-3.52,Sharp,,ineligible,2026-09-06 02:09
bo3_dog_plus_1_5_v0,2026-09-06 17:00,,SPARTA vs ex-Zero Tenacity,+1.5 maps,SPARTA,3,Sharp,1.395,1,won,0.395,,-1.73,Sharp,,ineligible,2026-09-06 07:12
bo3_dog_plus_1_5_v0,2026-09-07 11:00,,Strael Bora vs Fire Flux,+1.5 maps,Strael Bora,3,Sharp,2.27,1,lost,-1.0,-0.27,-5.63,Sharp,,selected,2026-09-07 00:10
bo3_dog_plus_1_5_v0,2026-09-08 12:00,,GamerLegion vs FURIA,+1.5 maps,GamerLegion,3,Sharp,2.3,1,won,1.3,,-1.83,Sharp,,ineligible,2026-09-07 18:08
bo3_dog_plus_1_5_v0,2026-09-08 13:45,,Bushido Wildcats vs NAVI Junior,+1.5 maps,NAVI Junior,3,Sharp,1.84,1,lost,-1.0,-1.27,3.6,Sharp,,selected,2026-09-08 06:10
bo3_dog_plus_1_5_v0,2026-09-08 17:30,,WW vs NOVAQ,+1.5 maps,NOVAQ,3,Sharp,1.709,1,lost,-1.0,-2.27,-0.11,Sharp,,selected,2026-09-08 06:10
bo3_dog_plus_1_5_v0,2026-09-09 03:00,,5star vs The MongolZ,+1.5 maps,5star,3,Sharp,3.17,1,won,2.17,,-2.2,Sharp,,ineligible,2026-09-08 23:10
bo3_dog_plus_1_5_v0,2026-09-09 08:00,,Nuclear TigeRES vs 1win,+1.5 maps,Nuclear TigeRES,3,Sharp,1.427,1,lost,-1.0,-3.27,2.04,Sharp,,selected,2026-09-08 09:12
bo3_dog_plus_1_5_v0,2026-09-09 08:00,,HOTU vs Wildcard,+1.5 maps,Wildcard,3,Sharp,1.503,1,lost,-1.0,-4.27,0.69,Sharp,,selected,2026-09-08 19:10
bo3_dog_plus_1_5_v0,2026-09-09 11:00,,HEROIC vs BESTIA,+1.5 maps,BESTIA,3,Sharp,2.33,1,lost,-1.0,,5.35,Sharp,,ineligible,2026-09-09 02:12
bo3_dog_plus_1_5_v0,2026-09-09 12:00,,HOTU vs Nemiga,+1.5 maps,HOTU,3,Sharp,1.322,1,won,0.322,-3.948,-0.21,Sharp,,selected,2026-09-09 05:10
bo3_dog_plus_1_5_v0,2026-09-09 13:45,,NAVI Junior vs Fire Flux,+1.5 maps,NAVI Junior,3,Sharp,1.424,1,won,0.424,-3.524,-0.14,Sharp,,selected,2026-09-09 08:11
bo3_dog_plus_1_5_v0,2026-09-09 14:00,,EYEBALLERS vs Nemesis,+1.5 maps,EYEBALLERS,3,Sharp,1.503,1,lost,-1.0,-4.524,-2.64,Sharp,,selected,2026-09-08 20:10
bo3_dog_plus_1_5_v0,2026-09-09 14:00,,Ninjas in Pyjamas vs SINNERS,+1.5 maps,SINNERS,3,Sharp,1.568,1,won,0.568,-3.956,0.51,Sharp,,selected,2026-09-09 07:13
bo3_dog_plus_1_5_v0,2026-09-09 20:00,,Imperial vs Galorys,+1.5 maps,Galorys,3,Sharp,1.552,1,lost,-1.0,-4.956,-2.38,Sharp,,selected,2026-09-08 23:10
bo3_dog_plus_1_5_v0,2026-09-10 03:00,,9z vs G2,+1.5 maps,9z,3,Sharp,1.613,1,won,0.613,-4.343,-4.01,Sharp,,selected,2026-09-09 15:12
bo3_dog_plus_1_5_v0,2026-09-10 11:00,,HOTU vs Nemesis,+1.5 maps,HOTU,3,Sharp,1.318,1,won,0.318,-4.025,,,,selected,2026-09-10 01:12
bo3_dog_plus_1_5_v0,2026-09-10 11:00,,Wildcard vs EYEBALLERS,+1.5 maps,EYEBALLERS,3,Sharp,1.424,1,won,0.424,-3.601,1.86,Sharp,,selected,2026-09-10 06:14
bo3_dog_plus_1_5_v0,2026-09-10 13:45,,Misa vs megoshort,+1.5 maps,megoshort,3,Sharp,1.369,1,won,0.369,,2.86,Sharp,,ineligible,2026-09-10 07:13
bo3_dog_plus_1_5_v0,2026-09-10 14:00,,Falcons Force vs mellren,+1.5 maps,mellren,3,Sharp,1.323,1,lost,-1.0,-4.601,0.0,Sharp,,selected,2026-09-10 06:14
bo3_dog_plus_1_5_v0,2026-09-10 17:30,,NAVI Junior vs OLDBOYS PL,+1.5 maps,NAVI Junior,3,Sharp,1.61,1,won,0.61,-3.991,-0.16,Sharp,,selected,2026-09-10 06:14
bo3_dog_plus_1_5_v0,2026-09-10 23:00,,paiN vs Imperial,+1.5 maps,paiN,3,Sharp,1.448,1,won,0.448,-3.543,1.84,Sharp,,selected,2026-09-10 06:14
bo3_dog_plus_1_5_v0,2026-09-11 10:30,,CTRL vs Prestige,+1.5 maps,CTRL,3,Sharp,2.01,1,lost,-1.0,-4.543,1.5,Sharp,,selected,2026-09-11 05:16
bo3_dog_plus_1_5_v0,2026-09-11 14:00,,3DMAX vs 100 Thieves,+1.5 maps,3DMAX,3,Sharp,1.41,1,lost,-1.0,-5.543,-0.19,Sharp,,selected,2026-09-10 22:16
bo3_dog_plus_1_5_v0,2026-09-11 14:00,,1win vs Nemiga,+1.5 maps,Nemiga,3,Sharp,1.418,1,won,0.418,-5.125,4.88,Sharp,,selected,2026-09-10 22:16
bo3_dog_plus_1_5_v0,2026-09-11 17:00,,SINQU vs Misa,+1.5 maps,SINQU,3,Sharp,2.64,1,won,1.64,,3.12,Sharp,,quarantined,2026-09-11 01:11
bo3_dog_plus_1_5_v0,2026-09-12 08:00,,FOKUS vs Virtus.pro,+1.5 maps,Virtus.pro,3,Sharp,1.42,1,won,0.42,-4.705,3.01,Sharp,,selected,2026-09-12 03:10
bo3_dog_plus_1_5_v0,2026-09-12 08:00,,ReThink vs Misa,+1.5 maps,ReThink,3,Sharp,1.769,1,lost,-1.0,,,,,quarantined,2026-09-12 07:12
bo3_dog_plus_1_5_v0,2026-09-12 10:30,,Saint Sinners vs mellren,+1.5 maps,mellren,3,Sharp,1.403,1,won,0.403,,0.86,Sharp,,quarantined,2026-09-12 07:12
bo3_dog_plus_1_5_v0,2026-09-12 11:00,,Bushido Wildcats vs Misa,+1.5 maps,Misa,3,Sharp,1.98,1,won,0.98,-3.725,0.21,Sharp,,selected,2026-09-12 08:12
bo3_dog_plus_1_5_v0,2026-09-12 11:00,,Color vs SPARTA,+1.5 maps,SPARTA,3,Sharp,1.521,1,won,0.521,,1.17,Sharp,,ineligible,2026-09-12 08:12
bo3_dog_plus_1_5_v0,2026-09-12 14:00,,HOTU vs 100 Thieves,+1.5 maps,HOTU,3,Sharp,1.385,1,won,0.385,-3.34,0.18,Sharp,,selected,2026-09-12 00:15
bo3_dog_plus_1_5_v0,2026-09-13 08:00,,Enjoy vs mellren,+1.5 maps,mellren,3,Sharp,1.41,1,won,0.41,,1.28,Sharp,,quarantined,2026-09-12 17:12
bo3_dog_plus_1_5_v0,2026-09-13 10:00,,M80 vs Luminosity,+1.5 maps,M80,3,Sharp,1.322,1,won,0.322,-3.018,-0.82,Sharp,,selected,2026-09-13 05:11
bo3_dog_plus_1_5_v0,2026-09-13 10:30,,Bebop vs Misa,+1.5 maps,Misa,3,Sharp,1.356,1,lost,-1.0,,-0.55,Sharp,,quarantined,2026-09-13 07:11
bo3_dog_plus_1_5_v0,2026-09-13 11:00,,NAVI Junior vs Falcons Force,+1.5 maps,NAVI Junior,3,Sharp,1.524,1,lost,-1.0,-4.018,7.83,Sharp,,selected,2026-09-12 21:11
bo3_dog_plus_1_5_v0,2026-09-13 14:00,,Metizport vs ex-Zero Tenacity,+1.5 maps,ex-Zero Tenacity,3,Sharp,1.358,1,won,0.358,-3.66,1.93,Sharp,,selected,2026-09-13 02:10
bo3_dog_plus_1_5_v0,2026-09-14 08:00,,ENCE vs Falcons Force,+1.5 maps,Falcons Force,3,Sharp,1.326,1,won,0.326,-3.334,0.0,Sharp,,selected,2026-09-14 06:11
bo3_dog_plus_1_5_v0,2026-09-14 17:30,,OLDBOYS PL vs LPH,+1.5 maps,LPH,3,Sharp,1.518,1,won,0.518,-2.816,-4.07,Sharp,,selected,2026-09-14 05:11
bo3_dog_plus_1_5_v0,2026-09-14 23:45,,BESTIA Academy vs your end,+1.5 maps,your end,3,Sharp,2.22,1,won,1.22,,-1.85,Sharp,,quarantined,2026-09-14 19:09
bo3_dog_plus_1_5_v0,2026-09-15 11:00,,Black Phoenix vs Just Players,+1.5 maps,Black Phoenix,3,Sharp,1.362,1,lost,-1.0,-3.816,-0.4,Sharp,,selected,2026-09-15 01:10
bo3_dog_plus_1_5_v0,2026-09-15 14:00,,ASTRAL vs Rune Eaters,+1.5 maps,Rune Eaters,3,Sharp,1.375,1,won,0.375,-3.441,3.35,Sharp,,selected,2026-09-15 01:10
bo3_dog_plus_1_5_v0,2026-09-16 08:00,,Black Phoenix vs ENCE,+1.5 maps,Black Phoenix,3,Sharp,1.389,1,won,0.389,,3.69,Sharp,,quarantined,2026-09-15 09:12
bo3_dog_plus_1_5_v0,2026-09-16 11:00,,Just Players vs NAVI Junior,+1.5 maps,NAVI Junior,3,Sharp,1.667,1,won,0.667,-2.774,4.14,Sharp,,selected,2026-09-15 12:13
bo3_dog_plus_1_5_v0,2026-09-16 13:00,,ALKA vs Turma do Pagode,+1.5 maps,ALKA,3,Sharp,1.658,1,won,0.658,-2.116,-1.96,Sharp,,selected,2026-09-16 03:11
bo3_dog_plus_1_5_v0,2026-09-16 14:00,,QUAZAR vs ex-RUSTEC,+1.5 maps,QUAZAR,3,Sharp,1.365,1,won,0.365,,0.03,Sharp,,ineligible,2026-09-16 12:14
bo3_dog_plus_1_5_v0,2026-09-17 08:00,,BRUTE vs QUAZAR,+1.5 maps,QUAZAR,3,Sharp,1.263,1,lost,-1.0,-3.116,0.0,Sharp,,selected,2026-09-17 03:11
bo3_dog_plus_1_5_v0,2026-09-17 10:00,,MOUZ vs NRG,+1.5 maps,NRG,3,Sharp,2.43,1,won,1.43,-1.686,0.75,Sharp,,selected,2026-09-17 00:14
bo3_dog_plus_1_5_v0,2026-09-17 12:30,,Vitality vs Magic,+1.5 maps,Magic,3,Sharp,2.96,1,lost,-1.0,,0.11,Sharp,,quarantined,2026-09-16 14:12
bo3_dog_plus_1_5_v0,2026-09-17 15:00,,Natus Vincere vs Aurora,+1.5 maps,Aurora,3,Sharp,1.388,1,won,0.388,-1.298,0.24,Sharp,,selected,2026-09-17 08:13
bo3_dog_plus_1_5_v0,2026-09-18 11:00,,Black Phoenix vs Lavked,+1.5 maps,Lavked,3,Sharp,1.505,1,lost,-1.0,-2.298,-16.77,Sharp,,selected,2026-09-18 01:15
bo3_dog_plus_1_5_v0,2026-09-18 12:30,,Magic vs MIBR,+1.5 maps,Magic,3,Sharp,1.671,1,won,0.671,,0.36,Sharp,,ineligible,2026-09-18 00:18
bo3_dog_plus_1_5_v0,2026-09-18 17:00,,BAKS vs ex-RUSTEC,+1.5 maps,ex-RUSTEC,3,Sharp,1.389,1,won,0.389,-1.909,0.0,Sharp,,selected,2026-09-18 00:18
bo3_dog_plus_1_5_v0,2026-09-18 17:30,,Vitality vs FURIA,+1.5 maps,FURIA,3,Sharp,1.654,1,lost,-1.0,-2.909,1.92,Sharp,,selected,2026-09-17 22:11
bo3_dog_plus_1_5_v0,2026-09-19 11:00,,Luminosity vs BBL,+1.5 maps,BBL,3,Sharp,1.549,1,lost,-1.0,-3.909,-0.31,Sharp,,selected,2026-09-19 00:13
bo3_dog_plus_1_5_v0,2026-09-19 14:00,,3DMAX vs M80,+1.5 maps,3DMAX,3,Sharp,1.405,1,won,0.405,-3.504,1.53,Sharp,,selected,2026-09-19 00:13
bo3_dog_plus_1_5_v0,2026-09-19 17:00,,Just Players vs Spirit Academy,+1.5 maps,Just Players,3,Sharp,1.405,1,won,0.405,,3.44,Sharp,,quarantined,2026-09-19 01:10
bo3_dog_plus_1_5_v0,2026-09-20 11:00,,Lavked vs ENCE,+1.5 maps,Lavked,3,Sharp,1.408,1,won,0.408,-3.096,3.58,Sharp,,selected,2026-09-19 17:10
bo3_dog_plus_1_5_v0,2026-09-20 12:00,,Vitality vs FURIA,+1.5 maps,FURIA,3,Sharp,1.725,1,lost,-1.0,-4.096,3.84,Sharp,,selected,2026-09-20 00:12
bo3_dog_plus_1_5_v0,2026-09-20 12:00,,Eternal Fire vs GenOne,+1.5 maps,GenOne,3,Sharp,1.741,1,lost,-1.0,-5.096,0.73,Sharp,,selected,2026-09-20 07:13
bo3_dog_plus_1_5_v0,2026-09-20 17:00,,INOX Division vs SPARTA,+1.5 maps,SPARTA,3,Sharp,1.513,1,won,0.513,,0.0,Sharp,,ineligible,2026-09-20 15:10
bo3_dog_plus_1_5_v0,2026-09-22 08:00,,Saint Sinners vs KUUSAMO,+1.5 maps,KUUSAMO,3,Sharp,2.03,1,won,1.03,,1.97,Sharp,,quarantined,2026-09-21 09:12
bo3_dog_plus_1_5_v0,2026-09-22 10:00,,Virtus.pro vs BBL,+1.5 maps,BBL,3,Sharp,1.441,1,won,0.441,-4.655,-1.91,Sharp,,selected,2026-09-22 02:10
bo3_dog_plus_1_5_v0,2026-09-22 17:00,,UPGRADE vs Just Players,+1.5 maps,Just Players,3,Sharp,1.42,1,won,0.42,-4.235,5.17,Sharp,,selected,2026-09-22 01:10
bo3_dog_plus_1_5_v0,2026-09-23 13:00,,Bounty Hunters vs Keyd Stars,+1.5 maps,Keyd Stars,3,Sharp,1.481,1,lost,-1.0,,0.0,Sharp,,ineligible,2026-09-22 21:13
bo3_dog_plus_1_5_v0,2026-09-23 21:00,,Turma do Pagode vs Bounty Hunters,+1.5 maps,Turma do Pagode,3,Sharp,1.365,1,won,0.365,,3.04,Sharp,,ineligible,2026-09-23 11:19
bo3_dog_plus_1_5_v0,2026-09-24 01:00,,Wanted Goons vs FlyQuest RED,+1.5 maps,FlyQuest RED,3,Sharp,2.5,1,lost,-1.0,,,,,quarantined,2026-09-24 00:13
bo3_dog_plus_1_5_v0,2026-09-24 12:00,,fnatic vs Just Players,+1.5 maps,Just Players,3,Sharp,2.26,1,lost,-1.0,-5.235,3.47,Sharp,,selected,2026-09-23 22:12
bo3_dog_plus_1_5_v0,2026-09-24 13:00,,Imperial vs Galorys,+1.5 maps,Galorys,3,Sharp,1.719,1,lost,-1.0,-6.235,1.56,Sharp,,selected,2026-09-24 06:15
bo3_dog_plus_1_5_v0,2026-09-24 13:00,,WBT Academy vs Ryvex,+1.5 maps,Ryvex,3,Sharp,1.877,1,lost,-1.0,-7.235,1.11,Sharp,,selected,2026-09-24 06:15
bo3_dog_plus_1_5_v0,2026-09-24 14:00,,ex-Zero Tenacity vs BIG Academy,+1.5 maps,BIG Academy,3,Sharp,1.714,1,lost,-1.0,,4.55,Sharp,,ineligible,2026-09-24 01:12
bo3_dog_plus_1_5_v0,2026-09-24 16:30,,Juventus vs Yawara,+1.5 maps,Juventus,3,Sharp,1.472,1,lost,-1.0,-8.235,0.0,Sharp,,selected,2026-09-24 03:11
bo3_dog_plus_1_5_v0,2026-09-24 19:00,,Grêmio vs your end,+1.5 maps,your end,3,Sharp,1.485,1,lost,-1.0,-9.235,-0.39,Sharp,,selected,2026-09-24 06:15
bo3_dog_plus_1_5_v0,2026-09-24 21:00,,Keyd Stars vs ALKA,+1.5 maps,ALKA,3,Sharp,1.552,1,won,0.552,,-1.57,Sharp,,ineligible,2026-09-24 07:14
bo3_dog_plus_1_5_v0,2026-09-25 09:00,,Eternal Fire vs WBT,+1.5 maps,WBT,3,Sharp,1.917,1,lost,-1.0,-10.235,0.99,Sharp,,selected,2026-09-25 01:12
bo3_dog_plus_1_5_v0,2026-09-25 11:00,,100 Thieves vs BBL,+1.5 maps,BBL,3,Sharp,1.588,1,lost,-1.0,-11.235,5.21,Sharp,,selected,2026-09-25 03:19
bo3_dog_plus_1_5_v0,2026-09-25 12:00,,Ninjas in Pyjamas vs 3DMAX,+1.5 maps,3DMAX,3,Sharp,1.342,1,lost,-1.0,-12.235,1.4,Sharp,,selected,2026-09-25 05:12
bo3_dog_plus_1_5_v0,2026-09-25 14:00,,Iberian Soul vs UPGRADE,+1.5 maps,UPGRADE,3,Sharp,1.588,1,lost,-1.0,,4.08,Sharp,,ineligible,2026-09-25 00:19
bo3_dog_plus_1_5_v0,2026-09-25 14:00,,Omega vs ex-RUSTEC,+1.5 maps,Omega,3,Sharp,1.422,1,won,0.422,-11.813,-0.42,Sharp,,selected,2026-09-25 06:15
bo3_dog_plus_1_5_v0,2026-09-25 16:00,,ALKA vs BORRACHEIROS,+1.5 maps,BORRACHEIROS,3,Sharp,1.481,1,lost,-1.0,-12.813,-2.22,Sharp,,selected,2026-09-25 07:19
bo3_dog_plus_1_5_v0,2026-09-25 17:00,,NRG vs Wildcard,+1.5 maps,Wildcard,3,Sharp,1.515,1,lost,-1.0,-13.813,0.12,Sharp,,selected,2026-09-25 06:15
bo3_fav_minus_1_5_v0,2026-07-22 10:00,,EYEBALLERS vs FaZe,-1.5 maps,FaZe,3,Sharp,2.11,1,won,1.11,1.11,4.25,Sharp,,selected,2026-07-22 03:09
bo3_fav_minus_1_5_v0,2026-07-22 13:00,,Ninjas in Pyjamas vs 100 Thieves,-1.5 maps,Ninjas in Pyjamas,3,Sharp,2.86,1,lost,-1.0,,-3.76,Sharp,,ineligible,2026-07-22 03:09
bo3_fav_minus_1_5_v0,2026-07-23 10:00,,Aurora vs FOKUS,-1.5 maps,Aurora,3,Sharp,1.794,1,lost,-1.0,,1.87,Sharp,,ineligible,2026-07-23 06:07
bo3_fav_minus_1_5_v0,2026-07-23 11:00,,NEW VISION vs benched gods,-1.5 maps,benched gods,3,Sharp,3.05,1,lost,-1.0,,11.16,Sharp,,quarantined,2026-07-23 02:08
bo3_fav_minus_1_5_v0,2026-07-23 15:00,,Gentle Mates vs paiN,-1.5 maps,paiN,3,Sharp,2.89,1,won,1.89,3.0,-1.61,Sharp,,selected,2026-07-23 02:08
bo3_fav_minus_1_5_v0,2026-07-23 16:00,,HEROIC vs FOKUS,-1.5 maps,HEROIC,3,Sharp,2.63,1,won,1.63,,0.45,Sharp,,ineligible,2026-07-23 14:10
bo3_fav_minus_1_5_v0,2026-07-23 17:00,,CYBERSHOKE Prospects vs benched gods,-1.5 maps,CYBERSHOKE Prospects,3,Sharp,2.74,1,lost,-1.0,2.0,2.42,Sharp,,selected,2026-07-23 05:15
bo3_fav_minus_1_5_v0,2026-07-24 09:00,,Magic vs 3DMAX,-1.5 maps,Magic,3,Sharp,2.64,1,lost,-1.0,1.0,-1.49,Sharp,,selected,2026-07-24 06:06
bo3_fav_minus_1_5_v0,2026-07-24 16:00,,Astralis vs HEROIC,-1.5 maps,Astralis,3,Sharp,3.16,1,lost,-1.0,0.0,0.0,Sharp,,selected,2026-07-24 01:04
bo3_fav_minus_1_5_v0,2026-07-25 12:30,,Liquid vs G2,-1.5 maps,G2,3,Sharp,2.76,1,lost,-1.0,,4.04,Sharp,,quarantined,2026-07-25 04:06
bo3_fav_minus_1_5_v0,2026-07-25 14:00,,Black Phoenix vs Just Players,-1.5 maps,Just Players,3,Sharp,2.68,1,won,1.68,,-3.2,Sharp,,ineligible,2026-07-25 10:05
bo3_fav_minus_1_5_v0,2026-07-25 16:00,,Ninjas in Pyjamas vs HEROIC,-1.5 maps,Ninjas in Pyjamas,3,Sharp,3.03,1,lost,-1.0,-1.0,-1.92,Sharp,,selected,2026-07-25 09:07
bo3_fav_minus_1_5_v0,2026-07-25 17:00,,ex-RUSTEC vs Rune Eaters,-1.5 maps,Rune Eaters,3,Sharp,2.86,1,lost,-1.0,-2.0,-3.35,Sharp,,selected,2026-07-25 02:05
bo3_fav_minus_1_5_v0,2026-07-25 17:30,,FOKUS vs MOUZ,-1.5 maps,MOUZ,3,Sharp,1.813,1,won,0.813,,0.94,Sharp,,ineligible,2026-07-25 04:06
bo3_fav_minus_1_5_v0,2026-07-25 19:00,,Fluxo vs Keyd Stars,-1.5 maps,Fluxo,3,Sharp,2.14,1,won,1.14,,-4.61,Sharp,,ineligible,2026-07-25 10:05
bo3_fav_minus_1_5_v0,2026-07-26 13:00,,HOTU vs Aurora,-1.5 maps,Aurora,3,Sharp,2.11,1,lost,-1.0,-3.0,-1.31,Sharp,,selected,2026-07-25 22:05
bo3_fav_minus_1_5_v0,2026-07-26 15:00,,Wildcard vs The MongolZ,-1.5 maps,The MongolZ,3,Sharp,2.48,1,won,1.48,,-2.45,Sharp,,ineligible,2026-07-26 05:04
bo3_fav_minus_1_5_v0,2026-07-26 17:30,,100 Thieves vs Spirit,-1.5 maps,Spirit,3,Sharp,1.629,1,lost,-1.0,,-0.34,Sharp,,ineligible,2026-07-25 22:05
bo3_fav_minus_1_5_v0,2026-07-27 14:00,,Rune Eaters vs SAW Youngsters,-1.5 maps,Rune Eaters,3,Sharp,2.87,1,won,1.87,-1.13,3.92,Sharp,,selected,2026-07-27 03:05
bo3_fav_minus_1_5_v0,2026-07-28 10:00,,ASTRAL vs NAVI Junior,-1.5 maps,ASTRAL,3,Sharp,2.54,1,won,1.54,0.41,6.3,Sharp,,selected,2026-07-28 07:06
bo3_fav_minus_1_5_v0,2026-07-28 14:00,,GenOne vs NEW VISION,-1.5 maps,GenOne,3,Sharp,1.621,1,lost,-1.0,-0.59,-1.75,Sharp,,selected,2026-07-27 22:05
bo3_fav_minus_1_5_v0,2026-07-28 18:00,,Bounty Hunters vs LP,-1.5 maps,LP,3,Sharp,3.0,1,lost,-1.0,,0.47,Sharp,,quarantined,2026-07-27 22:05
bo3_fav_minus_1_5_v0,2026-07-30 08:00,,SPARTA vs Just Players,-1.5 maps,SPARTA,3,Sharp,2.89,1,lost,-1.0,-1.59,-2.38,Sharp,,selected,2026-07-30 04:07
bo3_fav_minus_1_5_v0,2026-07-30 14:00,,SPARTA vs NEW VISION,-1.5 maps,SPARTA,3,Sharp,2.33,1,won,1.33,,12.54,Sharp,,quarantined,2026-07-30 00:08
bo3_fav_minus_1_5_v0,2026-07-31 14:00,,Lavked vs megoshort,-1.5 maps,Lavked,3,Sharp,2.69,1,lost,-1.0,,0.38,Sharp,,ineligible,2026-07-31 10:06
bo3_fav_minus_1_5_v0,2026-07-31 15:30,,Banda Chuya vs mellren,-1.5 maps,mellren,3,Sharp,2.94,1,won,1.94,,-0.26,Sharp,,ineligible,2026-07-31 14:07
bo3_fav_minus_1_5_v0,2026-07-31 17:00,,GenOne vs Enjoy,-1.5 maps,GenOne,3,Sharp,1.99,1,won,0.99,-0.6,1.87,Sharp,,selected,2026-07-31 07:08
bo3_fav_minus_1_5_v0,2026-08-01 13:30,,Astralis vs MOUZ,-1.5 maps,MOUZ,3,Sharp,2.17,1,lost,-1.0,-1.6,0.0,Sharp,,selected,2026-08-01 04:07
bo3_fav_minus_1_5_v0,2026-08-01 17:00,,Black Phoenix vs Just Players,-1.5 maps,Just Players,3,Sharp,2.54,1,lost,-1.0,-2.6,-0.31,Sharp,,selected,2026-07-31 23:07
bo3_fav_minus_1_5_v0,2026-08-01 17:00,,ex-RUSTEC vs SPARTA,-1.5 maps,SPARTA,3,Sharp,2.94,1,won,1.94,,-2.7,Sharp,,ineligible,2026-08-01 11:06
bo3_fav_minus_1_5_v0,2026-08-03 14:00,,SPARTA vs ex-Young Ninjas,-1.5 maps,SPARTA,3,Sharp,2.37,1,lost,-1.0,-3.6,3.48,Sharp,,selected,2026-08-02 23:05
bo3_fav_minus_1_5_v0,2026-08-04 08:00,,Nuclear TigeRES vs Just Players,-1.5 maps,Nuclear TigeRES,3,Sharp,1.98,1,won,0.98,-2.62,-2.74,Sharp,,selected,2026-08-04 06:06
bo3_fav_minus_1_5_v0,2026-08-04 11:00,,ex-RUSTEC vs NEW VISION,-1.5 maps,ex-RUSTEC,3,Sharp,2.22,1,lost,-1.0,-3.62,10.19,Sharp,,selected,2026-08-04 03:06
bo3_fav_minus_1_5_v0,2026-08-04 23:00,,BESTIA vs METANOIA Wolves,-1.5 maps,BESTIA,3,Sharp,1.505,1,won,0.505,-3.115,12.48,Sharp,,selected,2026-08-04 04:05
bo3_fav_minus_1_5_v0,2026-08-05 13:00,,Liquid vs fnatic,-1.5 maps,Liquid,3,Sharp,2.49,1,won,1.49,-1.625,2.85,Sharp,,selected,2026-08-05 08:07
bo3_fav_minus_1_5_v0,2026-08-05 14:00,,Nordic Partners vs GenOne,-1.5 maps,GenOne,3,Sharp,2.29,1,won,1.29,-0.335,2.4,Sharp,,selected,2026-08-05 04:06
bo3_fav_minus_1_5_v0,2026-08-06 17:00,,Yawara vs Isurus,-1.5 maps,Isurus,3,Sharp,2.86,1,lost,-1.0,-1.335,-2.04,Sharp,,selected,2026-08-06 07:06
bo3_fav_minus_1_5_v0,2026-08-06 20:00,,METANOIA Wolves vs Procyon,-1.5 maps,Procyon,3,Sharp,2.86,1,lost,-1.0,,,,,ineligible,2026-08-06 10:06
bo3_fav_minus_1_5_v0,2026-08-07 16:00,,Virtus.pro vs Sangal,-1.5 maps,Virtus.pro,3,Sharp,2.22,1,won,1.22,,-0.23,Sharp,,quarantined,2026-08-06 23:06
bo3_fav_minus_1_5_v0,2026-08-07 16:00,,Prestige vs Metizport,-1.5 maps,Metizport,3,Sharp,1.794,1,won,0.794,,1.04,Sharp,,ineligible,2026-08-07 12:08
bo3_fav_minus_1_5_v0,2026-08-07 20:00,,BESTIA vs Yawara,-1.5 maps,BESTIA,3,Sharp,1.893,1,lost,-1.0,-2.335,-0.75,Sharp,,selected,2026-08-07 11:06
bo3_fav_minus_1_5_v0,2026-08-08 10:30,,Phantom Academy vs VP.Prodigy,-1.5 maps,Phantom Academy,3,Sharp,3.03,1,won,2.03,,0.0,Sharp,,quarantined,2026-08-08 07:13
bo3_fav_minus_1_5_v0,2026-08-08 15:00,,Procyon vs ODDIK Academy,-1.5 maps,Procyon,3,Sharp,3.01,1,won,2.01,-0.325,2.14,Sharp,,selected,2026-08-07 22:06
bo3_fav_minus_1_5_v0,2026-08-09 09:00,,Echo vs GenOne,-1.5 maps,Echo,3,Sharp,2.88,1,lost,-1.0,-1.325,1.2,Sharp,,selected,2026-08-08 23:07
bo3_fav_minus_1_5_v0,2026-08-09 09:00,,Eternal Fire vs BIG,-1.5 maps,BIG,3,Sharp,2.13,1,won,1.13,-0.195,-0.93,Sharp,,selected,2026-08-08 23:07
bo3_fav_minus_1_5_v0,2026-08-09 09:00,,9INE vs HOTU,-1.5 maps,HOTU,3,Sharp,2.4,1,won,1.4,1.205,-1.19,Sharp,,selected,2026-08-08 23:07
bo3_fav_minus_1_5_v0,2026-08-09 09:00,,1win vs Liquid,-1.5 maps,Liquid,3,Sharp,2.36,1,lost,-1.0,0.205,-0.32,Sharp,,selected,2026-08-08 23:07
bo3_fav_minus_1_5_v0,2026-08-10 20:00,,paiN Academy vs Keyd Stars,-1.5 maps,Keyd Stars,3,Sharp,2.08,1,lost,-1.0,-0.795,4.18,Sharp,,selected,2026-08-10 04:07
bo3_fav_minus_1_5_v0,2026-08-11 23:45,,MEIA NOITE vs ALKA,-1.5 maps,ALKA,3,Sharp,2.59,1,won,1.59,0.795,1.97,Sharp,,selected,2026-08-11 12:06
bo3_fav_minus_1_5_v0,2026-08-13 08:00,,Just Players vs MOUZ NXT,-1.5 maps,Just Players,3,Sharp,2.01,1,lost,-1.0,-0.205,,,,selected,2026-08-13 07:07
bo3_fav_minus_1_5_v0,2026-08-13 14:00,,Spirit vs Luminosity,-1.5 maps,Spirit,3,Sharp,1.575,1,won,0.575,,1.87,Sharp,,ineligible,2026-08-12 22:06
bo3_fav_minus_1_5_v0,2026-08-13 14:00,,M80 vs Aurora,-1.5 maps,Aurora,3,Sharp,2.02,1,won,1.02,0.815,-3.65,Sharp,,selected,2026-08-12 22:06
bo3_fav_minus_1_5_v0,2026-08-13 17:00,,Falcons vs Astralis,-1.5 maps,Falcons,3,Sharp,1.8,1,won,0.8,1.615,-1.68,Sharp,,selected,2026-08-12 22:06
bo3_fav_minus_1_5_v0,2026-08-13 23:45,,METANOIA Wolves vs paiN Academy,-1.5 maps,paiN Academy,3,Sharp,2.54,1,won,1.54,3.155,3.31,Sharp,,selected,2026-08-13 02:06
bo3_fav_minus_1_5_v0,2026-08-13 23:45,,Pugdesonesto vs ALKA,-1.5 maps,ALKA,3,Sharp,1.885,1,won,0.885,4.04,2.98,Sharp,,selected,2026-08-13 02:06
bo3_fav_minus_1_5_v0,2026-08-14 08:00,,Enjoy vs Misa,-1.5 maps,Enjoy,3,Sharp,2.65,1,won,1.65,5.69,0.32,Sharp,,selected,2026-08-14 01:06
bo3_fav_minus_1_5_v0,2026-08-14 11:00,,BetBoom vs Ninjas in Pyjamas,-1.5 maps,BetBoom,3,Sharp,2.49,1,lost,-1.0,4.69,-0.47,Sharp,,selected,2026-08-13 20:06
bo3_fav_minus_1_5_v0,2026-08-14 13:55,,FUT vs MOUZ,-1.5 maps,MOUZ,3,Sharp,2.64,1,lost,-1.0,,0.12,Sharp,,quarantined,2026-08-13 20:06
bo3_fav_minus_1_5_v0,2026-08-14 16:50,,100 Thieves vs PARIVISION,-1.5 maps,PARIVISION,3,Sharp,3.16,1,won,2.16,,1.84,Sharp,,ineligible,2026-08-13 20:06
bo3_fav_minus_1_5_v0,2026-08-14 23:00,,BESTIA vs ALKA,-1.5 maps,BESTIA,3,Sharp,1.833,1,lost,-1.0,3.69,6.67,Sharp,,selected,2026-08-14 01:06
bo3_fav_minus_1_5_v0,2026-08-15 11:00,,Natus Vincere vs The MongolZ,-1.5 maps,Natus Vincere,3,Sharp,2.21,1,lost,-1.0,2.69,2.82,Sharp,,selected,2026-08-15 01:06
bo3_fav_minus_1_5_v0,2026-08-15 11:00,,paiN vs Wildcard,-1.5 maps,paiN,3,Sharp,2.92,1,lost,-1.0,1.69,1.13,Sharp,,selected,2026-08-15 01:06
bo3_fav_minus_1_5_v0,2026-08-15 13:45,,ex-Sashi Academy vs SAW Youngsters,-1.5 maps,SAW Youngsters,3,Sharp,2.89,1,won,1.89,3.58,4.55,Sharp,,selected,2026-08-15 01:06
bo3_fav_minus_1_5_v0,2026-08-16 11:00,,ex-RUSTEC vs Inner Circle Academy,-1.5 maps,ex-RUSTEC,3,Sharp,2.7,1,lost,-1.0,2.58,4.84,Sharp,,selected,2026-08-15 18:06
bo3_fav_minus_1_5_v0,2026-08-16 11:00,,Bushido Wildcats vs Fortress,-1.5 maps,Bushido Wildcats,3,Sharp,1.505,1,won,0.505,3.085,4.47,Sharp,,selected,2026-08-15 18:06
bo3_fav_minus_1_5_v0,2026-08-16 11:00,,Astralis vs Ninjas in Pyjamas,-1.5 maps,Astralis,3,Sharp,3.41,1,lost,-1.0,2.085,2.6,Sharp,,selected,2026-08-15 22:07
bo3_fav_minus_1_5_v0,2026-08-16 11:00,,Legacy vs MIBR,-1.5 maps,Legacy,3,Sharp,2.74,1,won,1.74,3.825,-0.16,Sharp,,selected,2026-08-15 22:07
bo3_fav_minus_1_5_v0,2026-08-16 11:00,,The MongolZ vs paiN,-1.5 maps,The MongolZ,3,Sharp,2.75,1,won,1.75,5.575,-1.77,Sharp,,selected,2026-08-15 22:07
bo3_fav_minus_1_5_v0,2026-08-16 13:00,,EAC vs Lavked,-1.5 maps,EAC,3,Sharp,3.27,1,won,2.27,,0.0,Sharp,,quarantined,2026-08-16 11:06
bo3_fav_minus_1_5_v0,2026-08-16 14:00,,MOUZ vs PARIVISION,-1.5 maps,MOUZ,3,Sharp,2.37,1,won,1.37,,-3.17,Sharp,,ineligible,2026-08-15 22:07
bo3_fav_minus_1_5_v0,2026-08-17 14:00,,Bushido Wildcats vs Inner Circle Academy,-1.5 maps,Bushido Wildcats,3,Sharp,2.89,1,lost,-1.0,,9.07,Sharp,,ineligible,2026-08-16 20:05
bo3_fav_minus_1_5_v0,2026-08-18 13:00,,Metizport vs DONSTU,-1.5 maps,Metizport,3,Sharp,1.735,1,won,0.735,6.31,5.95,Sharp,,selected,2026-08-18 02:07
bo3_fav_minus_1_5_v0,2026-08-18 13:00,,SPARTA vs MOUZ NXT,-1.5 maps,SPARTA,3,Sharp,2.28,1,lost,-1.0,5.31,10.24,Sharp,,selected,2026-08-18 02:07
bo3_fav_minus_1_5_v0,2026-08-18 13:00,,Omega vs Fire Flux,-1.5 maps,Omega,3,Sharp,2.37,1,lost,-1.0,,-4.08,Sharp,,quarantined,2026-08-18 02:07
bo3_fav_minus_1_5_v0,2026-08-18 13:00,,EAC vs Fortress,-1.5 maps,EAC,3,Sharp,1.541,1,won,0.541,5.851,8.99,Sharp,,selected,2026-08-18 02:07
bo3_fav_minus_1_5_v0,2026-08-18 13:45,,Bushido Wildcats vs Misa,-1.5 maps,Bushido Wildcats,3,Sharp,2.11,1,lost,-1.0,,-1.55,Sharp,,quarantined,2026-08-18 02:07
bo3_fav_minus_1_5_v0,2026-08-19 08:00,,Inner Circle Academy vs MOUZ NXT,-1.5 maps,Inner Circle Academy,3,Sharp,2.76,1,lost,-1.0,,3.11,Sharp,,ineligible,2026-08-18 22:08
bo3_fav_minus_1_5_v0,2026-08-19 13:00,,SPARTA vs MOUZ NXT,-1.5 maps,SPARTA,3,Sharp,2.12,1,won,1.12,,5.89,Sharp,,ineligible,2026-08-19 02:07
bo3_fav_minus_1_5_v0,2026-08-19 17:00,,GamerLegion vs MOUZ,-1.5 maps,MOUZ,3,Sharp,1.917,1,lost,-1.0,4.851,-0.47,Sharp,,selected,2026-08-18 18:07
bo3_fav_minus_1_5_v0,2026-08-20 11:00,,Falcons vs The MongolZ,-1.5 maps,Falcons,3,Sharp,1.84,1,won,0.84,5.691,-2.5,Sharp,,selected,2026-08-19 12:08
bo3_fav_minus_1_5_v0,2026-08-20 11:00,,Natus Vincere vs Legacy,-1.5 maps,Natus Vincere,3,Sharp,2.2,1,lost,-1.0,4.691,-0.73,Sharp,,selected,2026-08-19 12:08
bo3_fav_minus_1_5_v0,2026-08-20 13:00,,Metizport vs Color,-1.5 maps,Metizport,3,Sharp,2.81,1,lost,-1.0,,-4.62,Sharp,,quarantined,2026-08-20 01:11
bo3_fav_minus_1_5_v0,2026-08-20 13:45,,mellren vs Bushido Wildcats,-1.5 maps,Bushido Wildcats,3,Sharp,2.26,1,lost,-1.0,3.691,4.64,Sharp,,selected,2026-08-19 23:13
bo3_fav_minus_1_5_v0,2026-08-20 14:00,,B8 vs Spirit,-1.5 maps,Spirit,3,Sharp,1.787,1,won,0.787,4.478,1.24,Sharp,,selected,2026-08-20 04:13
bo3_fav_minus_1_5_v0,2026-08-20 17:00,,G2 vs FURIA,-1.5 maps,FURIA,3,Sharp,2.96,1,lost,-1.0,3.478,-0.93,Sharp,,selected,2026-08-19 23:13
bo3_fav_minus_1_5_v0,2026-08-21 08:00,,LPH vs B8 Academy,-1.5 maps,LPH,3,Sharp,3.13,1,lost,-1.0,,1.22,Sharp,,quarantined,2026-08-21 06:07
bo3_fav_minus_1_5_v0,2026-08-21 08:00,,Black Phoenix vs ex-RUSTEC,-1.5 maps,Black Phoenix,3,Sharp,3.01,1,lost,-1.0,,,,,ineligible,2026-08-21 07:07
bo3_fav_minus_1_5_v0,2026-08-21 11:00,,FUT vs MOUZ,-1.5 maps,MOUZ,3,Sharp,2.72,1,lost,-1.0,2.478,-0.98,Sharp,,selected,2026-08-20 12:08
bo3_fav_minus_1_5_v0,2026-08-21 11:00,,GenOne vs HAVU,-1.5 maps,GenOne,3,Sharp,1.877,1,lost,-1.0,1.478,1.11,Sharp,,selected,2026-08-21 07:07
bo3_fav_minus_1_5_v0,2026-08-21 14:00,,Legacy vs Falcons,-1.5 maps,Falcons,3,Sharp,2.03,1,lost,-1.0,0.478,-2.78,Sharp,,selected,2026-08-20 22:07
bo3_fav_minus_1_5_v0,2026-08-22 11:00,,Lavked vs Bushido Wildcats,-1.5 maps,Bushido Wildcats,3,Sharp,2.83,1,lost,-1.0,-0.522,0.44,Sharp,,selected,2026-08-22 09:07
bo3_fav_minus_1_5_v0,2026-08-22 14:00,,FURIA vs FUT,-1.5 maps,FURIA,3,Sharp,2.72,1,lost,-1.0,-1.522,-0.99,Sharp,,selected,2026-08-22 03:07
bo3_fav_minus_1_5_v0,2026-08-23 14:00,,GenOne vs ex-RUSTEC,-1.5 maps,GenOne,3,Sharp,2.31,1,lost,-1.0,,-1.68,Sharp,,quarantined,2026-08-22 20:07
bo3_fav_minus_1_5_v0,2026-08-23 17:00,,Just Players vs ex-Zero Tenacity,-1.5 maps,Just Players,3,Sharp,3.24,1,lost,-1.0,,0.0,Sharp,,ineligible,2026-08-22 20:07
bo3_fav_minus_1_5_v0,2026-08-24 17:00,,CYBERSHOKE Prospects vs ex-Zero Tenacity,-1.5 maps,CYBERSHOKE Prospects,3,Sharp,3.1,1,lost,-1.0,-2.522,,,,selected,2026-08-24 08:09
bo3_fav_minus_1_5_v0,2026-08-25 17:00,,Drip Too Hard vs Just Players,-1.5 maps,Just Players,3,Sharp,2.68,1,lost,-1.0,,-0.42,Sharp,,ineligible,2026-08-25 04:08
bo3_fav_minus_1_5_v0,2026-08-25 21:00,,Bounty Hunters vs MEIA NOITE,-1.5 maps,Bounty Hunters,3,Sharp,2.06,1,won,1.06,-1.462,6.18,Sharp,,selected,2026-08-24 22:07
bo3_fav_minus_1_5_v0,2026-08-26 13:00,,MEIA NOITE vs ODDIK,-1.5 maps,ODDIK,3,Sharp,1.99,1,won,0.99,-0.472,3.44,Sharp,,selected,2026-08-25 21:07
bo3_fav_minus_1_5_v0,2026-08-26 14:00,,GenOne vs Nordic Partners,-1.5 maps,GenOne,3,Sharp,2.21,1,won,1.21,0.738,2.48,Sharp,,selected,2026-08-25 21:07
bo3_fav_minus_1_5_v0,2026-08-26 15:00,,Misa vs Eternal Fire Academy,-1.5 maps,Misa,3,Sharp,2.33,1,won,1.33,,3.08,Sharp,,ineligible,2026-08-26 07:12
bo3_fav_minus_1_5_v0,2026-08-26 21:00,,Isurus vs paiN Academy,-1.5 maps,Isurus,3,Sharp,1.971,1,lost,-1.0,,6.25,Sharp,,ineligible,2026-08-26 06:09
bo3_fav_minus_1_5_v0,2026-08-26 21:00,,ODDIK vs Imperial,-1.5 maps,Imperial,3,Sharp,1.725,1,lost,-1.0,-0.262,-0.41,Sharp,,selected,2026-08-26 06:09
bo3_fav_minus_1_5_v0,2026-08-26 21:00,,Fluxo vs Keyd Stars,-1.5 maps,Fluxo,3,Sharp,2.64,1,won,1.64,1.378,4.83,Sharp,,selected,2026-08-26 06:09
bo3_fav_minus_1_5_v0,2026-08-26 21:00,,ALKA vs Turma do Pagode,-1.5 maps,Turma do Pagode,3,Sharp,3.13,1,lost,-1.0,0.378,22.07,Sharp,,selected,2026-08-26 06:09
bo3_fav_minus_1_5_v0,2026-08-26 21:00,,MEIA NOITE vs BORRACHEIROS,-1.5 maps,BORRACHEIROS,3,Sharp,2.73,1,lost,-1.0,,-3.52,Sharp,,ineligible,2026-08-26 08:08
bo3_fav_minus_1_5_v0,2026-08-27 14:00,,EAC vs QUAZAR,-1.5 maps,EAC,3,Sharp,3.12,1,lost,-1.0,-0.622,1.36,Sharp,,selected,2026-08-27 04:19
bo3_fav_minus_1_5_v0,2026-08-27 21:00,,ODDIK vs Yawara,-1.5 maps,ODDIK,3,Sharp,2.81,1,won,1.81,,-0.94,Sharp,,ineligible,2026-08-27 06:13
bo3_fav_minus_1_5_v0,2026-08-28 11:00,,OG vs ex-Zero Tenacity,-1.5 maps,OG,3,Sharp,2.93,1,lost,-1.0,-1.622,-0.05,Sharp,,selected,2026-08-27 23:11
bo3_fav_minus_1_5_v0,2026-08-28 17:00,,UPGRADE vs Black Phoenix,-1.5 maps,Black Phoenix,3,Sharp,3.1,1,lost,-1.0,-2.622,,,,selected,2026-08-28 16:09
bo3_fav_minus_1_5_v0,2026-08-28 21:00,,ODDIK vs ex-MIBR Academy,-1.5 maps,ODDIK,3,Sharp,2.54,1,lost,-1.0,-3.622,6.33,Sharp,,selected,2026-08-28 07:12
bo3_fav_minus_1_5_v0,2026-08-29 16:30,,Legacy vs Falcons,-1.5 maps,Falcons,3,Sharp,2.49,1,lost,-1.0,-4.622,-2.36,Sharp,,selected,2026-08-28 22:10
bo3_fav_minus_1_5_v0,2026-08-29 21:00,,ShindeN vs Isurus,-1.5 maps,ShindeN,3,Sharp,2.79,1,won,1.79,,11.36,Sharp,,quarantined,2026-08-29 08:10
bo3_fav_minus_1_5_v0,2026-08-29 21:00,,Fluxo vs ex-MIBR Academy,-1.5 maps,Fluxo,3,Sharp,1.719,1,lost,-1.0,-5.622,0.0,Sharp,,selected,2026-08-29 11:14
bo3_fav_minus_1_5_v0,2026-08-30 13:00,,Virtus.pro vs Fire Flux,-1.5 maps,Virtus.pro,3,Sharp,1.541,1,lost,-1.0,-6.622,-6.89,Sharp,,selected,2026-08-29 23:11
bo3_fav_minus_1_5_v0,2026-08-30 13:00,,BERG vs WBT,-1.5 maps,WBT,3,Sharp,2.34,1,lost,-1.0,,8.36,Sharp,,quarantined,2026-08-30 06:14
bo3_fav_minus_1_5_v0,2026-08-30 21:00,,Galorys vs Imperial,-1.5 maps,Imperial,3,Sharp,2.09,1,lost,-1.0,-7.622,2.95,Sharp,,selected,2026-08-29 23:11
bo3_fav_minus_1_5_v0,2026-08-30 22:00,,ODDIK vs Grêmio,-1.5 maps,ODDIK,3,Sharp,1.581,1,won,0.581,-7.041,-6.89,Sharp,,selected,2026-08-30 01:09
bo3_fav_minus_1_5_v0,2026-08-31 09:00,,Spirit vs FURIA,-1.5 maps,Spirit,3,Sharp,2.56,1,won,1.56,-5.481,2.19,Sharp,,selected,2026-08-30 12:14
bo3_fav_minus_1_5_v0,2026-08-31 13:00,,Inner Circle Academy vs Fire Flux,-1.5 maps,Inner Circle Academy,3,Sharp,3.02,1,lost,-1.0,-6.481,0.0,Sharp,,selected,2026-08-31 03:09
bo3_fav_minus_1_5_v0,2026-08-31 13:00,,Misa vs BAKS,-1.5 maps,BAKS,3,Sharp,2.21,1,lost,-1.0,,1.28,Sharp,,quarantined,2026-08-31 06:10
bo3_fav_minus_1_5_v0,2026-08-31 14:00,,MOUZ vs Falcons,-1.5 maps,Falcons,3,Sharp,3.06,1,lost,-1.0,-7.481,-1.89,Sharp,,selected,2026-08-30 22:09
bo3_fav_minus_1_5_v0,2026-08-31 14:00,,HOTU vs UPGRADE,-1.5 maps,HOTU,3,Sharp,1.885,1,lost,-1.0,,-4.56,Sharp,,quarantined,2026-08-30 22:09
bo3_fav_minus_1_5_v0,2026-09-01 08:00,,Nemesis vs SPARTA,-1.5 maps,Nemesis,3,Sharp,2.19,1,won,1.19,,2.75,Sharp,,ineligible,2026-08-31 16:09
bo3_fav_minus_1_5_v0,2026-09-01 13:00,,Virtus.pro vs WBT,-1.5 maps,Virtus.pro,3,Sharp,1.901,1,lost,-1.0,-8.481,-6.83,Sharp,,selected,2026-09-01 07:10
bo3_fav_minus_1_5_v0,2026-09-02 09:00,,MIBR vs Eternal Fire,-1.5 maps,MIBR,3,Sharp,2.67,1,lost,-1.0,,-0.54,Sharp,,quarantined,2026-09-01 10:10
bo3_fav_minus_1_5_v0,2026-09-02 11:00,,Nemesis vs 1win,-1.5 maps,Nemesis,3,Sharp,3.16,1,won,2.16,-6.321,0.0,Sharp,,selected,2026-09-02 00:11
bo3_fav_minus_1_5_v0,2026-09-02 11:00,,Black Phoenix vs ex-Zero Tenacity,-1.5 maps,ex-Zero Tenacity,3,Sharp,3.04,1,won,2.04,-4.281,22.75,Sharp,,selected,2026-09-02 05:08
bo3_fav_minus_1_5_v0,2026-09-02 12:00,,BIG vs Nemiga,-1.5 maps,BIG,3,Sharp,2.44,1,lost,-1.0,-5.281,0.49,Sharp,,selected,2026-09-02 01:09
bo3_fav_minus_1_5_v0,2026-09-02 12:00,,Color vs B8,-1.5 maps,B8,3,Sharp,2.44,1,lost,-1.0,,1.99,Sharp,,ineligible,2026-09-02 08:08
bo3_fav_minus_1_5_v0,2026-09-02 16:00,,OLDBOYS PL vs Rounds,-1.5 maps,OLDBOYS PL,3,Sharp,1.714,1,won,0.714,,0.0,Sharp,,ineligible,2026-09-02 00:11
bo3_fav_minus_1_5_v0,2026-09-03 09:00,,Iberian Soul vs Nemiga,-1.5 maps,Nemiga,3,Sharp,3.09,1,lost,-1.0,-6.281,1.17,Sharp,,selected,2026-09-02 20:08
bo3_fav_minus_1_5_v0,2026-09-03 12:00,,EYEBALLERS vs MIBR,-1.5 maps,MIBR,3,Sharp,2.57,1,won,1.57,,9.95,Sharp,,ineligible,2026-09-02 23:09
bo3_fav_minus_1_5_v0,2026-09-03 12:00,,HEROIC vs Color,-1.5 maps,HEROIC,3,Sharp,2.5,1,won,1.5,-4.781,3.25,Sharp,,selected,2026-09-03 07:09
bo3_fav_minus_1_5_v0,2026-09-03 14:00,,Lavked vs HAVU,-1.5 maps,Lavked,3,Sharp,2.88,1,won,1.88,,4.48,Sharp,,ineligible,2026-09-02 23:09
bo3_fav_minus_1_5_v0,2026-09-03 15:00,,Eternal Fire vs Nuclear TigeRES,-1.5 maps,Nuclear TigeRES,3,Sharp,3.26,1,won,2.26,-2.521,,,,selected,2026-09-03 12:10
bo3_fav_minus_1_5_v0,2026-09-03 16:00,,Bounty Hunters vs MEIA NOITE,-1.5 maps,Bounty Hunters,3,Sharp,1.676,1,won,0.676,-1.845,3.78,Sharp,,selected,2026-09-03 07:09
bo3_fav_minus_1_5_v0,2026-09-04 08:00,,MOUZ NXT vs Bushido Wildcats,-1.5 maps,Bushido Wildcats,3,Sharp,2.24,1,lost,-1.0,,8.74,Sharp,,quarantined,2026-09-04 02:08
bo3_fav_minus_1_5_v0,2026-09-04 08:00,,SINNERS vs QUAZAR,-1.5 maps,SINNERS,3,Sharp,2.5,1,lost,-1.0,-2.845,,,,selected,2026-09-04 07:13
bo3_fav_minus_1_5_v0,2026-09-04 11:30,,HOTU vs Eternal Fire,-1.5 maps,HOTU,3,Sharp,2.75,1,won,1.75,-1.095,-5.36,Sharp,,selected,2026-09-03 15:09
bo3_fav_minus_1_5_v0,2026-09-04 14:00,,Falcons vs G2,-1.5 maps,Falcons,3,Sharp,2.88,1,won,1.88,0.785,-1.26,Sharp,,selected,2026-09-03 15:09
bo3_fav_minus_1_5_v0,2026-09-04 15:00,,Nuclear TigeRES vs B8,-1.5 maps,B8,3,Sharp,2.67,1,won,1.67,2.455,-3.89,Sharp,,selected,2026-09-03 22:09
bo3_fav_minus_1_5_v0,2026-09-04 15:00,,Eternal Fire vs HEROIC,-1.5 maps,HEROIC,3,Sharp,2.38,1,lost,-1.0,1.455,-4.12,Sharp,,selected,2026-09-04 01:07
bo3_fav_minus_1_5_v0,2026-09-04 16:00,,METANOIA Wolves vs ODDIK,-1.5 maps,ODDIK,3,Sharp,1.379,1,won,0.379,,1.3,Sharp,,ineligible,2026-09-04 09:10
bo3_fav_minus_1_5_v0,2026-09-04 17:00,,SPARTA vs HAVU,-1.5 maps,SPARTA,3,Sharp,2.05,1,won,1.05,,6.92,Sharp,,ineligible,2026-09-04 02:08
bo3_fav_minus_1_5_v0,2026-09-04 22:00,,Imperial vs ALKA,-1.5 maps,Imperial,3,Sharp,1.667,1,won,0.667,2.122,17.12,Sharp,,selected,2026-09-04 07:13
bo3_fav_minus_1_5_v0,2026-09-04 22:00,,Fluxo vs Back to Back,-1.5 maps,Fluxo,3,Sharp,1.84,1,won,0.84,,-7.1,Sharp,,ineligible,2026-09-04 11:10
bo3_fav_minus_1_5_v0,2026-09-05 08:00,,EAC vs PCIFIC,-1.5 maps,EAC,3,Sharp,2.14,1,lost,-1.0,1.122,1.17,Sharp,,selected,2026-09-04 15:10
bo3_fav_minus_1_5_v0,2026-09-05 09:00,,BBL vs fnatic,-1.5 maps,fnatic,3,Sharp,2.21,1,lost,-1.0,0.122,-1.93,Sharp,,selected,2026-09-05 05:10
bo3_fav_minus_1_5_v0,2026-09-05 13:45,,Inner Circle Academy vs Privateer,-1.5 maps,Inner Circle Academy,3,Sharp,1.526,1,lost,-1.0,-0.878,0.69,Sharp,,selected,2026-09-05 07:10
bo3_fav_minus_1_5_v0,2026-09-05 14:00,,Spirit vs Falcons,-1.5 maps,Spirit,3,Sharp,2.78,1,won,1.78,0.902,-0.41,Sharp,,selected,2026-09-04 22:10
bo3_fav_minus_1_5_v0,2026-09-05 14:30,,Ninjas in Pyjamas vs Nuclear TigeRES,-1.5 maps,Ninjas in Pyjamas,3,Sharp,3.04,1,won,2.04,,2.56,Sharp,,ineligible,2026-09-05 01:08
bo3_fav_minus_1_5_v0,2026-09-05 19:00,,Peladona vs Imperial,-1.5 maps,Imperial,3,Sharp,1.909,1,lost,-1.0,,1.3,Sharp,,quarantined,2026-09-05 03:09
bo3_fav_minus_1_5_v0,2026-09-06 09:00,,Ninjas in Pyjamas vs fnatic,-1.5 maps,Ninjas in Pyjamas,3,Sharp,3.07,1,lost,-1.0,,3.8,Sharp,,ineligible,2026-09-06 01:12
bo3_fav_minus_1_5_v0,2026-09-06 13:00,,BERG vs mellren,-1.5 maps,mellren,3,Sharp,2.36,1,won,1.36,,,,,quarantined,2026-09-06 12:13
bo3_fav_minus_1_5_v0,2026-09-07 09:00,,Nemesis vs FORZE Reload,-1.5 maps,Nemesis,3,Sharp,2.39,1,won,1.39,2.292,-2.88,Sharp,,selected,2026-09-06 21:08
bo3_fav_minus_1_5_v0,2026-09-07 13:00,,mellren vs BERG,-1.5 maps,mellren,3,Sharp,2.65,1,won,1.65,,4.71,Sharp,,quarantined,2026-09-07 06:13
bo3_fav_minus_1_5_v0,2026-09-07 17:30,,Nuclear TigeRES vs CYBERSHOKE,-1.5 maps,Nuclear TigeRES,3,Sharp,2.72,1,lost,-1.0,1.292,-2.67,Sharp,,selected,2026-09-07 04:08
bo3_fav_minus_1_5_v0,2026-09-08 06:00,,MIBR vs The MongolZ,-1.5 maps,The MongolZ,3,Sharp,3.0,1,lost,-1.0,0.292,-2.3,Sharp,,selected,2026-09-07 12:10
bo3_fav_minus_1_5_v0,2026-09-08 11:00,,Fortress vs ENCE,-1.5 maps,ENCE,3,Sharp,1.395,1,lost,-1.0,-0.708,5.18,Sharp,,selected,2026-09-08 06:10
bo3_fav_minus_1_5_v0,2026-09-08 12:00,,Nemiga vs Color,-1.5 maps,Nemiga,3,Sharp,2.79,1,won,1.79,1.082,2.39,Sharp,,selected,2026-09-07 15:10
bo3_fav_minus_1_5_v0,2026-09-08 13:00,,MOUZ NXT vs Dark Moon,-1.5 maps,MOUZ NXT,3,Sharp,2.4,1,won,1.4,,-1.08,Sharp,,ineligible,2026-09-07 22:09
bo3_fav_minus_1_5_v0,2026-09-08 13:45,,Phantom Academy vs Misa,-1.5 maps,Phantom Academy,3,Sharp,2.4,1,lost,-1.0,,-3.15,Sharp,,ineligible,2026-09-07 15:10
bo3_fav_minus_1_5_v0,2026-09-09 06:00,,9z vs MIBR,-1.5 maps,9z,3,Sharp,2.87,1,lost,-1.0,0.082,0.22,Sharp,,selected,2026-09-08 19:10
bo3_fav_minus_1_5_v0,2026-09-09 11:00,,HEROIC vs BESTIA,-1.5 maps,HEROIC,3,Sharp,2.07,1,won,1.07,1.152,8.22,Sharp,,selected,2026-09-08 19:10
bo3_fav_minus_1_5_v0,2026-09-09 11:00,,Azuolas vs Bushido Wildcats,-1.5 maps,Bushido Wildcats,3,Sharp,2.61,1,lost,-1.0,0.152,4.37,Sharp,,selected,2026-09-09 05:10
bo3_fav_minus_1_5_v0,2026-09-09 12:00,,PARIVISION vs FURIA,-1.5 maps,FURIA,3,Sharp,2.43,1,won,1.43,1.582,2.05,Sharp,,selected,2026-09-08 23:10
bo3_fav_minus_1_5_v0,2026-09-09 14:00,,100 Thieves vs BBL,-1.5 maps,100 Thieves,3,Sharp,2.37,1,lost,-1.0,,5.04,Sharp,,quarantined,2026-09-08 19:10
bo3_fav_minus_1_5_v0,2026-09-09 17:00,,Ninjas in Pyjamas vs FOKUS,-1.5 maps,Ninjas in Pyjamas,3,Sharp,2.71,1,lost,-1.0,0.582,3.11,Sharp,,selected,2026-09-08 23:10
bo3_fav_minus_1_5_v0,2026-09-09 17:30,,Falcons Force vs BERG,-1.5 maps,Falcons Force,3,Sharp,2.67,1,won,1.67,,9.42,Sharp,,quarantined,2026-09-09 04:14
bo3_fav_minus_1_5_v0,2026-09-09 17:30,,WBT Academy vs eSuba,-1.5 maps,WBT Academy,3,Sharp,1.8,1,won,0.8,1.382,6.75,Sharp,,selected,2026-09-09 04:14
bo3_fav_minus_1_5_v0,2026-09-09 23:00,,NRG vs Without a Roof,-1.5 maps,NRG,3,Sharp,1.435,1,won,0.435,1.817,-0.61,Sharp,,selected,2026-09-09 01:12
bo3_fav_minus_1_5_v0,2026-09-09 23:00,,paiN vs Back to Back,-1.5 maps,paiN,3,Sharp,1.658,1,lost,-1.0,,2.74,Sharp,,ineligible,2026-09-09 01:12
bo3_fav_minus_1_5_v0,2026-09-10 11:00,,Bebop vs WBT Academy,-1.5 maps,WBT Academy,3,Sharp,2.97,1,lost,-1.0,,2.98,Sharp,,quarantined,2026-09-09 12:14
bo3_fav_minus_1_5_v0,2026-09-10 11:00,,HOTU vs Nemesis,-1.5 maps,HOTU,3,Sharp,3.22,1,lost,-1.0,0.817,-0.89,Sharp,,selected,2026-09-10 02:11
bo3_fav_minus_1_5_v0,2026-09-10 11:00,,Inner Circle Academy vs Fire Flux,-1.5 maps,Inner Circle Academy,3,Sharp,2.67,1,lost,-1.0,-0.183,-2.04,Sharp,,selected,2026-09-10 06:14
bo3_fav_minus_1_5_v0,2026-09-10 14:00,,1win vs B8,-1.5 maps,B8,3,Sharp,2.96,1,lost,-1.0,-1.183,-2.27,Sharp,,selected,2026-09-09 22:13
bo3_fav_minus_1_5_v0,2026-09-10 14:00,,3DMAX vs BBL,-1.5 maps,3DMAX,3,Sharp,2.47,1,lost,-1.0,-2.183,5.14,Sharp,,selected,2026-09-10 05:10
bo3_fav_minus_1_5_v0,2026-09-10 14:00,,ShindeN vs Turma do Pagode,-1.5 maps,ShindeN,3,Sharp,2.63,1,lost,-1.0,,6.52,Sharp,,quarantined,2026-09-10 06:14
bo3_fav_minus_1_5_v0,2026-09-10 14:00,,Falcons Force vs mellren,-1.5 maps,mellren,3,Sharp,3.0,1,lost,-1.0,-3.183,0.9,Sharp,,selected,2026-09-10 08:17
bo3_fav_minus_1_5_v0,2026-09-10 17:00,,FOKUS vs 1win,-1.5 maps,1win,3,Sharp,2.76,1,lost,-1.0,-4.183,0.11,Sharp,,selected,2026-09-10 07:13
bo3_fav_minus_1_5_v0,2026-09-10 17:00,,Back to Back vs Galorys,-1.5 maps,Galorys,3,Sharp,1.794,1,lost,-1.0,,-13.38,Sharp,,ineligible,2026-09-10 08:17
bo3_fav_minus_1_5_v0,2026-09-10 17:00,,SINNERS vs Nemiga,-1.5 maps,Nemiga,3,Sharp,3.1,1,lost,-1.0,-5.183,1.69,Sharp,,selected,2026-09-10 09:18
bo3_fav_minus_1_5_v0,2026-09-10 17:30,,KUUSAMO vs LPH,-1.5 maps,LPH,3,Sharp,2.31,1,lost,-1.0,-6.183,0.0,Sharp,,selected,2026-09-09 22:13
bo3_fav_minus_1_5_v0,2026-09-11 09:00,,FURIA vs G2,-1.5 maps,FURIA,3,Sharp,2.96,1,lost,-1.0,-7.183,0.65,Sharp,,selected,2026-09-11 00:13
bo3_fav_minus_1_5_v0,2026-09-11 11:00,,megoshort vs Inner Circle Academy,-1.5 maps,Inner Circle Academy,3,Sharp,1.962,1,lost,-1.0,,3.68,Sharp,,ineligible,2026-09-11 06:16
bo3_fav_minus_1_5_v0,2026-09-11 14:00,,Fluxo vs Back to Back,-1.5 maps,Fluxo,3,Sharp,2.0,1,lost,-1.0,,-10.19,Sharp,,ineligible,2026-09-11 04:14
bo3_fav_minus_1_5_v0,2026-09-11 17:00,,paiN vs ShindeN,-1.5 maps,paiN,3,Sharp,2.72,1,lost,-1.0,,-0.69,Sharp,,ineligible,2026-09-11 06:16
bo3_fav_minus_1_5_v0,2026-09-11 23:00,,Voca vs antivalue,-1.5 maps,Voca,3,Sharp,1.562,1,won,0.562,-6.621,5.9,Sharp,,selected,2026-09-11 07:15
bo3_fav_minus_1_5_v0,2026-09-12 02:00,,Liquid vs NRG,-1.5 maps,Liquid,3,Sharp,2.87,1,lost,-1.0,-7.621,5.73,Sharp,,selected,2026-09-11 10:12
bo3_fav_minus_1_5_v0,2026-09-12 06:00,,Legacy vs MIBR,-1.5 maps,Legacy,3,Sharp,2.29,1,lost,-1.0,-8.621,-1.15,Sharp,,selected,2026-09-12 00:15
bo3_fav_minus_1_5_v0,2026-09-12 09:00,,BetBoom vs G2,-1.5 maps,G2,3,Sharp,2.71,1,lost,-1.0,-9.621,1.54,Sharp,,selected,2026-09-12 00:15
bo3_fav_minus_1_5_v0,2026-09-12 10:00,,1win vs B8,-1.5 maps,B8,3,Sharp,3.02,1,won,2.02,-7.601,-0.49,Sharp,,selected,2026-09-12 00:15
bo3_fav_minus_1_5_v0,2026-09-12 11:00,,BBL vs Wildcard,-1.5 maps,Wildcard,3,Sharp,2.95,1,lost,-1.0,-8.601,1.57,Sharp,,selected,2026-09-12 04:13
bo3_fav_minus_1_5_v0,2026-09-12 13:30,,M80 vs Iberian Soul,-1.5 maps,M80,3,Sharp,2.69,1,won,1.69,-6.911,0.0,Sharp,,selected,2026-09-12 09:14
bo3_fav_minus_1_5_v0,2026-09-12 13:30,,Luminosity vs SAW,-1.5 maps,Luminosity,3,Sharp,2.31,1,lost,-1.0,,0.56,Sharp,,ineligible,2026-09-12 12:12
bo3_fav_minus_1_5_v0,2026-09-12 17:00,,Nemiga vs Just Players,-1.5 maps,Nemiga,3,Sharp,2.25,1,won,1.25,,8.7,Sharp,,quarantined,2026-09-12 00:15
bo3_fav_minus_1_5_v0,2026-09-12 17:00,,HEROIC vs 1win,-1.5 maps,HEROIC,3,Sharp,2.98,1,lost,-1.0,-7.911,1.72,Sharp,,selected,2026-09-12 04:13
bo3_fav_minus_1_5_v0,2026-09-13 08:00,,Enjoy vs mellren,-1.5 maps,mellren,3,Sharp,3.03,1,lost,-1.0,,4.8,Sharp,,ineligible,2026-09-12 21:11
bo3_fav_minus_1_5_v0,2026-09-13 08:00,,BBL vs HOTU,-1.5 maps,HOTU,3,Sharp,2.41,1,lost,-1.0,-8.911,3.18,Sharp,,selected,2026-09-13 00:12
bo3_fav_minus_1_5_v0,2026-09-13 11:00,,Bushido Wildcats vs megoshort,-1.5 maps,Bushido Wildcats,3,Sharp,2.0,1,won,1.0,-7.911,9.2,Sharp,,selected,2026-09-13 00:12
bo3_fav_minus_1_5_v0,2026-09-13 11:00,,Virtus.pro vs HEROIC,-1.5 maps,HEROIC,3,Sharp,2.38,1,lost,-1.0,-8.911,2.23,Sharp,,selected,2026-09-13 00:12
bo3_fav_minus_1_5_v0,2026-09-13 11:00,,SINNERS vs Nemiga,-1.5 maps,Nemiga,3,Sharp,2.61,1,won,1.61,-7.301,,,,selected,2026-09-13 10:11
bo3_fav_minus_1_5_v0,2026-09-13 17:00,,ex-RUSTEC vs Misa,-1.5 maps,ex-RUSTEC,3,Sharp,2.28,1,lost,-1.0,,11.27,Sharp,,ineligible,2026-09-13 00:12
bo3_fav_minus_1_5_v0,2026-09-14 08:00,,ex-RUSTEC vs Azuolas,-1.5 maps,ex-RUSTEC,3,Sharp,3.02,1,won,2.02,,15.23,Sharp,,ineligible,2026-09-13 18:10
bo3_fav_minus_1_5_v0,2026-09-14 08:00,,Bushido Wildcats vs Enjoy,-1.5 maps,Bushido Wildcats,3,Sharp,2.31,1,won,1.31,,3.39,Sharp,,ineligible,2026-09-14 05:11
bo3_fav_minus_1_5_v0,2026-09-14 10:00,,Metizport vs Nemiga,-1.5 maps,Nemiga,3,Sharp,2.18,1,won,1.18,-6.121,0.64,Sharp,,selected,2026-09-14 05:11
bo3_fav_minus_1_5_v0,2026-09-14 17:00,,KAMUI vs Fortress,-1.5 maps,KAMUI,3,Sharp,3.17,1,won,2.17,-3.951,7.98,Sharp,,selected,2026-09-14 05:11
bo3_fav_minus_1_5_v0,2026-09-15 14:00,,BAKS vs Spirit Academy,-1.5 maps,BAKS,3,Sharp,2.96,1,won,1.96,-1.991,2.05,Sharp,,selected,2026-09-15 10:11
bo3_fav_minus_1_5_v0,2026-09-16 08:00,,Lavked vs Saint Sinners,-1.5 maps,Lavked,3,Sharp,2.41,1,lost,-1.0,,-0.76,Sharp,,quarantined,2026-09-15 09:12
bo3_fav_minus_1_5_v0,2026-09-16 17:00,,ex-RUSTEC vs Nexus,-1.5 maps,ex-RUSTEC,3,Sharp,2.66,1,lost,-1.0,,0.57,Sharp,,ineligible,2026-09-16 00:12
bo3_fav_minus_1_5_v0,2026-09-17 08:00,,BRUTE vs QUAZAR,-1.5 maps,QUAZAR,3,Sharp,2.75,1,lost,-1.0,-2.991,0.0,Sharp,,selected,2026-09-17 06:13
bo3_fav_minus_1_5_v0,2026-09-17 13:00,,ShindeN vs EHISTO BASE,-1.5 maps,ShindeN,3,Sharp,2.33,1,won,1.33,,5.98,Sharp,,quarantined,2026-09-16 14:12
bo3_fav_minus_1_5_v0,2026-09-17 17:00,,Nexus vs Spirit Academy,-1.5 maps,Nexus,3,Sharp,3.05,1,lost,-1.0,,3.17,Sharp,,ineligible,2026-09-17 05:12
bo3_fav_minus_1_5_v0,2026-09-17 17:30,,FURIA vs MIBR,-1.5 maps,FURIA,3,Sharp,2.27,1,lost,-1.0,-3.991,0.36,Sharp,,selected,2026-09-17 00:14
bo3_fav_minus_1_5_v0,2026-09-18 08:00,,SAW Youngsters vs REVENIX,-1.5 maps,SAW Youngsters,3,Sharp,1.787,1,won,0.787,-3.204,2.49,Sharp,,selected,2026-09-18 05:16
bo3_fav_minus_1_5_v0,2026-09-18 10:00,,MOUZ vs Natus Vincere,-1.5 maps,MOUZ,3,Sharp,2.6,1,lost,-1.0,,-1.02,Sharp,,quarantined,2026-09-18 00:18
bo3_fav_minus_1_5_v0,2026-09-18 11:00,,ex-Zero Tenacity vs TrafficPills,-1.5 maps,ex-Zero Tenacity,3,Sharp,2.07,1,lost,-1.0,,3.23,Sharp,,quarantined,2026-09-18 06:19
bo3_fav_minus_1_5_v0,2026-09-18 14:00,,QUAZAR vs NAVI Junior,-1.5 maps,QUAZAR,3,Sharp,2.25,1,won,1.25,-1.954,6.14,Sharp,,selected,2026-09-18 00:18
bo3_fav_minus_1_5_v0,2026-09-18 17:00,,Color vs SPARTA,-1.5 maps,Color,3,Sharp,2.67,1,won,1.67,,4.79,Sharp,,ineligible,2026-09-18 05:16
bo3_fav_minus_1_5_v0,2026-09-19 08:00,,PCIFIC vs ex-RUSTEC,-1.5 maps,ex-RUSTEC,3,Sharp,2.42,1,won,1.42,,1.41,Sharp,,ineligible,2026-09-19 01:10
bo3_fav_minus_1_5_v0,2026-09-19 12:30,,FURIA vs MOUZ,-1.5 maps,MOUZ,3,Sharp,2.93,1,lost,-1.0,-2.954,-1.28,Sharp,,selected,2026-09-19 05:10
bo3_fav_minus_1_5_v0,2026-09-19 15:00,,Eternal Fire vs Nice Try,-1.5 maps,Eternal Fire,3,Sharp,1.51,1,won,0.51,-2.444,0.0,Sharp,,selected,2026-09-19 08:11
bo3_fav_minus_1_5_v0,2026-09-19 17:00,,Just Players vs Spirit Academy,-1.5 maps,Just Players,3,Sharp,3.21,1,won,2.21,-0.234,1.68,Sharp,,selected,2026-09-19 07:13
bo3_fav_minus_1_5_v0,2026-09-19 17:30,,MIBR vs FURIA,-1.5 maps,FURIA,3,Sharp,2.23,1,won,1.23,0.996,,,,selected,2026-09-19 17:10
bo3_fav_minus_1_5_v0,2026-09-19 18:00,,Fluxo vs Bounty Hunters,-1.5 maps,Fluxo,3,Sharp,2.29,1,lost,-1.0,-0.004,-1.05,Sharp,,selected,2026-09-19 05:10
bo3_fav_minus_1_5_v0,2026-09-19 18:00,,GenOne vs BERG,-1.5 maps,GenOne,3,Sharp,1.435,1,won,0.435,0.431,6.42,Sharp,,selected,2026-09-19 07:13
bo3_fav_minus_1_5_v0,2026-09-20 09:00,,WBT vs SAW Youngsters,-1.5 maps,WBT,3,Sharp,2.02,1,lost,-1.0,-0.569,0.0,Sharp,,selected,2026-09-20 07:13
bo3_fav_minus_1_5_v0,2026-09-20 11:00,,Lavked vs ENCE,-1.5 maps,Lavked,3,Sharp,3.27,1,lost,-1.0,-1.569,0.57,Sharp,,selected,2026-09-20 05:10
bo3_fav_minus_1_5_v0,2026-09-20 21:00,,Bounty Hunters vs BESTIA,-1.5 maps,BESTIA,3,Sharp,2.74,1,won,1.74,0.171,-1.34,Sharp,,selected,2026-09-20 05:10
bo3_fav_minus_1_5_v0,2026-09-21 10:00,,Astralis vs Sangal,-1.5 maps,Astralis,3,Sharp,1.662,1,lost,-1.0,-0.829,-3.93,Sharp,,selected,2026-09-20 11:10
bo3_fav_minus_1_5_v0,2026-09-21 14:00,,INOX Division vs ex-Zero Tenacity,-1.5 maps,INOX Division,3,Sharp,2.93,1,lost,-1.0,,4.87,Sharp,,ineligible,2026-09-21 06:12
bo3_fav_minus_1_5_v0,2026-09-21 17:00,,WW vs Phantom Academy,-1.5 maps,WW,3,Sharp,2.2,1,won,1.2,,-0.08,Sharp,,ineligible,2026-09-20 23:11
bo3_fav_minus_1_5_v0,2026-09-21 17:00,,Lavked vs NAVI Junior,-1.5 maps,Lavked,3,Sharp,3.23,1,lost,-1.0,-1.829,3.54,Sharp,,selected,2026-09-21 04:10
bo3_fav_minus_1_5_v0,2026-09-22 11:00,,Just Players vs ENCE,-1.5 maps,Just Players,3,Sharp,2.69,1,lost,-1.0,-2.829,2.25,Sharp,,selected,2026-09-21 15:11
bo3_fav_minus_1_5_v0,2026-09-22 13:00,,B8 vs Luminosity,-1.5 maps,B8,3,Sharp,2.58,1,lost,-1.0,-3.829,-2.75,Sharp,,selected,2026-09-21 15:11
bo3_fav_minus_1_5_v0,2026-09-22 13:00,,mellren vs KUUSAMO,-1.5 maps,mellren,3,Sharp,1.719,1,lost,-1.0,-4.829,-2.84,Sharp,,selected,2026-09-22 00:14
bo3_fav_minus_1_5_v0,2026-09-22 13:00,,Fortress vs LPH,-1.5 maps,LPH,3,Sharp,1.676,1,won,0.676,-4.153,2.68,Sharp,,selected,2026-09-22 00:14
bo3_fav_minus_1_5_v0,2026-09-22 21:00,,Grêmio vs Keyd Stars,-1.5 maps,Keyd Stars,3,Sharp,1.73,1,won,0.73,,0.0,Sharp,,ineligible,2026-09-22 00:14
bo3_fav_minus_1_5_v0,2026-09-22 21:00,,Turma do Pagode vs MEIA NOITE,-1.5 maps,Turma do Pagode,3,Sharp,1.87,1,won,0.87,,3.01,Sharp,,ineligible,2026-09-22 00:14
bo3_fav_minus_1_5_v0,2026-09-22 21:00,,Procyon vs ALKA,-1.5 maps,ALKA,3,Sharp,2.63,1,lost,-1.0,-5.153,1.88,Sharp,,selected,2026-09-22 12:14
bo3_fav_minus_1_5_v0,2026-09-22 21:00,,Isurus vs METANOIA Wolves,-1.5 maps,Isurus,3,Sharp,1.709,1,lost,-1.0,-6.153,2.52,Sharp,,selected,2026-09-22 12:14
bo3_fav_minus_1_5_v0,2026-09-23 01:00,,FRZ vs Overtake Sector,-1.5 maps,Overtake Sector,3,Sharp,2.19,1,won,1.19,,3.75,Sharp,,quarantined,2026-09-22 02:10
bo3_fav_minus_1_5_v0,2026-09-23 08:00,,QUAZAR vs Misa,-1.5 maps,QUAZAR,3,Sharp,2.25,1,lost,-1.0,-7.153,3.19,Sharp,,selected,2026-09-22 21:13
bo3_fav_minus_1_5_v0,2026-09-23 13:00,,ALKA vs Grêmio,-1.5 maps,ALKA,3,Sharp,2.23,1,lost,-1.0,-8.153,-1.1,Sharp,,selected,2026-09-22 21:13
bo3_fav_minus_1_5_v0,2026-09-23 13:00,,paiN vs Turma do Pagode,-1.5 maps,paiN,3,Sharp,2.12,1,won,1.12,,-7.06,Sharp,,ineligible,2026-09-23 01:11
bo3_fav_minus_1_5_v0,2026-09-23 13:00,,Legion vs Kaleido,-1.5 maps,Kaleido,3,Sharp,2.22,1,lost,-1.0,,0.27,Sharp,,quarantined,2026-09-23 02:10
bo3_fav_minus_1_5_v0,2026-09-23 16:30,,Galorys vs Yawara,-1.5 maps,Galorys,3,Sharp,2.01,1,lost,-1.0,,2.79,Sharp,,quarantined,2026-09-22 21:13
bo3_fav_minus_1_5_v0,2026-09-23 21:00,,Isurus vs Grêmio,-1.5 maps,Isurus,3,Sharp,2.21,1,lost,-1.0,,1.13,Sharp,,quarantined,2026-09-23 08:14
bo3_fav_minus_1_5_v0,2026-09-23 21:00,,ODDIK vs Procyon,-1.5 maps,ODDIK,3,Sharp,1.952,1,lost,-1.0,,5.27,Sharp,,quarantined,2026-09-23 08:14
bo3_fav_minus_1_5_v0,2026-09-23 21:00,,METANOIA Wolves vs Keyd Stars,-1.5 maps,Keyd Stars,3,Sharp,1.617,1,lost,-1.0,,0.0,Sharp,,ineligible,2026-09-23 08:14
bo3_fav_minus_1_5_v0,2026-09-24 09:00,,Rune Eaters vs Nemesis,-1.5 maps,Nemesis,3,Sharp,1.855,1,won,0.855,-7.298,3.27,Sharp,,selected,2026-09-23 14:18
bo3_fav_minus_1_5_v0,2026-09-24 13:00,,paiN vs Bounty Hunters,-1.5 maps,paiN,3,Sharp,2.27,1,won,1.27,-6.028,-4.92,Sharp,,selected,2026-09-23 22:12
bo3_fav_minus_1_5_v0,2026-09-24 21:00,,Bounty Hunters vs Yawara,-1.5 maps,Bounty Hunters,3,Sharp,2.0,1,lost,-1.0,-7.028,-3.78,Sharp,,selected,2026-09-24 05:15
bo3_fav_minus_1_5_v0,2026-09-25 08:00,,PCIFIC vs Bebop,-1.5 maps,PCIFIC,3,Sharp,3.26,1,won,2.26,,,,,quarantined,2026-09-25 07:19
bo3_fav_minus_1_5_v0,2026-09-25 12:00,,Nuclear TigeRES vs ex-Zero Tenacity,-1.5 maps,Nuclear TigeRES,3,Sharp,2.74,1,lost,-1.0,-8.028,0.4,Sharp,,selected,2026-09-25 00:19
bo3_fav_minus_1_5_v0,2026-09-25 12:00,,Ninjas in Pyjamas vs 3DMAX,-1.5 maps,3DMAX,3,Sharp,3.32,1,lost,-1.0,-9.028,0.65,Sharp,,selected,2026-09-25 10:15
bo3_fav_minus_1_5_v0,2026-09-25 13:00,,Bounty Hunters vs Yawara,-1.5 maps,Bounty Hunters,3,Sharp,2.26,1,won,1.26,,0.75,Sharp,,quarantined,2026-09-25 00:19
bo3_fav_minus_1_5_v0,2026-09-25 16:30,,Galorys vs Keyd Stars,-1.5 maps,Galorys,3,Sharp,2.48,1,won,1.48,,4.09,Sharp,,quarantined,2026-09-25 00:19
bo3_fav_minus_1_5_v0,2026-09-25 17:00,,ex-Zero Tenacity vs Illyrians,-1.5 maps,ex-Zero Tenacity,3,Sharp,2.78,1,lost,-1.0,-10.028,2.11,Sharp,,selected,2026-09-25 07:19
bo3_dog_plus_1_5_bookC_v0,2026-07-28 14:00,,ex-RUSTEC vs UNiTY,+1.5 maps,UNiTY,3,SoftBook C,1.35,1,won,0.35,,,,,ineligible,2026-07-28 13:07
bo3_dog_plus_1_5_bookC_v0,2026-07-28 17:00,,SPARTA vs G2 Ares,+1.5 maps,G2 Ares,3,SoftBook C,1.4,1,lost,-1.0,-1.0,0.0,bookC_self,,selected,2026-07-28 14:05
bo3_dog_plus_1_5_bookC_v0,2026-07-30 11:00,,GenOne vs ex-RUSTEC,+1.5 maps,ex-RUSTEC,3,SoftBook C,1.65,1,lost,-1.0,,0.0,bookC_self,,ineligible,2026-07-29 22:05
bo3_dog_plus_1_5_bookC_v0,2026-07-30 18:00,,ShindeN vs Imperial,+1.5 maps,ShindeN,3,SoftBook C,1.52,1,won,0.52,-0.48,0.88,bookC_self,,selected,2026-07-29 22:05
bo3_dog_plus_1_5_bookC_v0,2026-07-30 18:15,,aimclub vs Spirit Academy,+1.5 maps,aimclub,3,SoftBook C,1.78,1,won,0.78,,4.58,bookC_self,,quarantined,2026-07-29 21:06
bo3_dog_plus_1_5_bookC_v0,2026-07-30 22:00,,SportsBetExpert vs Voca,+1.5 maps,SportsBetExpert,3,SoftBook C,1.85,1,won,0.85,,4.07,bookC_self,,ineligible,2026-07-30 10:47
bo3_dog_plus_1_5_bookC_v0,2026-07-31 17:00,,CYBERSHOKE vs STATE,+1.5 maps,STATE,3,SoftBook C,1.75,1,lost,-1.0,,2.44,bookC_self,,quarantined,2026-07-31 12:09
bo3_dog_plus_1_5_bookC_v0,2026-08-01 08:00,,GenOne vs JiJieHao,+1.5 maps,GenOne,3,SoftBook C,1.38,1,won,0.38,-0.1,0.0,bookC_self,,selected,2026-07-31 23:07
bo3_dog_plus_1_5_bookC_v0,2026-08-01 08:00,,INOX Division vs SINNERS,+1.5 maps,INOX Division,3,SoftBook C,1.43,1,won,0.43,0.33,-0.93,bookC_self,,selected,2026-07-31 23:07
bo3_dog_plus_1_5_bookC_v0,2026-08-02 15:30,,Young TigeRES vs Spirit Academy,+1.5 maps,Young TigeRES,3,SoftBook C,1.68,1,lost,-1.0,-0.67,-0.71,bookC_self,,selected,2026-08-02 06:05
bo3_dog_plus_1_5_bookC_v0,2026-08-03 08:00,,WW vs CYBERSHOKE Prospects,+1.5 maps,CYBERSHOKE Prospects,3,SoftBook C,1.58,1,won,0.58,,3.58,bookC_self,,quarantined,2026-08-02 19:04
bo3_dog_plus_1_5_bookC_v0,2026-08-03 10:00,,Metizport vs Johnny Speeds,+1.5 maps,Johnny Speeds,3,SoftBook C,1.58,1,lost,-1.0,-1.67,-3.55,bookC_self,,selected,2026-08-02 11:08
bo3_dog_plus_1_5_bookC_v0,2026-08-03 11:00,,1win vs ex-RUBY,+1.5 maps,ex-RUBY,3,SoftBook C,1.42,1,won,0.42,-1.25,-2.91,bookC_self,,selected,2026-08-02 19:04
bo3_dog_plus_1_5_bookC_v0,2026-08-04 10:00,,Rooster vs FURY,+1.5 maps,FURY,3,SoftBook C,2.08,1,lost,-1.0,,0.0,bookC_self,,ineligible,2026-08-04 06:06
bo3_dog_plus_1_5_bookC_v0,2026-08-04 14:00,,Nemiga vs GenOne,+1.5 maps,GenOne,3,SoftBook C,1.4,1,won,0.4,-0.85,,,,selected,2026-08-03 15:06
bo3_dog_plus_1_5_bookC_v0,2026-08-04 17:00,,Eternal Fire vs INOX Division,+1.5 maps,INOX Division,3,SoftBook C,1.42,1,won,0.42,-0.43,3.1,bookC_self,,selected,2026-08-04 06:06
bo3_dog_plus_1_5_bookC_v0,2026-08-05 08:00,,CYBERSHOKE Prospects vs Nuclear TigeRES,+1.5 maps,CYBERSHOKE Prospects,3,SoftBook C,1.55,1,lost,-1.0,,0.0,bookC_self,,ineligible,2026-08-04 20:05
bo3_dog_plus_1_5_bookC_v0,2026-08-05 10:00,,Arcade vs Abyssal,+1.5 maps,Arcade,3,SoftBook C,1.43,1,won,0.43,0.0,-5.51,bookC_self,,selected,2026-08-04 11:06
bo3_dog_plus_1_5_bookC_v0,2026-08-05 11:00,,INOX Division vs 1win,+1.5 maps,INOX Division,3,SoftBook C,1.4,1,won,0.4,,-4.73,bookC_self,,ineligible,2026-08-05 06:07
bo3_dog_plus_1_5_bookC_v0,2026-08-06 10:00,,Ground Zero vs Abyssal,+1.5 maps,Abyssal,3,SoftBook C,1.66,1,lost,-1.0,-1.0,-2.31,bookC_self,,selected,2026-08-05 22:05
bo3_dog_plus_1_5_bookC_v0,2026-08-06 12:00,,1win vs Butterfly,+1.5 maps,Butterfly,3,SoftBook C,1.48,1,won,0.48,,-3.27,bookC_self,,ineligible,2026-08-06 00:05
bo3_dog_plus_1_5_bookC_v0,2026-08-06 14:00,,paiN Academy vs MEIA NOITE,+1.5 maps,paiN Academy,3,SoftBook C,1.58,1,won,0.58,,0.0,bookC_self,,quarantined,2026-08-05 15:07
bo3_dog_plus_1_5_bookC_v0,2026-08-07 09:00,,BC.Game vs BASEMENT BOYS,+1.5 maps,BASEMENT BOYS,3,SoftBook C,3.1,1,won,2.1,,5.06,bookC_self,,quarantined,2026-08-06 10:06
bo3_dog_plus_1_5_bookC_v0,2026-08-07 10:00,,Abyssal vs Arcade,+1.5 maps,Arcade,3,SoftBook C,1.44,1,lost,-1.0,,0.0,bookC_self,,quarantined,2026-08-07 05:08
bo3_dog_plus_1_5_bookC_v0,2026-08-07 17:00,,GenOne vs CYBERSHOKE,+1.5 maps,GenOne,3,SoftBook C,1.28,1,lost,-1.0,-2.0,,,,selected,2026-08-07 12:08
bo3_dog_plus_1_5_bookC_v0,2026-08-08 09:00,,Sashi vs FOKUS,+1.5 maps,Sashi,3,SoftBook C,1.32,1,lost,-1.0,-3.0,0.0,bookC_self,,selected,2026-08-08 00:06
bo3_dog_plus_1_5_bookC_v0,2026-08-08 15:00,,BASEMENT BOYS vs 1win,+1.5 maps,BASEMENT BOYS,3,SoftBook C,1.55,1,lost,-1.0,,-8.47,bookC_self,,ineligible,2026-08-07 16:07
bo3_dog_plus_1_5_bookC_v0,2026-08-09 09:00,,INFINITE vs 100 Thieves,+1.5 maps,INFINITE,3,SoftBook C,1.92,1,lost,-1.0,,6.12,bookC_self,,quarantined,2026-08-08 23:07
bo3_dog_plus_1_5_bookC_v0,2026-08-09 09:00,,FOKUS vs Acend,+1.5 maps,Acend,3,SoftBook C,1.56,1,won,0.56,-2.44,0.1,bookC_self,,selected,2026-08-08 23:07
bo3_dog_plus_1_5_bookC_v0,2026-08-09 21:00,,METANOIA Wolves vs MEIA NOITE,+1.5 maps,METANOIA Wolves,3,SoftBook C,1.58,1,lost,-1.0,-3.44,0.01,bookC_self,,selected,2026-08-09 06:08
bo3_dog_plus_1_5_bookC_v0,2026-08-10 17:00,,BORRACHEIROS vs MEIA NOITE,+1.5 maps,BORRACHEIROS,3,SoftBook C,1.36,1,won,0.36,,-0.97,bookC_self,,quarantined,2026-08-10 06:06
bo3_dog_plus_1_5_bookC_v0,2026-08-10 21:00,,ODDIK Academy vs Patins da Ferrari,+1.5 maps,ODDIK Academy,3,SoftBook C,2.53,1,lost,-1.0,,-0.39,bookC_self,,ineligible,2026-08-10 16:06
bo3_dog_plus_1_5_bookC_v0,2026-08-11 10:00,,Rooster vs Mindfreak,+1.5 maps,Mindfreak,3,SoftBook C,1.64,1,won,0.64,,0.45,bookC_self,,quarantined,2026-08-10 15:06
bo3_dog_plus_1_5_bookC_v0,2026-08-11 10:00,,Abyssal vs Ground Zero,+1.5 maps,Abyssal,3,SoftBook C,2.03,1,won,1.03,-2.41,2.6,bookC_self,,selected,2026-08-11 06:06
bo3_dog_plus_1_5_bookC_v0,2026-08-12 10:00,,Ground Zero vs Mindfreak,+1.5 maps,Mindfreak,3,SoftBook C,2.0,1,lost,-1.0,-3.41,-6.5,bookC_self,,selected,2026-08-11 14:06
bo3_dog_plus_1_5_bookC_v0,2026-08-12 11:10,,ex-RUSTEC vs SAW Youngsters,+1.5 maps,SAW Youngsters,3,SoftBook C,1.73,1,won,0.73,,,,,ineligible,2026-08-12 11:07
bo3_dog_plus_1_5_bookC_v0,2026-08-13 14:00,,Bushido Wildcats vs ex-RUSTEC,+1.5 maps,Bushido Wildcats,3,SoftBook C,1.45,1,won,0.45,,-2.93,bookC_self,,ineligible,2026-08-12 16:06
bo3_dog_plus_1_5_bookC_v0,2026-08-13 17:00,,FaZe vs Legacy,+1.5 maps,Legacy,3,SoftBook C,1.32,1,lost,-1.0,-4.41,0.0,bookC_self,,selected,2026-08-12 18:06
bo3_dog_plus_1_5_bookC_v0,2026-08-14 13:00,,Lavked vs SINQU,+1.5 maps,SINQU,3,SoftBook C,2.58,1,won,1.58,,0.0,bookC_self,,quarantined,2026-08-13 23:08
bo3_dog_plus_1_5_bookC_v0,2026-08-14 14:00,,Vitality vs B8,+1.5 maps,B8,3,SoftBook C,2.7,1,won,1.7,,0.0,bookC_self,,ineligible,2026-08-13 15:16
bo3_dog_plus_1_5_bookC_v0,2026-08-15 16:50,,JiJieHao vs Aurora,+1.5 maps,JiJieHao,3,SoftBook C,2.4,1,lost,-1.0,,1.98,bookC_self,,ineligible,2026-08-14 18:07
bo3_dog_plus_1_5_bookC_v0,2026-08-16 11:00,,ENCE vs WBT,+1.5 maps,WBT,3,SoftBook C,1.49,1,won,0.49,,0.0,bookC_self,,ineligible,2026-08-15 12:07
bo3_dog_plus_1_5_bookC_v0,2026-08-16 13:00,,INOX Division vs BASEMENT BOYS,+1.5 maps,BASEMENT BOYS,3,SoftBook C,1.62,1,won,0.62,-3.79,-3.12,bookC_self,,selected,2026-08-16 03:07
bo3_dog_plus_1_5_bookC_v0,2026-08-16 14:00,,Vitality vs Lynn Vision,+1.5 maps,Lynn Vision,3,SoftBook C,2.8,1,lost,-1.0,,0.0,bookC_self,,ineligible,2026-08-15 15:06
bo3_dog_plus_1_5_bookC_v0,2026-08-17 11:00,,ENCE vs BERG,+1.5 maps,BERG,3,SoftBook C,1.46,1,lost,-1.0,,0.0,bookC_self,,ineligible,2026-08-16 20:05
bo3_dog_plus_1_5_bookC_v0,2026-08-18 17:00,,Lavked vs HAVU,+1.5 maps,HAVU,3,SoftBook C,1.52,1,won,0.52,-3.27,-0.43,bookC_self,,selected,2026-08-18 07:08
bo3_dog_plus_1_5_bookC_v0,2026-08-19 11:00,,Black Phoenix vs Raccoons,+1.5 maps,Black Phoenix,3,SoftBook C,1.51,1,lost,-1.0,,0.65,bookC_self,,quarantined,2026-08-19 07:08
bo3_dog_plus_1_5_bookC_v0,2026-08-19 14:00,,Enjoy vs ex-Zero Tenacity,+1.5 maps,Enjoy,3,SoftBook C,1.39,1,lost,-1.0,-4.27,3.11,bookC_self,,selected,2026-08-19 05:08
bo3_dog_plus_1_5_bookC_v0,2026-08-21 11:00,,Color vs Inner Circle Academy,+1.5 maps,Inner Circle Academy,3,SoftBook C,1.9,1,lost,-1.0,,2.34,bookC_self,,quarantined,2026-08-20 20:07
bo3_dog_plus_1_5_bookC_v0,2026-08-21 17:00,,Vitality vs Spirit,+1.5 maps,Spirit,3,SoftBook C,1.32,1,won,0.32,-3.95,0.0,bookC_self,,selected,2026-08-20 18:06
bo3_dog_plus_1_5_bookC_v0,2026-08-23 08:00,,Color vs SPARTA,+1.5 maps,SPARTA,3,SoftBook C,1.42,1,won,0.42,-3.53,,,,selected,2026-08-22 19:06
bo3_dog_plus_1_5_bookC_v0,2026-08-23 11:00,,Nordic Partners vs Black Phoenix,+1.5 maps,Nordic Partners,3,SoftBook C,1.45,1,won,0.45,,1.84,bookC_self,,ineligible,2026-08-22 22:07
bo3_dog_plus_1_5_bookC_v0,2026-08-23 14:00,,Lavked vs Black Phoenix,+1.5 maps,Lavked,3,SoftBook C,1.52,1,won,0.52,-3.01,0.0,bookC_self,,selected,2026-08-23 10:09
bo3_dog_plus_1_5_bookC_v0,2026-08-24 11:00,,MASONIC vs HyperSpirit,+1.5 maps,MASONIC,3,SoftBook C,1.55,1,lost,-1.0,-4.01,0.0,bookC_self,,selected,2026-08-23 22:07
bo3_dog_plus_1_5_bookC_v0,2026-08-24 19:00,,RED Canids Academy vs paiN Academy,+1.5 maps,paiN Academy,3,SoftBook C,1.35,1,won,0.35,,0.0,bookC_self,,ineligible,2026-08-23 21:08
bo3_dog_plus_1_5_bookC_v0,2026-08-25 11:00,,Leo vs UNiTY,+1.5 maps,Leo,3,SoftBook C,1.48,1,won,0.48,-3.53,0.0,bookC_self,,selected,2026-08-25 02:08
bo3_dog_plus_1_5_bookC_v0,2026-08-25 13:00,,BORRACHEIROS vs DAMAJUANA,+1.5 maps,DAMAJUANA,3,SoftBook C,3.75,1,won,2.75,,,,,ineligible,2026-08-25 12:14
bo3_dog_plus_1_5_bookC_v0,2026-08-25 14:00,,Color vs Butterfly,+1.5 maps,Butterfly,3,SoftBook C,1.3,1,lost,-1.0,,0.0,bookC_self,,ineligible,2026-08-24 23:08
bo3_dog_plus_1_5_bookC_v0,2026-08-25 14:00,,G2 Ares vs ex-RUSTEC,+1.5 maps,G2 Ares,3,SoftBook C,1.38,1,lost,-1.0,,0.0,bookC_self,,ineligible,2026-08-25 11:12
bo3_dog_plus_1_5_bookC_v0,2026-08-25 22:00,,ALKA vs Pugdesonesto,+1.5 maps,Pugdesonesto,3,SoftBook C,2.29,1,won,1.29,-2.24,0.0,bookC_self,,selected,2026-08-24 23:08
bo3_dog_plus_1_5_bookC_v0,2026-08-26 01:00,,Zomblers vs EMPIRE,+1.5 maps,Zomblers,3,SoftBook C,1.41,1,won,0.41,,3.31,bookC_self,,ineligible,2026-08-25 08:09
bo3_dog_plus_1_5_bookC_v0,2026-08-26 01:00,,Shimmer vs Iowa Stormboar,+1.5 maps,Shimmer,3,SoftBook C,3.2,1,lost,-1.0,,0.34,bookC_self,,quarantined,2026-08-25 08:09
bo3_dog_plus_1_5_bookC_v0,2026-08-26 08:00,,INOX Division vs SPARTA,+1.5 maps,INOX Division,3,SoftBook C,1.32,1,won,0.32,-1.92,0.0,bookC_self,,selected,2026-08-25 15:09
bo3_dog_plus_1_5_bookC_v0,2026-08-27 01:00,,Marsborne vs Iowa Stormboar,+1.5 maps,Iowa Stormboar,3,SoftBook C,2.92,1,lost,-1.0,,4.62,bookC_self,,ineligible,2026-08-26 05:08
bo3_dog_plus_1_5_bookC_v0,2026-08-27 01:00,,Overtake Sector vs NuTorious,+1.5 maps,NuTorious,3,SoftBook C,1.57,1,won,0.57,-1.35,0.0,bookC_self,,selected,2026-08-26 05:08
bo3_dog_plus_1_5_bookC_v0,2026-08-27 01:00,,Elusive vs Shimmer,+1.5 maps,Shimmer,3,SoftBook C,2.81,1,won,1.81,,0.0,bookC_self,,quarantined,2026-08-26 23:12
bo3_dog_plus_1_5_bookC_v0,2026-08-27 14:00,,Acend vs UNiTY,+1.5 maps,UNiTY,3,SoftBook C,1.74,1,lost,-1.0,-2.35,8.05,bookC_self,,selected,2026-08-27 06:13
bo3_dog_plus_1_5_bookC_v0,2026-08-27 21:00,,RED Canids Academy vs BESTIA Academy,+1.5 maps,BESTIA Academy,3,SoftBook C,1.42,1,won,0.42,,-2.04,bookC_self,,quarantined,2026-08-27 04:19
bo3_dog_plus_1_5_bookC_v0,2026-08-28 01:00,,Iowa Stormboar vs Villainous,+1.5 maps,Iowa Stormboar,3,SoftBook C,1.53,1,won,0.53,,0.77,bookC_self,,ineligible,2026-08-27 08:09
bo3_dog_plus_1_5_bookC_v0,2026-08-28 11:00,,STATE vs G2 Ares,+1.5 maps,STATE,3,SoftBook C,1.35,1,lost,-1.0,-3.35,1.95,bookC_self,,selected,2026-08-27 23:11
bo3_dog_plus_1_5_bookC_v0,2026-08-28 17:00,,UPGRADE vs Black Phoenix,+1.5 maps,Black Phoenix,3,SoftBook C,1.44,1,won,0.44,-2.91,0.0,bookC_self,,selected,2026-08-27 23:11
bo3_dog_plus_1_5_bookC_v0,2026-08-28 21:00,,Turma do Pagode vs Isurus,+1.5 maps,Isurus,3,SoftBook C,1.5,1,won,0.5,-2.41,,,,selected,2026-08-28 07:12
bo3_dog_plus_1_5_bookC_v0,2026-08-29 08:00,,GenOne vs Acend,+1.5 maps,GenOne,3,SoftBook C,1.4,1,won,0.4,,-1.25,bookC_self,,ineligible,2026-08-28 15:10
bo3_dog_plus_1_5_bookC_v0,2026-08-29 08:00,,UPGRADE vs HyperSpirit,+1.5 maps,HyperSpirit,3,SoftBook C,1.5,1,lost,-1.0,-3.41,0.0,bookC_self,,selected,2026-08-29 01:09
bo3_dog_plus_1_5_bookC_v0,2026-08-29 09:00,,Vitality vs 9z,+1.5 maps,9z,3,SoftBook C,1.75,1,lost,-1.0,,0.0,bookC_self,,ineligible,2026-08-28 10:10
bo3_dog_plus_1_5_bookC_v0,2026-08-30 01:00,,Overtake Sector vs EMPIRE,+1.5 maps,EMPIRE,3,SoftBook C,1.43,1,lost,-1.0,,-0.39,bookC_self,,ineligible,2026-08-29 23:11
bo3_dog_plus_1_5_bookC_v0,2026-08-30 16:00,,paiN Academy vs DAMAJUANA,+1.5 maps,DAMAJUANA,3,SoftBook C,2.77,1,lost,-1.0,,4.72,bookC_self,,ineligible,2026-08-29 23:11
bo3_dog_plus_1_5_bookC_v0,2026-08-31 11:00,,Metizport vs PCIFIC,+1.5 maps,PCIFIC,3,SoftBook C,1.95,1,lost,-1.0,-4.41,0.0,bookC_self,,selected,2026-08-30 12:14
bo3_dog_plus_1_5_bookC_v0,2026-08-31 13:00,,Inner Circle Academy vs Fire Flux,+1.5 maps,Inner Circle Academy,3,SoftBook C,1.31,1,won,0.31,-4.1,0.0,bookC_self,,selected,2026-08-31 01:08
bo3_dog_plus_1_5_bookC_v0,2026-09-01 14:00,,1win vs INOX Division,+1.5 maps,INOX Division,3,SoftBook C,1.53,1,won,0.53,-3.57,-1.69,bookC_self,,selected,2026-09-01 01:09
bo3_dog_plus_1_5_bookC_v0,2026-09-02 16:00,,Falcons Force vs Fraternity,+1.5 maps,Fraternity,3,SoftBook C,2.54,1,lost,-1.0,,-0.55,bookC_self,,ineligible,2026-09-02 00:11
bo3_dog_plus_1_5_bookC_v0,2026-09-02 16:00,,Grêmio vs MEIA NOITE,+1.5 maps,Grêmio,3,SoftBook C,1.39,1,won,0.39,-3.18,0.33,bookC_self,,selected,2026-09-02 07:29
bo3_dog_plus_1_5_bookC_v0,2026-09-02 17:00,,Iberian Soul vs 9INE,+1.5 maps,9INE,3,SoftBook C,1.38,1,won,0.38,-2.8,0.0,bookC_self,,selected,2026-09-02 07:29
bo3_dog_plus_1_5_bookC_v0,2026-09-02 17:30,,ZOTIX vs JUMBO,+1.5 maps,ZOTIX,3,SoftBook C,1.33,1,won,0.33,,-0.34,bookC_self,,ineligible,2026-09-02 00:11
bo3_dog_plus_1_5_bookC_v0,2026-09-03 09:00,,Iberian Soul vs Nemiga,+1.5 maps,Nemiga,3,SoftBook C,1.4,1,won,0.4,-2.4,0.0,bookC_self,,selected,2026-09-02 10:12
bo3_dog_plus_1_5_bookC_v0,2026-09-04 11:00,,G2 Ares vs The Last Resort,+1.5 maps,The Last Resort,3,SoftBook C,1.52,1,won,0.52,-1.88,0.0,bookC_self,,selected,2026-09-04 06:13
bo3_dog_plus_1_5_bookC_v0,2026-09-04 17:00,,INFINITE vs Phantom,+1.5 maps,INFINITE,3,SoftBook C,1.48,1,won,0.48,-1.4,0.0,bookC_self,,selected,2026-09-04 06:13
bo3_dog_plus_1_5_bookC_v0,2026-09-04 17:00,,Fraternity vs JUMBO,+1.5 maps,Fraternity,3,SoftBook C,1.69,1,lost,-1.0,,0.0,bookC_self,,quarantined,2026-09-04 06:13
bo3_dog_plus_1_5_bookC_v0,2026-09-04 22:00,,Bounty Hunters vs QUINTESSÊNCIA,+1.5 maps,QUINTESSÊNCIA,3,SoftBook C,2.72,1,won,1.72,,0.0,bookC_self,,ineligible,2026-09-04 17:10
bo3_dog_plus_1_5_bookC_v0,2026-09-05 01:00,,Without a Roof vs Celestial,+1.5 maps,Celestial,3,SoftBook C,3.72,1,lost,-1.0,,-0.25,bookC_self,,quarantined,2026-09-04 15:10
bo3_dog_plus_1_5_bookC_v0,2026-09-05 01:00,,Villainous vs Incognito,+1.5 maps,Villainous,3,SoftBook C,1.87,1,won,0.87,,0.44,bookC_self,,quarantined,2026-09-04 15:10
bo3_dog_plus_1_5_bookC_v0,2026-09-05 11:00,,Bushido Wildcats vs Spirit Academy,+1.5 maps,Bushido Wildcats,3,SoftBook C,1.36,1,won,0.36,-1.04,1.18,bookC_self,,selected,2026-09-04 15:10
bo3_dog_plus_1_5_bookC_v0,2026-09-05 17:30,,NAVI Junior vs Banger Gang,+1.5 maps,Banger Gang,3,SoftBook C,1.51,1,lost,-1.0,-2.04,4.13,bookC_self,,selected,2026-09-04 22:10
bo3_dog_plus_1_5_bookC_v0,2026-09-05 17:30,,Nemiga vs Nemesis,+1.5 maps,Nemiga,3,SoftBook C,1.42,1,won,0.42,,0.0,bookC_self,,ineligible,2026-09-05 01:08
bo3_dog_plus_1_5_bookC_v0,2026-09-06 01:00,,Marsborne vs LAG,+1.5 maps,LAG,3,SoftBook C,1.54,1,lost,-1.0,-3.04,-4.75,bookC_self,,selected,2026-09-05 11:11
bo3_dog_plus_1_5_bookC_v0,2026-09-06 13:00,,Privateer vs HAVU,+1.5 maps,Privateer,3,SoftBook C,2.05,1,lost,-1.0,-4.04,-0.35,bookC_self,,selected,2026-09-05 14:09
bo3_dog_plus_1_5_bookC_v0,2026-09-06 19:00,,Wanted Goons vs Without a Roof,+1.5 maps,Wanted Goons,3,SoftBook C,2.95,1,lost,-1.0,,-1.05,bookC_self,,quarantined,2026-09-06 07:12
bo3_dog_plus_1_5_bookC_v0,2026-09-07 12:00,,SINNERS vs Phantom,+1.5 maps,SINNERS,3,SoftBook C,1.32,1,won,0.32,-3.72,1.09,bookC_self,,selected,2026-09-07 00:10
bo3_dog_plus_1_5_bookC_v0,2026-09-07 14:00,,Lavked vs Leo,+1.5 maps,Lavked,3,SoftBook C,1.37,1,won,0.37,-3.35,0.45,bookC_self,,selected,2026-09-07 06:13
bo3_dog_plus_1_5_bookC_v0,2026-09-09 23:00,,Voca vs Villainous,+1.5 maps,Villainous,3,SoftBook C,3.79,1,lost,-1.0,,10.77,bookC_self,,ineligible,2026-09-09 08:11
bo3_dog_plus_1_5_bookC_v0,2026-09-10 02:00,,Liquid vs antivalue,+1.5 maps,antivalue,3,SoftBook C,7.0,1,lost,-1.0,,0.0,bookC_self,,ineligible,2026-09-09 03:10
bo3_dog_plus_1_5_bookC_v0,2026-09-10 03:00,,9z vs G2,+1.5 maps,9z,3,SoftBook C,1.5,1,won,0.5,-2.85,0.0,bookC_self,,selected,2026-09-09 13:11
bo3_dog_plus_1_5_bookC_v0,2026-09-10 08:00,,HEROIC vs K27,+1.5 maps,K27,3,SoftBook C,1.52,1,won,0.52,-2.33,0.88,bookC_self,,selected,2026-09-09 22:13
bo3_dog_plus_1_5_bookC_v0,2026-09-10 13:00,,Nemiga vs K27,+1.5 maps,K27,3,SoftBook C,1.38,1,won,0.38,-1.95,1.42,bookC_self,,selected,2026-09-09 22:13
bo3_dog_plus_1_5_bookC_v0,2026-09-10 17:00,,Back to Back vs Galorys,+1.5 maps,Back to Back,3,SoftBook C,2.8,1,won,1.8,,,,,ineligible,2026-09-10 05:10
bo3_dog_plus_1_5_bookC_v0,2026-09-10 23:00,,Villainous vs Without a Roof,+1.5 maps,Villainous,3,SoftBook C,2.5,1,lost,-1.0,,-4.59,bookC_self,,quarantined,2026-09-10 04:17
bo3_dog_plus_1_5_bookC_v0,2026-09-10 23:00,,paiN vs Imperial,+1.5 maps,paiN,3,SoftBook C,1.52,1,won,0.52,,,,,quarantined,2026-09-10 05:10
bo3_dog_plus_1_5_bookC_v0,2026-09-11 02:00,,Marsborne vs Liquid,+1.5 maps,Marsborne,3,SoftBook C,4.0,1,won,3.0,,4.19,bookC_self,,quarantined,2026-09-10 05:10
bo3_dog_plus_1_5_bookC_v0,2026-09-11 14:00,,Acend vs INOX Division,+1.5 maps,Acend,3,SoftBook C,1.54,1,won,0.54,,-5.05,bookC_self,,ineligible,2026-09-10 22:16
bo3_dog_plus_1_5_bookC_v0,2026-09-11 21:00,,LAG vs Without a Roof,+1.5 maps,LAG,3,SoftBook C,1.46,1,won,0.46,,-0.46,bookC_self,,quarantined,2026-09-11 07:15
bo3_dog_plus_1_5_bookC_v0,2026-09-11 23:00,,Marsborne vs Without a Roof,+1.5 maps,Marsborne,3,SoftBook C,1.32,1,lost,-1.0,,2.16,bookC_self,,quarantined,2026-09-11 07:15
bo3_dog_plus_1_5_bookC_v0,2026-09-13 17:00,,INOX Division vs Color,+1.5 maps,INOX Division,3,SoftBook C,1.41,1,lost,-1.0,,-1.52,bookC_self,,ineligible,2026-09-13 06:13
bo3_dog_plus_1_5_bookC_v0,2026-09-13 19:00,,Without a Roof vs LAG,+1.5 maps,LAG,3,SoftBook C,1.37,1,won,0.37,-1.58,-6.54,bookC_self,,selected,2026-09-13 06:13
bo3_dog_plus_1_5_bookC_v0,2026-09-17 21:00,,MEIA NOITE vs Grêmio,+1.5 maps,Grêmio,3,SoftBook C,1.44,1,lost,-1.0,,0.38,bookC_self,,ineligible,2026-09-17 10:13
bo3_dog_plus_1_5_bookC_v0,2026-09-20 12:00,,Eternal Fire vs GenOne,+1.5 maps,GenOne,3,SoftBook C,1.53,1,lost,-1.0,-2.58,-3.32,bookC_self,,selected,2026-09-20 00:12
bo3_dog_plus_1_5_bookC_v0,2026-09-20 17:00,,INOX Division vs SPARTA,+1.5 maps,INOX Division,3,SoftBook C,1.34,1,lost,-1.0,,0.0,bookC_self,,ineligible,2026-09-20 05:10
bo3_dog_plus_1_5_bookC_v0,2026-09-21 10:00,,Sashi vs FOKUS,+1.5 maps,Sashi,3,SoftBook C,1.38,1,lost,-1.0,-3.58,3.38,bookC_self,,selected,2026-09-20 11:10
bo3_dog_plus_1_5_bookC_v0,2026-09-21 14:00,,Leo vs G2 Ares,+1.5 maps,Leo,3,SoftBook C,1.4,1,won,0.4,-3.18,-10.7,bookC_self,,selected,2026-09-21 10:11
bo3_dog_plus_1_5_bookC_v0,2026-09-22 11:00,,INOX Division vs BAKS,+1.5 maps,INOX Division,3,SoftBook C,1.43,1,won,0.43,,2.18,bookC_self,,quarantined,2026-09-22 06:12
bo3_dog_plus_1_5_bookC_v0,2026-09-22 13:00,,WBT Academy vs Revise,+1.5 maps,Revise,3,SoftBook C,1.5,1,lost,-1.0,,-0.87,bookC_self,,ineligible,2026-09-22 06:12
bo3_dog_plus_1_5_bookC_v0,2026-09-22 21:00,,DAMAJUANA vs Bounty Hunters,+1.5 maps,DAMAJUANA,3,SoftBook C,5.6,1,lost,-1.0,,0.0,bookC_self,,ineligible,2026-09-22 00:14
bo3_dog_plus_1_5_bookC_v0,2026-09-23 09:00,,Mindfreak vs Rooster,+1.5 maps,Mindfreak,3,SoftBook C,1.67,1,lost,-1.0,-4.18,-0.47,bookC_self,,selected,2026-09-22 10:14
bo3_dog_plus_1_5_bookC_v0,2026-09-23 17:30,,Gelo vs FaZe Up Next,+1.5 maps,Gelo,3,SoftBook C,2.29,1,won,1.29,,-2.83,bookC_self,,quarantined,2026-09-22 21:13
bo3_dog_plus_1_5_bookC_v0,2026-09-24 10:00,,JiJieHao vs Eternal Fire,+1.5 maps,JiJieHao,3,SoftBook C,1.48,1,won,0.48,-3.7,-2.17,bookC_self,,selected,2026-09-23 11:19
bo3_dog_plus_1_5_bookC_v0,2026-09-24 11:15,,INFINITE Talent vs Four Magic,+1.5 maps,INFINITE Talent,3,SoftBook C,1.71,1,lost,-1.0,,-2.01,bookC_self,,ineligible,2026-09-24 07:14
bo3_dog_plus_1_5_bookC_v0,2026-09-24 13:00,,Imperial vs Galorys,+1.5 maps,Galorys,3,SoftBook C,1.72,1,lost,-1.0,-4.7,0.0,bookC_self,,selected,2026-09-23 23:15
bo3_dog_plus_1_5_bookC_v0,2026-09-24 16:30,,Juventus vs Yawara,+1.5 maps,Juventus,3,SoftBook C,1.38,1,lost,-1.0,-5.7,-1.18,bookC_self,,selected,2026-09-23 23:15
bo3_dog_plus_1_5_bookC_v0,2026-09-24 17:15,,INFINITE Talent vs Optibet,+1.5 maps,INFINITE Talent,3,SoftBook C,1.59,1,lost,-1.0,-6.7,,,,selected,2026-09-24 16:14
bo3_dog_plus_1_5_bookC_v0,2026-09-24 19:00,,Grêmio vs your end,+1.5 maps,your end,3,SoftBook C,1.52,1,lost,-1.0,,,,,quarantined,2026-09-24 05:15
bo3_dog_plus_1_5_bookC_v0,2026-09-25 01:00,,Villainous vs NuTorious,+1.5 maps,NuTorious,3,SoftBook C,1.47,1,lost,-1.0,-7.7,,,,selected,2026-09-25 00:19
bo3_dog_plus_1_5_bookC_v0,2026-09-25 09:00,,THUNDER dOWNUNDER vs Ground Zero,+1.5 maps,Ground Zero,3,SoftBook C,1.73,1,lost,-1.0,,-0.71,bookC_self,,ineligible,2026-09-24 18:12
bo3_dog_plus_1_5_bookC_v0,2026-09-25 11:15,,HAVU vs Four Magic,+1.5 maps,Four Magic,3,SoftBook C,1.77,1,lost,-1.0,-8.7,-1.75,bookC_self,,selected,2026-09-25 06:15
bo3_dog_plus_1_5_bookC_v0,2026-09-25 12:00,,Ninjas in Pyjamas vs 3DMAX,+1.5 maps,3DMAX,3,SoftBook C,1.3,1,lost,-1.0,-9.7,1.07,bookC_self,,selected,2026-09-25 00:19
bo3_dog_plus_1_5_bookC_v0,2026-09-25 14:00,,Omega vs ex-RUSTEC,+1.5 maps,Omega,3,SoftBook C,1.38,1,won,0.38,,0.0,bookC_self,,ineligible,2026-09-25 00:19
bo3_dog_plus_1_5_bookC_v0,2026-09-25 14:55,,Spirit Academy Green vs BAKS,+1.5 maps,Spirit Academy Green,3,SoftBook C,1.7,1,won,0.7,-9.0,-0.05,bookC_self,,selected,2026-09-25 02:12
bo3_dog_plus_1_5_bookC_v0,2026-09-25 17:00,,NRG vs Wildcard,+1.5 maps,Wildcard,3,SoftBook C,1.48,1,lost,-1.0,-10.0,0.0,bookC_self,,selected,2026-09-25 00:19
bo3_dog_plus_1_5_bookC_v0,2026-09-25 17:00,,Liquid vs Chicken Coop,+1.5 maps,Chicken Coop,3,SoftBook C,4.4,1,lost,-1.0,,-1.69,bookC_self,,ineligible,2026-09-25 00:19
bo3_fav_minus_1_5_bookC_v0,2026-07-28 10:00,,ASTRAL vs NAVI Junior,-1.5 maps,ASTRAL,3,SoftBook C,2.39,1,won,1.39,1.39,1.01,bookC_self,,selected,2026-07-28 01:06
bo3_fav_minus_1_5_bookC_v0,2026-07-28 17:00,,CYBERSHOKE Prospects vs Lavked,-1.5 maps,CYBERSHOKE Prospects,3,SoftBook C,2.95,1,won,1.95,,-0.45,bookC_self,,ineligible,2026-07-28 01:06
bo3_fav_minus_1_5_bookC_v0,2026-07-28 22:00,,LAG vs Marsborne,-1.5 maps,Marsborne,3,SoftBook C,2.8,1,won,1.8,,6.76,bookC_self,,quarantined,2026-07-28 01:06
bo3_fav_minus_1_5_bookC_v0,2026-07-29 14:00,,ex-RUBY vs GenOne,-1.5 maps,ex-RUBY,3,SoftBook C,2.8,1,lost,-1.0,0.39,0.0,bookC_self,,selected,2026-07-29 00:05
bo3_fav_minus_1_5_bookC_v0,2026-07-30 08:00,,SPARTA vs Just Players,-1.5 maps,SPARTA,3,SoftBook C,2.9,1,lost,-1.0,-0.61,0.0,bookC_self,,selected,2026-07-29 21:06
bo3_fav_minus_1_5_bookC_v0,2026-07-30 14:00,,Phantom vs Lavked,-1.5 maps,Phantom,3,SoftBook C,2.18,1,won,1.18,0.57,0.4,bookC_self,,selected,2026-07-29 21:06
bo3_fav_minus_1_5_bookC_v0,2026-07-31 08:00,,INFINITE vs SPARTA,-1.5 maps,INFINITE,3,SoftBook C,2.9,1,lost,-1.0,-0.43,0.0,bookC_self,,selected,2026-07-31 00:07
bo3_fav_minus_1_5_bookC_v0,2026-07-31 08:00,,ex-RUBY vs Lavked,-1.5 maps,ex-RUBY,3,SoftBook C,2.03,1,won,1.03,,-2.76,bookC_self,,ineligible,2026-07-31 04:07
bo3_fav_minus_1_5_bookC_v0,2026-07-31 14:00,,K27 vs Just Players,-1.5 maps,K27,3,SoftBook C,2.1,1,lost,-1.0,,0.0,bookC_self,,ineligible,2026-07-30 15:07
bo3_fav_minus_1_5_bookC_v0,2026-07-31 17:00,,JiJieHao vs Black Phoenix,-1.5 maps,JiJieHao,3,SoftBook C,2.31,1,lost,-1.0,,-0.4,bookC_self,,quarantined,2026-07-31 04:07
bo3_fav_minus_1_5_bookC_v0,2026-07-31 17:00,,GenOne vs Enjoy,-1.5 maps,GenOne,3,SoftBook C,2.49,1,won,1.49,,5.45,bookC_self,,quarantined,2026-07-31 04:07
bo3_fav_minus_1_5_bookC_v0,2026-07-31 22:00,,SportsBetExpert vs LAG,-1.5 maps,SportsBetExpert,3,SoftBook C,2.9,1,lost,-1.0,-1.43,3.1,bookC_self,,selected,2026-07-31 03:06
bo3_fav_minus_1_5_bookC_v0,2026-08-01 11:00,,ex-RUSTEC vs SPARTA,-1.5 maps,SPARTA,3,SoftBook C,2.7,1,won,1.7,,0.0,bookC_self,,ineligible,2026-08-01 07:06
bo3_fav_minus_1_5_bookC_v0,2026-08-01 13:30,,Astralis vs MOUZ,-1.5 maps,MOUZ,3,SoftBook C,2.1,1,lost,-1.0,-2.43,0.0,bookC_self,,selected,2026-07-31 23:07
bo3_fav_minus_1_5_bookC_v0,2026-08-01 14:00,,Sashi vs Just Players,-1.5 maps,Sashi,3,SoftBook C,2.9,1,lost,-1.0,,2.6,bookC_self,,ineligible,2026-08-01 00:07
bo3_fav_minus_1_5_bookC_v0,2026-08-02 00:30,,SportsBetExpert vs Marsborne,-1.5 maps,Marsborne,3,SoftBook C,3.2,1,lost,-1.0,,1.09,bookC_self,,ineligible,2026-08-01 17:07
bo3_fav_minus_1_5_bookC_v0,2026-08-02 10:00,,Acend vs 6666,-1.5 maps,Acend,3,SoftBook C,1.69,1,won,0.69,-1.74,-0.71,bookC_self,,selected,2026-08-01 11:06
bo3_fav_minus_1_5_bookC_v0,2026-08-02 10:00,,Sashi vs Black Phoenix,-1.5 maps,Sashi,3,SoftBook C,2.22,1,lost,-1.0,,0.8,bookC_self,,ineligible,2026-08-02 06:05
bo3_fav_minus_1_5_bookC_v0,2026-08-02 22:00,,NRG vs SportsBetExpert,-1.5 maps,NRG,3,SoftBook C,2.0,1,won,1.0,,0.0,bookC_self,,ineligible,2026-08-02 04:05
bo3_fav_minus_1_5_bookC_v0,2026-08-03 10:00,,fnatic vs Lilmix,-1.5 maps,fnatic,3,SoftBook C,1.58,1,won,0.58,-1.16,10.88,bookC_self,,selected,2026-08-02 11:08
bo3_fav_minus_1_5_bookC_v0,2026-08-03 17:00,,GenOne vs UNiTY,-1.5 maps,GenOne,3,SoftBook C,2.03,1,won,1.03,-0.13,0.76,bookC_self,,selected,2026-08-02 23:05
bo3_fav_minus_1_5_bookC_v0,2026-08-04 08:00,,Nuclear TigeRES vs Just Players,-1.5 maps,Nuclear TigeRES,3,SoftBook C,2.1,1,won,1.1,0.97,2.42,bookC_self,,selected,2026-08-03 09:06
bo3_fav_minus_1_5_bookC_v0,2026-08-04 08:00,,G2 Ares vs Johnny Speeds,-1.5 maps,Johnny Speeds,3,SoftBook C,2.9,1,won,1.9,2.87,-1.95,bookC_self,,selected,2026-08-03 23:05
bo3_fav_minus_1_5_bookC_v0,2026-08-04 10:00,,Finishers vs Mindfreak,-1.5 maps,Mindfreak,3,SoftBook C,1.57,1,lost,-1.0,,4.58,bookC_self,,ineligible,2026-08-04 06:06
bo3_fav_minus_1_5_bookC_v0,2026-08-05 08:00,,ARCRED vs Just Players,-1.5 maps,ARCRED,3,SoftBook C,3.2,1,lost,-1.0,,3.04,bookC_self,,ineligible,2026-08-05 03:07
bo3_fav_minus_1_5_bookC_v0,2026-08-05 11:00,,Butterfly vs ex-RUSTEC,-1.5 maps,Butterfly,3,SoftBook C,2.9,1,lost,-1.0,,0.0,bookC_self,,ineligible,2026-08-05 00:06
bo3_fav_minus_1_5_bookC_v0,2026-08-05 14:00,,Nordic Partners vs GenOne,-1.5 maps,GenOne,3,SoftBook C,2.4,1,won,1.4,,,,,quarantined,2026-08-05 03:07
bo3_fav_minus_1_5_bookC_v0,2026-08-06 10:00,,Time Waves vs Arcade,-1.5 maps,Arcade,3,SoftBook C,1.89,1,lost,-1.0,,-0.28,bookC_self,,quarantined,2026-08-05 22:05
bo3_fav_minus_1_5_bookC_v0,2026-08-07 10:00,,FURY vs Mindfreak,-1.5 maps,Mindfreak,3,SoftBook C,2.95,1,won,1.95,,1.07,bookC_self,,ineligible,2026-08-06 11:06
bo3_fav_minus_1_5_bookC_v0,2026-08-07 16:00,,Virtus.pro vs Sangal,-1.5 maps,Virtus.pro,3,SoftBook C,2.4,1,won,1.4,,0.88,bookC_self,,quarantined,2026-08-06 17:05
bo3_fav_minus_1_5_bookC_v0,2026-08-07 20:00,,BESTIA vs Yawara,-1.5 maps,BESTIA,3,SoftBook C,1.95,1,lost,-1.0,1.87,0.0,bookC_self,,selected,2026-08-07 03:08
bo3_fav_minus_1_5_bookC_v0,2026-08-08 09:00,,Echo vs OG,-1.5 maps,Echo,3,SoftBook C,2.9,1,lost,-1.0,,-1.95,bookC_self,,quarantined,2026-08-08 00:06
bo3_fav_minus_1_5_bookC_v0,2026-08-08 09:00,,Acend vs NRG,-1.5 maps,NRG,3,SoftBook C,2.69,1,lost,-1.0,,0.68,bookC_self,,quarantined,2026-08-08 00:06
bo3_fav_minus_1_5_bookC_v0,2026-08-08 09:00,,JiJieHao vs Virtus.pro,-1.5 maps,Virtus.pro,3,SoftBook C,2.5,1,won,1.5,3.37,0.0,bookC_self,,selected,2026-08-08 00:06
bo3_fav_minus_1_5_bookC_v0,2026-08-08 09:00,,EYEBALLERS vs Phantom,-1.5 maps,EYEBALLERS,3,SoftBook C,3.1,1,lost,-1.0,2.37,1.95,bookC_self,,selected,2026-08-08 07:13
bo3_fav_minus_1_5_bookC_v0,2026-08-09 09:00,,Virtus.pro vs Sashi,-1.5 maps,Virtus.pro,3,SoftBook C,3.2,1,lost,-1.0,1.37,-1.07,bookC_self,,selected,2026-08-08 23:07
bo3_fav_minus_1_5_bookC_v0,2026-08-09 09:00,,Inner Circle vs Iberian Soul,-1.5 maps,Inner Circle,3,SoftBook C,2.35,1,lost,-1.0,,0.0,bookC_self,,quarantined,2026-08-08 23:07
bo3_fav_minus_1_5_bookC_v0,2026-08-09 09:00,,K27 vs SAW,-1.5 maps,K27,3,SoftBook C,2.1,1,lost,-1.0,,0.0,bookC_self,,quarantined,2026-08-08 23:07
bo3_fav_minus_1_5_bookC_v0,2026-08-09 09:00,,NRG vs Phantom,-1.5 maps,NRG,3,SoftBook C,2.64,1,lost,-1.0,0.37,1.22,bookC_self,,selected,2026-08-08 23:07
bo3_fav_minus_1_5_bookC_v0,2026-08-09 10:30,,INOX Division vs INFURITY,-1.5 maps,INOX Division,3,SoftBook C,1.68,1,won,0.68,,0.0,bookC_self,,ineligible,2026-08-09 07:14
bo3_fav_minus_1_5_bookC_v0,2026-08-10 23:45,,paiN Academy vs QUINTESSÊNCIA,-1.5 maps,paiN Academy,3,SoftBook C,2.92,1,won,1.92,2.29,2.31,bookC_self,,selected,2026-08-10 16:06
bo3_fav_minus_1_5_bookC_v0,2026-08-11 10:00,,Abyssal vs Ground Zero,-1.5 maps,Ground Zero,3,SoftBook C,2.02,1,lost,-1.0,,7.02,bookC_self,,ineligible,2026-08-10 15:06
bo3_fav_minus_1_5_bookC_v0,2026-08-13 11:00,,JiJieHao vs GamerLegion,-1.5 maps,GamerLegion,3,SoftBook C,2.5,1,won,1.5,,0.0,bookC_self,,quarantined,2026-08-12 13:07
bo3_fav_minus_1_5_bookC_v0,2026-08-13 14:00,,M80 vs Aurora,-1.5 maps,Aurora,3,SoftBook C,2.0,1,won,1.0,3.29,0.0,bookC_self,,selected,2026-08-12 15:07
bo3_fav_minus_1_5_bookC_v0,2026-08-13 17:00,,Falcons vs Astralis,-1.5 maps,Falcons,3,SoftBook C,1.65,1,won,0.65,3.94,-1.12,bookC_self,,selected,2026-08-12 19:06
bo3_fav_minus_1_5_bookC_v0,2026-08-14 08:00,,INOX Division vs VP.Prodigy,-1.5 maps,INOX Division,3,SoftBook C,1.56,1,won,0.56,,0.0,bookC_self,,ineligible,2026-08-14 02:06
bo3_fav_minus_1_5_bookC_v0,2026-08-14 11:00,,BetBoom vs Ninjas in Pyjamas,-1.5 maps,BetBoom,3,SoftBook C,2.4,1,lost,-1.0,2.94,0.88,bookC_self,,selected,2026-08-13 12:09
bo3_fav_minus_1_5_bookC_v0,2026-08-14 11:00,,K27 vs MIBR,-1.5 maps,MIBR,3,SoftBook C,2.9,1,won,1.9,4.84,0.0,bookC_self,,selected,2026-08-13 12:09
bo3_fav_minus_1_5_bookC_v0,2026-08-14 11:00,,MOUZ NXT vs Enjoy,-1.5 maps,Enjoy,3,SoftBook C,2.93,1,lost,-1.0,3.84,1.47,bookC_self,,selected,2026-08-14 05:06
bo3_fav_minus_1_5_bookC_v0,2026-08-14 14:00,,FUT vs MOUZ,-1.5 maps,MOUZ,3,SoftBook C,2.4,1,lost,-1.0,2.84,-1.28,bookC_self,,selected,2026-08-13 15:16
bo3_fav_minus_1_5_bookC_v0,2026-08-14 17:00,,100 Thieves vs PARIVISION,-1.5 maps,PARIVISION,3,SoftBook C,3.3,1,won,2.3,,0.0,bookC_self,,quarantined,2026-08-13 18:07
bo3_fav_minus_1_5_bookC_v0,2026-08-14 17:00,,TYLOO vs Lynn Vision,-1.5 maps,TYLOO,3,SoftBook C,2.8,1,lost,-1.0,,3.12,bookC_self,,quarantined,2026-08-13 18:07
bo3_fav_minus_1_5_bookC_v0,2026-08-15 11:00,,Natus Vincere vs The MongolZ,-1.5 maps,Natus Vincere,3,SoftBook C,2.05,1,lost,-1.0,1.84,-1.12,bookC_self,,selected,2026-08-14 12:08
bo3_fav_minus_1_5_bookC_v0,2026-08-15 11:00,,paiN vs Wildcard,-1.5 maps,paiN,3,SoftBook C,2.8,1,lost,-1.0,0.84,0.0,bookC_self,,selected,2026-08-14 12:08
bo3_fav_minus_1_5_bookC_v0,2026-08-15 13:55,,3DMAX vs Magic,-1.5 maps,Magic,3,SoftBook C,3.1,1,won,2.1,2.94,0.0,bookC_self,,selected,2026-08-14 15:08
bo3_fav_minus_1_5_bookC_v0,2026-08-16 11:00,,Bushido Wildcats vs Fortress,-1.5 maps,Bushido Wildcats,3,SoftBook C,1.59,1,won,0.59,3.53,0.0,bookC_self,,selected,2026-08-15 12:07
bo3_fav_minus_1_5_bookC_v0,2026-08-16 11:00,,Legacy vs MIBR,-1.5 maps,Legacy,3,SoftBook C,2.8,1,won,1.8,5.33,0.0,bookC_self,,selected,2026-08-15 12:07
bo3_fav_minus_1_5_bookC_v0,2026-08-16 14:00,,MOUZ vs PARIVISION,-1.5 maps,MOUZ,3,SoftBook C,2.5,1,won,1.5,,0.0,bookC_self,,ineligible,2026-08-15 15:06
bo3_fav_minus_1_5_bookC_v0,2026-08-16 14:00,,Misa vs UNiTY,-1.5 maps,UNiTY,3,SoftBook C,2.49,1,won,1.49,6.82,-0.4,bookC_self,,selected,2026-08-15 22:07
bo3_fav_minus_1_5_bookC_v0,2026-08-16 14:00,,9z vs Magic,-1.5 maps,9z,3,SoftBook C,2.4,1,lost,-1.0,5.82,0.0,bookC_self,,selected,2026-08-15 22:07
bo3_fav_minus_1_5_bookC_v0,2026-08-18 13:45,,Bushido Wildcats vs Misa,-1.5 maps,Bushido Wildcats,3,SoftBook C,2.02,1,lost,-1.0,,2.3,bookC_self,,quarantined,2026-08-17 15:06
bo3_fav_minus_1_5_bookC_v0,2026-08-19 08:00,,GenOne vs UNiTY,-1.5 maps,GenOne,3,SoftBook C,2.35,1,won,1.35,7.17,,,,selected,2026-08-19 07:08
bo3_fav_minus_1_5_bookC_v0,2026-08-19 19:00,,ODDIK Academy vs paiN Academy,-1.5 maps,paiN Academy,3,SoftBook C,2.55,1,won,1.55,,-0.47,bookC_self,,ineligible,2026-08-19 12:08
bo3_fav_minus_1_5_bookC_v0,2026-08-19 19:00,,Grêmio vs BESTIA Academy,-1.5 maps,BESTIA Academy,3,SoftBook C,2.46,1,lost,-1.0,,-1.18,bookC_self,,ineligible,2026-08-19 12:08
bo3_fav_minus_1_5_bookC_v0,2026-08-20 08:00,,G2 Ares vs Bebop,-1.5 maps,G2 Ares,3,SoftBook C,2.4,1,won,1.4,,-7.3,bookC_self,,ineligible,2026-08-20 05:12
bo3_fav_minus_1_5_bookC_v0,2026-08-20 13:00,,Metizport vs Color,-1.5 maps,Metizport,3,SoftBook C,2.8,1,lost,-1.0,,0.0,bookC_self,,quarantined,2026-08-19 22:13
bo3_fav_minus_1_5_bookC_v0,2026-08-20 17:00,,G2 vs FURIA,-1.5 maps,FURIA,3,SoftBook C,2.9,1,lost,-1.0,6.17,,,,selected,2026-08-19 22:13
bo3_fav_minus_1_5_bookC_v0,2026-08-20 19:00,,ALKA vs RED Canids Academy,-1.5 maps,ALKA,3,SoftBook C,2.47,1,won,1.47,,0.0,bookC_self,,quarantined,2026-08-20 09:08
bo3_fav_minus_1_5_bookC_v0,2026-08-21 11:00,,GenOne vs HAVU,-1.5 maps,GenOne,3,SoftBook C,1.85,1,lost,-1.0,5.17,0.0,bookC_self,,selected,2026-08-20 15:08
bo3_fav_minus_1_5_bookC_v0,2026-08-21 14:00,,Legacy vs Falcons,-1.5 maps,Falcons,3,SoftBook C,1.9,1,lost,-1.0,4.17,0.0,bookC_self,,selected,2026-08-20 15:08
bo3_fav_minus_1_5_bookC_v0,2026-08-21 14:00,,Black Phoenix vs Bebop,-1.5 maps,Black Phoenix,3,SoftBook C,2.3,1,won,1.3,5.47,0.4,bookC_self,,selected,2026-08-21 09:07
bo3_fav_minus_1_5_bookC_v0,2026-08-21 17:00,,SPARTA vs Leo,-1.5 maps,SPARTA,3,SoftBook C,2.15,1,won,1.15,6.62,0.0,bookC_self,,selected,2026-08-20 20:07
bo3_fav_minus_1_5_bookC_v0,2026-08-22 14:00,,FURIA vs FUT,-1.5 maps,FURIA,3,SoftBook C,2.5,1,lost,-1.0,5.62,0.0,bookC_self,,selected,2026-08-21 15:07
bo3_fav_minus_1_5_bookC_v0,2026-08-23 14:00,,GenOne vs ex-RUSTEC,-1.5 maps,GenOne,3,SoftBook C,2.07,1,lost,-1.0,,0.29,bookC_self,,quarantined,2026-08-22 15:06
bo3_fav_minus_1_5_bookC_v0,2026-08-24 14:00,,GenOne vs Leo,-1.5 maps,GenOne,3,SoftBook C,2.1,1,lost,-1.0,4.62,0.0,bookC_self,,selected,2026-08-23 15:08
bo3_fav_minus_1_5_bookC_v0,2026-08-25 08:00,,ex-RUBY vs Black Phoenix,-1.5 maps,ex-RUBY,3,SoftBook C,2.52,1,lost,-1.0,,,,,ineligible,2026-08-25 07:11
bo3_fav_minus_1_5_bookC_v0,2026-08-25 14:00,,G2 Ares vs ex-RUSTEC,-1.5 maps,G2 Ares,3,SoftBook C,3.3,1,lost,-1.0,,0.0,bookC_self,,ineligible,2026-08-24 15:10
bo3_fav_minus_1_5_bookC_v0,2026-08-25 21:00,,paiN Academy vs Imperial,-1.5 maps,Imperial,3,SoftBook C,1.32,1,won,0.32,,0.0,bookC_self,,ineligible,2026-08-24 22:07
bo3_fav_minus_1_5_bookC_v0,2026-08-26 01:00,,DETONATE vs NuTorious,-1.5 maps,NuTorious,3,SoftBook C,2.46,1,won,1.46,6.08,2.15,bookC_self,,selected,2026-08-25 08:09
bo3_fav_minus_1_5_bookC_v0,2026-08-26 08:00,,INOX Division vs SPARTA,-1.5 maps,INOX Division,3,SoftBook C,3.08,1,lost,-1.0,5.08,2.99,bookC_self,,selected,2026-08-25 17:08
bo3_fav_minus_1_5_bookC_v0,2026-08-26 15:00,,Misa vs Eternal Fire Academy,-1.5 maps,Misa,3,SoftBook C,2.19,1,won,1.19,,0.3,bookC_self,,ineligible,2026-08-25 22:07
bo3_fav_minus_1_5_bookC_v0,2026-08-26 21:00,,ODDIK vs Imperial,-1.5 maps,Imperial,3,SoftBook C,1.75,1,lost,-1.0,4.08,0.0,bookC_self,,selected,2026-08-26 03:10
bo3_fav_minus_1_5_bookC_v0,2026-08-26 21:00,,ALKA vs Turma do Pagode,-1.5 maps,Turma do Pagode,3,SoftBook C,3.1,1,lost,-1.0,3.08,0.0,bookC_self,,selected,2026-08-26 03:10
bo3_fav_minus_1_5_bookC_v0,2026-08-26 21:00,,MEIA NOITE vs BORRACHEIROS,-1.5 maps,BORRACHEIROS,3,SoftBook C,2.92,1,lost,-1.0,,-0.23,bookC_self,,ineligible,2026-08-26 06:09
bo3_fav_minus_1_5_bookC_v0,2026-08-27 01:00,,EMPIRE vs Chicken Coop,-1.5 maps,Chicken Coop,3,SoftBook C,2.54,1,won,1.54,,0.63,bookC_self,,ineligible,2026-08-26 05:08
bo3_fav_minus_1_5_bookC_v0,2026-08-27 01:00,,Villainous vs DETONATE,-1.5 maps,Villainous,3,SoftBook C,2.37,1,lost,-1.0,,,,,ineligible,2026-08-27 00:08
bo3_fav_minus_1_5_bookC_v0,2026-08-27 11:00,,BASEMENT BOYS vs Lavked,-1.5 maps,BASEMENT BOYS,3,SoftBook C,2.87,1,lost,-1.0,2.08,0.0,bookC_self,,selected,2026-08-26 23:12
bo3_fav_minus_1_5_bookC_v0,2026-08-27 14:00,,Leo vs Butterfly,-1.5 maps,Butterfly,3,SoftBook C,2.7,1,won,1.7,3.78,0.0,bookC_self,,selected,2026-08-27 06:13
bo3_fav_minus_1_5_bookC_v0,2026-08-27 17:00,,INOX Division vs Just Players,-1.5 maps,INOX Division,3,SoftBook C,2.41,1,lost,-1.0,,2.2,bookC_self,,ineligible,2026-08-27 06:13
bo3_fav_minus_1_5_bookC_v0,2026-08-27 18:30,,Grêmio vs ALKA,-1.5 maps,ALKA,3,SoftBook C,2.26,1,lost,-1.0,,-5.28,bookC_self,,ineligible,2026-08-27 04:19
bo3_fav_minus_1_5_bookC_v0,2026-08-27 21:00,,Bounty Hunters vs Turma do Pagode,-1.5 maps,Bounty Hunters,3,SoftBook C,3.3,1,lost,-1.0,,0.0,bookC_self,,ineligible,2026-08-27 04:19
bo3_fav_minus_1_5_bookC_v0,2026-08-27 21:00,,ex-MIBR Academy vs MEIA NOITE,-1.5 maps,ex-MIBR Academy,3,SoftBook C,2.89,1,won,1.89,,-0.12,bookC_self,,ineligible,2026-08-27 06:13
bo3_fav_minus_1_5_bookC_v0,2026-08-28 01:00,,EMPIRE vs New Legends,-1.5 maps,EMPIRE,3,SoftBook C,2.18,1,lost,-1.0,,-1.11,bookC_self,,quarantined,2026-08-27 08:09
bo3_fav_minus_1_5_bookC_v0,2026-08-28 01:00,,NuTorious vs Elusive,-1.5 maps,NuTorious,3,SoftBook C,2.77,1,lost,-1.0,,-0.96,bookC_self,,ineligible,2026-08-27 08:09
bo3_fav_minus_1_5_bookC_v0,2026-08-28 08:00,,Sashi vs ex-RUSTEC,-1.5 maps,Sashi,3,SoftBook C,2.0,1,lost,-1.0,2.78,-2.42,bookC_self,,selected,2026-08-27 09:10
bo3_fav_minus_1_5_bookC_v0,2026-08-28 11:00,,Color vs HyperSpirit,-1.5 maps,Color,3,SoftBook C,1.88,1,won,0.88,3.66,0.0,bookC_self,,selected,2026-08-27 23:11
bo3_fav_minus_1_5_bookC_v0,2026-08-28 11:00,,STATE vs G2 Ares,-1.5 maps,STATE,3,SoftBook C,3.1,1,lost,-1.0,2.66,0.0,bookC_self,,selected,2026-08-28 07:12
bo3_fav_minus_1_5_bookC_v0,2026-08-28 11:30,,G2 vs Spirit,-1.5 maps,Spirit,3,SoftBook C,2.2,1,won,1.2,3.86,0.0,bookC_self,,selected,2026-08-27 23:11
bo3_fav_minus_1_5_bookC_v0,2026-08-28 13:00,,NEXVOID vs Chinggis Warriors,-1.5 maps,NEXVOID,3,SoftBook C,2.45,1,lost,-1.0,,-0.39,bookC_self,,quarantined,2026-08-27 23:11
bo3_fav_minus_1_5_bookC_v0,2026-08-28 14:00,,Phantom vs Leo,-1.5 maps,Phantom,3,SoftBook C,2.1,1,lost,-1.0,2.86,-4.03,bookC_self,,selected,2026-08-27 23:11
bo3_fav_minus_1_5_bookC_v0,2026-08-28 14:00,,INOX Division vs Lavked,-1.5 maps,INOX Division,3,SoftBook C,2.53,1,won,1.53,,4.06,bookC_self,,quarantined,2026-08-27 23:11
bo3_fav_minus_1_5_bookC_v0,2026-08-28 16:30,,M80 vs FURIA,-1.5 maps,FURIA,3,SoftBook C,1.78,1,won,0.78,3.64,0.0,bookC_self,,selected,2026-08-27 23:11
bo3_fav_minus_1_5_bookC_v0,2026-08-29 11:00,,STATE vs 9INE,-1.5 maps,9INE,3,SoftBook C,2.35,1,won,1.35,,0.0,bookC_self,,ineligible,2026-08-29 01:09
bo3_fav_minus_1_5_bookC_v0,2026-08-29 11:00,,ex-RUSTEC vs INOX Division,-1.5 maps,INOX Division,3,SoftBook C,2.5,1,won,1.5,5.14,3.89,bookC_self,,selected,2026-08-29 05:11
bo3_fav_minus_1_5_bookC_v0,2026-08-29 17:00,,Nemiga vs Phantom,-1.5 maps,Nemiga,3,SoftBook C,3.3,1,lost,-1.0,4.14,4.12,bookC_self,,selected,2026-08-28 22:10
bo3_fav_minus_1_5_bookC_v0,2026-08-30 11:30,,G2 vs Natus Vincere,-1.5 maps,Natus Vincere,3,SoftBook C,3.3,1,lost,-1.0,3.14,0.0,bookC_self,,selected,2026-08-29 13:09
bo3_fav_minus_1_5_bookC_v0,2026-08-30 13:00,,BERG vs WBT,-1.5 maps,WBT,3,SoftBook C,2.42,1,lost,-1.0,,-0.34,bookC_self,,quarantined,2026-08-29 23:11
bo3_fav_minus_1_5_bookC_v0,2026-08-30 13:00,,BAKS vs Misa,-1.5 maps,BAKS,3,SoftBook C,1.99,1,lost,-1.0,2.14,0.45,bookC_self,,selected,2026-08-29 23:11
bo3_fav_minus_1_5_bookC_v0,2026-08-30 14:00,,ASTRAL vs Insiders,-1.5 maps,ASTRAL,3,SoftBook C,2.19,1,won,1.19,,1.52,bookC_self,,quarantined,2026-08-29 23:11
bo3_fav_minus_1_5_bookC_v0,2026-08-30 14:00,,Sangal vs PURE,-1.5 maps,Sangal,3,SoftBook C,2.7,1,lost,-1.0,1.14,0.0,bookC_self,,selected,2026-08-29 23:11
bo3_fav_minus_1_5_bookC_v0,2026-08-30 16:00,,ex-Zero Tenacity vs INOX Division,-1.5 maps,INOX Division,3,SoftBook C,3.23,1,won,2.23,,,,,quarantined,2026-08-30 15:12
bo3_fav_minus_1_5_bookC_v0,2026-08-31 01:00,,Voca vs Marsborne,-1.5 maps,Voca,3,SoftBook C,3.06,1,won,2.06,3.2,6.05,bookC_self,,selected,2026-08-30 02:08
bo3_fav_minus_1_5_bookC_v0,2026-08-31 01:00,,Overtake Sector vs Chicken Coop,-1.5 maps,Chicken Coop,3,SoftBook C,2.25,1,lost,-1.0,,-0.39,bookC_self,,ineligible,2026-08-30 07:11
bo3_fav_minus_1_5_bookC_v0,2026-08-31 11:00,,3DMAX vs Butterfly,-1.5 maps,3DMAX,3,SoftBook C,2.5,1,won,1.5,4.7,0.0,bookC_self,,selected,2026-08-31 06:10
bo3_fav_minus_1_5_bookC_v0,2026-08-31 13:00,,Misa vs BAKS,-1.5 maps,BAKS,3,SoftBook C,2.2,1,lost,-1.0,,-4.95,bookC_self,,quarantined,2026-08-31 01:08
bo3_fav_minus_1_5_bookC_v0,2026-08-31 21:00,,Imperial vs ShindeN,-1.5 maps,Imperial,3,SoftBook C,2.4,1,lost,-1.0,3.7,0.0,bookC_self,,selected,2026-08-31 06:10
bo3_fav_minus_1_5_bookC_v0,2026-09-01 11:00,,INFINITE vs Inner Circle Academy,-1.5 maps,INFINITE,3,SoftBook C,2.4,1,lost,-1.0,2.7,0.0,bookC_self,,selected,2026-08-31 12:11
bo3_fav_minus_1_5_bookC_v0,2026-09-01 14:00,,UNiTY vs Misa,-1.5 maps,UNiTY,3,SoftBook C,2.21,1,won,1.21,,6.12,bookC_self,,ineligible,2026-09-01 01:09
bo3_fav_minus_1_5_bookC_v0,2026-09-02 01:00,,Voca vs Marsborne,-1.5 maps,Voca,3,SoftBook C,2.59,1,lost,-1.0,1.7,6.58,bookC_self,,selected,2026-09-01 06:10
bo3_fav_minus_1_5_bookC_v0,2026-09-02 09:00,,Magic vs K27,-1.5 maps,Magic,3,SoftBook C,2.5,1,won,1.5,3.2,-1.47,bookC_self,,selected,2026-09-01 10:10
bo3_fav_minus_1_5_bookC_v0,2026-09-02 11:00,,Black Phoenix vs INFINITE,-1.5 maps,INFINITE,3,SoftBook C,2.76,1,won,1.76,4.96,0.0,bookC_self,,selected,2026-09-02 07:29
bo3_fav_minus_1_5_bookC_v0,2026-09-02 12:00,,TYLOO vs DEPO,-1.5 maps,TYLOO,3,SoftBook C,1.92,1,won,0.92,5.88,0.0,bookC_self,,selected,2026-09-02 10:12
bo3_fav_minus_1_5_bookC_v0,2026-09-02 14:00,,INOX Division vs UNiTY,-1.5 maps,INOX Division,3,SoftBook C,2.11,1,won,1.11,6.99,0.7,bookC_self,,selected,2026-09-02 07:29
bo3_fav_minus_1_5_bookC_v0,2026-09-02 15:00,,K27 vs GamerLegion,-1.5 maps,GamerLegion,3,SoftBook C,2.5,1,lost,-1.0,,1.28,bookC_self,,ineligible,2026-09-02 12:10
bo3_fav_minus_1_5_bookC_v0,2026-09-02 15:00,,Magic vs Nuclear TigeRES,-1.5 maps,Magic,3,SoftBook C,2.6,1,lost,-1.0,5.99,-3.12,bookC_self,,selected,2026-09-02 12:10
bo3_fav_minus_1_5_bookC_v0,2026-09-02 15:00,,MIBR vs 3DMAX,-1.5 maps,MIBR,3,SoftBook C,3.1,1,won,2.1,,,,,ineligible,2026-09-02 14:09
bo3_fav_minus_1_5_bookC_v0,2026-09-02 15:00,,Eternal Fire vs HEROIC,-1.5 maps,HEROIC,3,SoftBook C,2.3,1,lost,-1.0,4.99,,,,selected,2026-09-02 14:09
bo3_fav_minus_1_5_bookC_v0,2026-09-03 11:00,,Sashi vs ASTRAL,-1.5 maps,Sashi,3,SoftBook C,2.5,1,won,1.5,6.49,0.0,bookC_self,,selected,2026-09-02 12:10
bo3_fav_minus_1_5_bookC_v0,2026-09-03 12:00,,HEROIC vs Color,-1.5 maps,HEROIC,3,SoftBook C,2.7,1,won,1.7,,0.0,bookC_self,,quarantined,2026-09-02 23:09
bo3_fav_minus_1_5_bookC_v0,2026-09-04 14:00,,Metizport vs Sashi,-1.5 maps,Sashi,3,SoftBook C,3.2,1,lost,-1.0,5.49,0.0,bookC_self,,selected,2026-09-04 06:13
bo3_fav_minus_1_5_bookC_v0,2026-09-05 11:00,,Bushido Wildcats vs Spirit Academy,-1.5 maps,Bushido Wildcats,3,SoftBook C,2.98,1,won,1.98,7.47,2.03,bookC_self,,selected,2026-09-05 03:09
bo3_fav_minus_1_5_bookC_v0,2026-09-05 13:45,,Inner Circle Academy vs Privateer,-1.5 maps,Inner Circle Academy,3,SoftBook C,1.57,1,lost,-1.0,6.47,0.0,bookC_self,,selected,2026-09-04 22:10
bo3_fav_minus_1_5_bookC_v0,2026-09-05 19:00,,Peladona vs Imperial,-1.5 maps,Imperial,3,SoftBook C,1.88,1,lost,-1.0,,0.0,bookC_self,,quarantined,2026-09-05 01:08
bo3_fav_minus_1_5_bookC_v0,2026-09-06 19:00,,Iowa Stormboar vs Beyond Limits,-1.5 maps,Iowa Stormboar,3,SoftBook C,2.94,1,won,1.94,,1.74,bookC_self,,quarantined,2026-09-06 07:12
bo3_fav_minus_1_5_bookC_v0,2026-09-06 22:00,,Back to Back vs METANOIA Wolves,-1.5 maps,Back to Back,3,SoftBook C,2.24,1,won,1.24,7.71,9.44,bookC_self,,selected,2026-09-06 07:12
bo3_fav_minus_1_5_bookC_v0,2026-09-06 22:00,,Bounty Hunters vs RED Canids Academy,-1.5 maps,Bounty Hunters,3,SoftBook C,2.05,1,lost,-1.0,,2.54,bookC_self,,quarantined,2026-09-06 07:12
bo3_fav_minus_1_5_bookC_v0,2026-09-06 22:00,,Yawara vs Turma do Pagode,-1.5 maps,Turma do Pagode,3,SoftBook C,2.54,1,lost,-1.0,,0.0,bookC_self,,ineligible,2026-09-06 18:09
bo3_fav_minus_1_5_bookC_v0,2026-09-07 09:00,,Nemesis vs FORZE Reload,-1.5 maps,Nemesis,3,SoftBook C,2.4,1,won,1.4,9.11,0.0,bookC_self,,selected,2026-09-06 13:11
bo3_fav_minus_1_5_bookC_v0,2026-09-08 03:00,,Legacy vs Magic,-1.5 maps,Legacy,3,SoftBook C,2.2,1,lost,-1.0,8.11,1.31,bookC_self,,selected,2026-09-07 22:09
bo3_fav_minus_1_5_bookC_v0,2026-09-08 12:00,,Nemiga vs Color,-1.5 maps,Nemiga,3,SoftBook C,2.8,1,won,1.8,9.91,0.0,bookC_self,,selected,2026-09-07 13:09
bo3_fav_minus_1_5_bookC_v0,2026-09-09 03:00,,Magic vs FaZe,-1.5 maps,FaZe,3,SoftBook C,2.7,1,lost,-1.0,8.91,-1.18,bookC_self,,selected,2026-09-08 12:12
bo3_fav_minus_1_5_bookC_v0,2026-09-09 06:00,,Alliance vs Legacy,-1.5 maps,Legacy,3,SoftBook C,2.2,1,won,1.2,10.11,0.0,bookC_self,,selected,2026-09-09 00:10
bo3_fav_minus_1_5_bookC_v0,2026-09-09 09:00,,Nemesis vs SINNERS,-1.5 maps,Nemesis,3,SoftBook C,3.2,1,lost,-1.0,9.11,0.0,bookC_self,,selected,2026-09-08 10:11
bo3_fav_minus_1_5_bookC_v0,2026-09-09 17:00,,Inner Circle vs Nemiga,-1.5 maps,Inner Circle,3,SoftBook C,3.3,1,lost,-1.0,8.11,1.07,bookC_self,,selected,2026-09-09 14:10
bo3_fav_minus_1_5_bookC_v0,2026-09-09 17:30,,K27 vs WW,-1.5 maps,K27,3,SoftBook C,2.4,1,lost,-1.0,7.11,0.0,bookC_self,,selected,2026-09-08 23:10
bo3_fav_minus_1_5_bookC_v0,2026-09-09 23:00,,Voca vs Villainous,-1.5 maps,Voca,3,SoftBook C,1.52,1,won,0.52,,5.08,bookC_self,,ineligible,2026-09-09 15:12
bo3_fav_minus_1_5_bookC_v0,2026-09-10 03:00,,Alliance vs TYLOO,-1.5 maps,TYLOO,3,SoftBook C,3.1,1,lost,-1.0,6.11,,,,selected,2026-09-10 02:11
bo3_fav_minus_1_5_bookC_v0,2026-09-10 11:00,,Ninjas in Pyjamas vs Inner Circle,-1.5 maps,Inner Circle,3,SoftBook C,3.1,1,lost,-1.0,5.11,0.0,bookC_self,,selected,2026-09-09 22:13
bo3_fav_minus_1_5_bookC_v0,2026-09-10 14:00,,ShindeN vs Turma do Pagode,-1.5 maps,ShindeN,3,SoftBook C,3.1,1,lost,-1.0,,0.0,bookC_self,,quarantined,2026-09-10 03:18
bo3_fav_minus_1_5_bookC_v0,2026-09-10 17:00,,Ninjas in Pyjamas vs INFINITE,-1.5 maps,Ninjas in Pyjamas,3,SoftBook C,2.3,1,won,1.3,6.41,2.91,bookC_self,,selected,2026-09-09 22:13
bo3_fav_minus_1_5_bookC_v0,2026-09-10 20:00,,Marsborne vs Without a Roof,-1.5 maps,Marsborne,3,SoftBook C,2.18,1,lost,-1.0,,-1.6,bookC_self,,quarantined,2026-09-09 22:13
bo3_fav_minus_1_5_bookC_v0,2026-09-10 23:00,,Chicken Coop vs antivalue,-1.5 maps,Chicken Coop,3,SoftBook C,2.5,1,lost,-1.0,5.41,0.0,bookC_self,,selected,2026-09-10 05:10
bo3_fav_minus_1_5_bookC_v0,2026-09-11 06:00,,MIBR vs Alliance,-1.5 maps,MIBR,3,SoftBook C,3.3,1,won,2.3,7.71,0.0,bookC_self,,selected,2026-09-10 22:16
bo3_fav_minus_1_5_bookC_v0,2026-09-11 08:00,,K27 vs Virtus.pro,-1.5 maps,K27,3,SoftBook C,2.6,1,lost,-1.0,6.71,-1.44,bookC_self,,selected,2026-09-10 22:16
bo3_fav_minus_1_5_bookC_v0,2026-09-11 08:00,,B8 vs Inner Circle,-1.5 maps,B8,3,SoftBook C,2.9,1,won,1.9,8.61,0.0,bookC_self,,selected,2026-09-10 22:16
bo3_fav_minus_1_5_bookC_v0,2026-09-11 23:00,,Voca vs antivalue,-1.5 maps,Voca,3,SoftBook C,1.5,1,won,0.5,9.11,,,,selected,2026-09-11 06:16
bo3_fav_minus_1_5_bookC_v0,2026-09-12 02:00,,Liquid vs NRG,-1.5 maps,Liquid,3,SoftBook C,3.2,1,lost,-1.0,8.11,0.0,bookC_self,,selected,2026-09-11 07:15
bo3_fav_minus_1_5_bookC_v0,2026-09-12 08:00,,Sashi vs PCIFIC,-1.5 maps,Sashi,3,SoftBook C,2.05,1,lost,-1.0,7.11,4.5,bookC_self,,selected,2026-09-12 00:15
bo3_fav_minus_1_5_bookC_v0,2026-09-12 14:00,,FOKUS vs Leo,-1.5 maps,FOKUS,3,SoftBook C,2.1,1,won,1.1,8.21,0.0,bookC_self,,selected,2026-09-12 00:15
bo3_fav_minus_1_5_bookC_v0,2026-09-12 17:00,,ENCE vs UNiTY,-1.5 maps,UNiTY,3,SoftBook C,2.7,1,won,1.7,9.91,0.0,bookC_self,,selected,2026-09-12 05:11
bo3_fav_minus_1_5_bookC_v0,2026-09-12 19:00,,LAG vs Overtake Sector,-1.5 maps,LAG,3,SoftBook C,2.19,1,lost,-1.0,8.91,-0.41,bookC_self,,selected,2026-09-12 05:11
bo3_fav_minus_1_5_bookC_v0,2026-09-15 11:00,,Leo vs Bushido Wildcats,-1.5 maps,Bushido Wildcats,3,SoftBook C,3.08,1,lost,-1.0,7.91,0.27,bookC_self,,selected,2026-09-15 07:11
bo3_fav_minus_1_5_bookC_v0,2026-09-17 11:00,,Leo vs PCIFIC,-1.5 maps,Leo,3,SoftBook C,3.2,1,lost,-1.0,6.91,1.09,bookC_self,,selected,2026-09-17 00:14
bo3_fav_minus_1_5_bookC_v0,2026-09-19 08:00,,PCIFIC vs ex-RUSTEC,-1.5 maps,ex-RUSTEC,3,SoftBook C,2.15,1,won,1.15,,,,,ineligible,2026-09-19 00:13
bo3_fav_minus_1_5_bookC_v0,2026-09-19 15:00,,Eternal Fire vs Nice Try,-1.5 maps,Eternal Fire,3,SoftBook C,1.56,1,won,0.56,7.47,-0.29,bookC_self,,selected,2026-09-19 00:13
bo3_fav_minus_1_5_bookC_v0,2026-09-19 18:00,,GenOne vs BERG,-1.5 maps,GenOne,3,SoftBook C,1.44,1,won,0.44,7.91,-0.16,bookC_self,,selected,2026-09-19 03:12
bo3_fav_minus_1_5_bookC_v0,2026-09-20 09:00,,WBT vs SAW Youngsters,-1.5 maps,WBT,3,SoftBook C,1.95,1,lost,-1.0,6.91,-0.26,bookC_self,,selected,2026-09-20 00:12
bo3_fav_minus_1_5_bookC_v0,2026-09-20 14:00,,QUAZAR vs G2 Ares,-1.5 maps,QUAZAR,3,SoftBook C,2.5,1,lost,-1.0,5.91,0.0,bookC_self,,selected,2026-09-19 15:10
bo3_fav_minus_1_5_bookC_v0,2026-09-20 21:00,,Bounty Hunters vs BESTIA,-1.5 maps,BESTIA,3,SoftBook C,2.7,1,won,1.7,7.61,,,,selected,2026-09-20 04:13
bo3_fav_minus_1_5_bookC_v0,2026-09-22 10:00,,HEROIC vs Johnny Speeds,-1.5 maps,HEROIC,3,SoftBook C,1.58,1,won,0.58,8.19,3.58,bookC_self,,selected,2026-09-21 11:09
bo3_fav_minus_1_5_bookC_v0,2026-09-22 11:00,,Just Players vs ENCE,-1.5 maps,Just Players,3,SoftBook C,2.8,1,lost,-1.0,7.19,0.0,bookC_self,,selected,2026-09-21 12:11
bo3_fav_minus_1_5_bookC_v0,2026-09-22 13:00,,B8 vs Luminosity,-1.5 maps,B8,3,SoftBook C,2.6,1,lost,-1.0,6.19,,,,selected,2026-09-21 14:10
bo3_fav_minus_1_5_bookC_v0,2026-09-23 10:00,,fnatic vs Phantom,-1.5 maps,fnatic,3,SoftBook C,2.7,1,lost,-1.0,,4.7,bookC_self,,ineligible,2026-09-22 11:16
bo3_fav_minus_1_5_bookC_v0,2026-09-23 21:00,,Isurus vs Grêmio,-1.5 maps,Isurus,3,SoftBook C,2.05,1,lost,-1.0,5.19,0.0,bookC_self,,selected,2026-09-23 06:13
bo3_fav_minus_1_5_bookC_v0,2026-09-24 01:00,,LAG vs DETONATE,-1.5 maps,LAG,3,SoftBook C,1.8,1,won,0.8,,3.18,bookC_self,,ineligible,2026-09-23 06:13
bo3_fav_minus_1_5_bookC_v0,2026-09-24 09:00,,Arcade vs MARKandLARRY,-1.5 maps,Arcade,3,SoftBook C,2.13,1,won,1.13,,0.59,bookC_self,,ineligible,2026-09-23 22:12
bo3_fav_minus_1_5_bookC_v0,2026-09-24 15:00,,CYBERSHOKE vs K27,-1.5 maps,K27,3,SoftBook C,2.7,1,won,1.7,,2.91,bookC_self,,quarantined,2026-09-23 22:12
bo3_fav_minus_1_5_bookC_v0,2026-09-24 17:30,,BAKS vs FaZe Up Next,-1.5 maps,BAKS,3,SoftBook C,1.97,1,won,0.97,,3.25,bookC_self,,quarantined,2026-09-23 22:12
bo3_fav_minus_1_5_bookC_v0,2026-09-24 21:00,,Low Cortisol BR vs MEIA NOITE,-1.5 maps,Low Cortisol BR,3,SoftBook C,2.3,1,lost,-1.0,,-0.07,bookC_self,,quarantined,2026-09-24 02:10
bo3_fav_minus_1_5_bookC_v0,2026-09-24 21:00,,Bounty Hunters vs Yawara,-1.5 maps,Bounty Hunters,3,SoftBook C,1.9,1,lost,-1.0,4.19,0.0,bookC_self,,selected,2026-09-24 02:10
bo3_fav_minus_1_5_bookC_v0,2026-09-25 01:00,,DETONATE vs Wanted Goons,-1.5 maps,DETONATE,3,SoftBook C,2.81,1,won,1.81,,2.36,bookC_self,,quarantined,2026-09-24 05:15
bo3_fav_minus_1_5_bookC_v0,2026-09-25 09:00,,Alliance vs SINNERS,-1.5 maps,Alliance,3,SoftBook C,2.8,1,lost,-1.0,3.19,-1.42,bookC_self,,selected,2026-09-25 00:19
bo3_fav_minus_1_5_bookC_v0,2026-09-25 09:00,,Abyssal vs Arcade,-1.5 maps,Abyssal,3,SoftBook C,2.64,1,won,1.64,,2.01,bookC_self,,ineligible,2026-09-25 00:19
bo3_fav_minus_1_5_bookC_v0,2026-09-25 15:00,,SINNERS vs ex-RUBY,-1.5 maps,SINNERS,3,SoftBook C,2.5,1,lost,-1.0,,-2.91,bookC_self,,ineligible,2026-09-25 00:19
bo3_fav_minus_1_5_bookC_v0,2026-09-25 17:00,,JiJieHao vs Sangal,-1.5 maps,JiJieHao,3,SoftBook C,2.7,1,lost,-1.0,2.19,0.0,bookC_self,,selected,2026-09-25 00:19
bo3_fav_minus_1_5_bookC_v0,2026-09-25 17:00,,Falcons Force vs Young TigeRES,-1.5 maps,Falcons Force,3,SoftBook C,2.82,1,lost,-1.0,1.19,0.2,bookC_self,,selected,2026-09-25 03:19
map1_specials_v1,2026-07-18 08:00,European Pro League,Eternal Fire vs BRUTE,map1_moneyline,BRUTE,3,Sharp,2.57,1,lost,-1.0,-1.0,,,,selected,2026-07-18 03:54
map1_specials_v1,2026-07-19 22:00,CCT South America,Patins da Ferrari vs ODDIK,map1_moneyline,ODDIK,3,Sharp,1.833,1,lost,-1.0,-2.0,,,,selected,2026-07-19 06:04
map1_specials_v1,2026-07-20 14:00,CCT Europe Series Closed Qualifier,SAW Youngsters vs Misa,map1_moneyline,SAW Youngsters,3,Sharp,2.05,1,won,1.05,-0.95,,,,selected,2026-07-20 04:04
map1_specials_v1,2026-07-21 10:00,BLAST Bounty Qualifier,M80 vs Ninjas in Pyjamas,map1_moneyline,M80,3,Sharp,1.943,1,lost,-1.0,-1.95,,,,selected,2026-07-21 00:03
map1_specials_v1,2026-07-21 13:00,StarLadder StarSeries Fall Europe Qualifier,HOTU vs HEROIC,map1_moneyline,HOTU,3,Sharp,2.64,1,lost,-1.0,-2.95,,,,selected,2026-07-20 04:04
map1_specials_v1,2026-07-21 13:00,StarLadder StarSeries Fall Europe Qualifier,3DMAX vs Gentle Mates,map1_moneyline,Gentle Mates,3,Sharp,2.22,1,lost,-1.0,-3.95,,,,selected,2026-07-20 04:04
map1_specials_v1,2026-07-21 15:00,BLAST Bounty Qualifier,Nuclear TigeRES vs MOUZ,map1_moneyline,Nuclear TigeRES,3,Sharp,3.33,1,lost,-1.0,-4.95,,,,selected,2026-07-20 07:04
map1_specials_v1,2026-07-21 15:30,BLAST Bounty Qualifier,Nuclear TigeRES vs MOUZ,map1_moneyline,Nuclear TigeRES,3,Sharp,3.21,1,lost,-1.0,-5.95,,,,selected,2026-07-21 15:05
map1_specials_v1,2026-07-21 16:00,StarLadder StarSeries Fall Europe Qualifier,Astralis vs FOKUS,map1_moneyline,FOKUS,3,Sharp,3.01,1,won,2.01,-3.94,,,,selected,2026-07-20 04:04
map1_specials_v1,2026-07-21 17:00,CCT Europe Series Closed Qualifier,Fortress vs SAW Youngsters,map1_moneyline,Fortress,3,Sharp,2.68,1,lost,-1.0,-4.94,,,,selected,2026-07-21 04:04
map1_specials_v1,2026-07-22 08:00,European Pro League,Just Players vs 1win,map1_moneyline,Just Players,3,Sharp,2.59,1,won,1.59,-3.35,,,,selected,2026-07-22 01:04
map1_specials_v1,2026-07-22 10:30,European Pro League,Eternal Fire vs CYBERSHOKE,map1_moneyline,CYBERSHOKE,3,Sharp,2.0,1,lost,-1.0,-4.35,,,,selected,2026-07-22 06:04
map1_specials_v1,2026-07-22 11:00,CCT Europe Series,SPARTA vs SAW Youngsters,map1_moneyline,SAW Youngsters,3,Sharp,2.7,1,lost,-1.0,,,,,quarantined,2026-07-21 21:04
map1_specials_v1,2026-07-22 11:00,,Enjoy vs Fortress,map1_moneyline,Fortress,3,Sharp,4.38,1,won,3.38,,,,,quarantined,2026-07-22 02:05
map1_specials_v1,2026-07-22 12:30,BLAST Bounty Qualifier,Nemiga vs G2,map1_moneyline,Nemiga,3,Sharp,3.74,1,won,2.74,-1.61,,,,selected,2026-07-21 08:05
map1_specials_v1,2026-07-22 13:00,StarLadder StarSeries Fall Europe Qualifier,Ninjas in Pyjamas vs 100 Thieves,map1_moneyline,Ninjas in Pyjamas,3,Sharp,1.82,1,lost,-1.0,-2.61,,,,selected,2026-07-21 21:04
map1_specials_v1,2026-07-22 15:00,BLAST Bounty Qualifier,HOTU vs GamerLegion,map1_moneyline,HOTU,3,Sharp,2.28,1,won,1.28,-1.33,,,,selected,2026-07-21 08:05
map1_specials_v1,2026-07-22 16:00,,Nuclear TigeRES vs Echo,map1_moneyline,Echo,3,Sharp,2.22,1,won,1.22,-0.11,,,,selected,2026-07-21 21:04
map1_specials_v1,2026-07-22 17:00,,QUAZAR vs SAW Youngsters,map1_moneyline,SAW Youngsters,3,Sharp,2.68,1,lost,-1.0,,,,,quarantined,2026-07-22 03:04
map1_specials_v1,2026-07-22 19:00,CCT South America,Procyon vs MAGICOS,map1_moneyline,MAGICOS,3,Sharp,2.64,1,lost,-1.0,-1.11,,,,selected,2026-07-22 18:04
map1_specials_v1,2026-07-22 19:10,CCT South America,Procyon vs MAGICOS,map1_moneyline,MAGICOS,3,Sharp,2.64,1,lost,-1.0,-2.11,,,,selected,2026-07-22 19:03
map1_specials_v1,2026-07-23 08:00,European Pro League,Just Players vs CYBERSHOKE,map1_moneyline,Just Players,3,Sharp,2.59,1,lost,-1.0,-3.11,,,,selected,2026-07-23 02:07
map1_specials_v1,2026-07-23 10:00,BLAST Bounty Qualifier,Aurora vs FOKUS,map1_moneyline,Aurora,3,Sharp,1.413,1,lost,-1.0,-4.11,,,,selected,2026-07-22 19:03
map1_specials_v1,2026-07-23 11:00,,NEW VISION vs benched gods,map1_moneyline,benched gods,3,Sharp,1.82,1,lost,-1.0,,,,,quarantined,2026-07-23 02:07
map1_specials_v1,2026-07-23 13:00,,Ninjas in Pyjamas vs Echo,map1_moneyline,Echo,3,Sharp,2.5,1,lost,-1.0,-5.11,,,,selected,2026-07-23 02:07
map1_specials_v1,2026-07-23 13:00,StarLadder StarSeries Fall Europe Qualifier,100 Thieves vs Nuclear TigeRES,map1_moneyline,Nuclear TigeRES,3,Sharp,2.44,1,won,1.44,-3.67,,,,selected,2026-07-23 02:07
map1_specials_v1,2026-07-23 14:00,,megoshort vs Privateer,map1_moneyline,Privateer,3,Sharp,1.719,1,won,0.719,-2.951,,,,selected,2026-07-23 03:04
map1_specials_v1,2026-07-23 16:00,StarLadder StarSeries Fall Europe Qualifier,HEROIC vs FOKUS,map1_moneyline,FOKUS,3,Sharp,2.5,1,lost,-1.0,-3.951,,,,selected,2026-07-21 22:03
map1_specials_v1,2026-07-23 16:00,,Fluxo vs paiN Academy,map1_moneyline,paiN Academy,3,Sharp,4.69,1,lost,-1.0,,,,,quarantined,2026-07-23 02:07
map1_specials_v1,2026-07-23 17:00,CCT Europe Series Closed Qualifier,Misa vs Rounds,map1_moneyline,Rounds,3,Sharp,2.9,1,lost,-1.0,-4.951,,,,selected,2026-07-23 02:07
map1_specials_v1,2026-07-23 19:00,,Imperial vs BESTIA Academy,map1_moneyline,BESTIA Academy,3,Sharp,5.32,1,lost,-1.0,,,,,quarantined,2026-07-23 02:07
map1_specials_v1,2026-07-24 09:00,BLAST Bounty Qualifier,Magic vs 3DMAX,map1_moneyline,Magic,3,Sharp,1.741,1,won,0.741,-4.21,,,,selected,2026-07-24 06:06
map1_specials_v1,2026-07-24 11:00,,megoshort vs Rounds,map1_moneyline,Rounds,3,Sharp,1.98,1,lost,-1.0,-5.21,,,,selected,2026-07-24 05:05
map1_specials_v1,2026-07-24 11:30,BLAST Bounty Qualifier,HEROIC vs The MongolZ,map1_moneyline,The MongolZ,3,Sharp,2.27,1,lost,-1.0,,,,,quarantined,2026-07-24 00:04
map1_specials_v1,2026-07-24 12:15,BLAST Bounty Qualifier,HEROIC vs The MongolZ,map1_moneyline,The MongolZ,3,Sharp,2.29,1,lost,-1.0,,,,,quarantined,2026-07-24 12:06
map1_specials_v1,2026-07-24 13:00,,Nuclear TigeRES vs Echo,map1_moneyline,Echo,3,Sharp,1.98,1,won,0.98,-4.23,,,,selected,2026-07-24 01:04
map1_specials_v1,2026-07-24 14:00,BLAST Bounty Qualifier,Liquid vs Vitality,map1_moneyline,Vitality,3,Sharp,1.298,1,lost,-1.0,-5.23,,,,selected,2026-07-24 07:05
map1_specials_v1,2026-07-24 16:00,,Bounty Hunters vs ODDIK,map1_moneyline,ODDIK,3,Sharp,2.27,1,won,1.27,,,,,quarantined,2026-07-23 19:05
map1_specials_v1,2026-07-24 17:00,,Privateer vs Misa,map1_moneyline,Privateer,3,Sharp,2.23,1,lost,-1.0,-6.23,,,,selected,2026-07-24 07:05
map1_specials_v1,2026-07-24 19:00,CCT South America,Keyd Stars vs ALKA,map1_moneyline,ALKA,3,Sharp,2.11,1,lost,-1.0,-7.23,,,,selected,2026-07-24 00:04
map1_specials_v1,2026-07-24 22:00,,LP vs MAGICOS,map1_moneyline,MAGICOS,3,Sharp,5.32,1,lost,-1.0,-8.23,,,,selected,2026-07-23 02:07
map1_specials_v1,2026-07-25 11:00,CCT Europe Series 6,Enjoy vs SAW Youngsters,map1_moneyline,SAW Youngsters,3,Sharp,2.14,1,lost,-1.0,-9.23,,,,selected,2026-07-25 02:04
map1_specials_v1,2026-07-25 12:30,BLAST Bounty Closed Qualifier,Liquid vs G2,map1_moneyline,G2,3,Sharp,1.769,1,lost,-1.0,-10.23,,,,selected,2026-07-25 04:06
map1_specials_v1,2026-07-25 13:00,,Aurora vs Echo,map1_moneyline,Echo,3,Sharp,2.87,1,lost,-1.0,-11.23,,,,selected,2026-07-25 07:05
map1_specials_v1,2026-07-25 13:00,,BORRACHEIROS vs ODDIK,map1_moneyline,BORRACHEIROS,3,Sharp,3.14,1,lost,-1.0,-12.23,,,,selected,2026-07-25 08:04
map1_specials_v1,2026-07-25 14:00,CCT Europe Series 6,Enjoy vs SAW Youngsters,map1_moneyline,SAW Youngsters,3,Sharp,2.14,1,lost,-1.0,-13.23,,,,selected,2026-07-25 02:04
map1_specials_v1,2026-07-25 14:00,CCT Europe Series 5,Black Phoenix vs Just Players,map1_moneyline,Black Phoenix,3,Sharp,2.15,1,lost,-1.0,-14.23,,,,selected,2026-07-25 04:06
map1_specials_v1,2026-07-25 15:00,BLAST Bounty Closed Qualifier,HOTU vs Astralis,map1_moneyline,HOTU,3,Sharp,2.01,1,lost,-1.0,-15.23,,,,selected,2026-07-25 04:06
map1_specials_v1,2026-07-25 16:00,StarLadder StarSeries Fall Europe Closed Qualifier,Ninjas in Pyjamas vs HEROIC,map1_moneyline,Ninjas in Pyjamas,3,Sharp,2.0,1,lost,-1.0,-16.23,,,,selected,2026-07-25 04:06
map1_specials_v1,2026-07-25 16:00,,BESTIA Academy vs Isurus,map1_moneyline,BESTIA Academy,3,Sharp,2.29,1,lost,-1.0,-17.23,,,,selected,2026-07-25 05:05
map1_specials_v1,2026-07-25 16:00,,ODDIK vs BORRACHEIROS,map1_moneyline,BORRACHEIROS,3,Sharp,3.14,1,lost,-1.0,-18.23,,,,selected,2026-07-25 05:05
map1_specials_v1,2026-07-25 17:00,,ex-RUSTEC vs Rune Eaters,map1_moneyline,Rune Eaters,3,Sharp,1.813,1,won,0.813,-17.417,,,,selected,2026-07-25 03:05
map1_specials_v1,2026-07-25 19:00,CCT South America,Fluxo vs Keyd Stars,map1_moneyline,Keyd Stars,3,Sharp,2.86,1,lost,-1.0,-18.417,,,,selected,2026-07-25 05:05
map1_specials_v1,2026-07-25 22:00,CCT South America,BESTIA Academy vs Isurus,map1_moneyline,BESTIA Academy,3,Sharp,2.29,1,lost,-1.0,-19.417,,,,selected,2026-07-25 05:05
map1_specials_v1,2026-07-26 14:00,,QUAZAR vs NEW VISION,map1_moneyline,NEW VISION,3,Sharp,3.13,1,won,2.13,-17.287,,,,selected,2026-07-26 04:04
map1_specials_v1,2026-07-26 15:00,CCT South America,LP vs ODDIK,map1_moneyline,ODDIK,3,Sharp,2.54,1,lost,-1.0,-18.287,,,,selected,2026-07-26 08:05
map1_specials_v1,2026-07-26 18:00,,Fluxo vs Isurus,map1_moneyline,Isurus,3,Sharp,2.88,1,lost,-1.0,-19.287,,,,selected,2026-07-26 04:04
map1_specials_v1,2026-07-27 14:00,TP World Championship Europe,Black Phoenix vs Misa,map1_moneyline,Misa,3,Sharp,2.5,1,lost,-1.0,,,,,quarantined,2026-07-26 20:03
map1_specials_v1,2026-07-27 14:00,CCT Europe Series,ex-RUSTEC vs Inner Circle Academy,map1_moneyline,Inner Circle Academy,3,Sharp,2.23,1,won,1.23,-18.057,,,,selected,2026-07-27 03:05
map1_specials_v1,2026-07-27 15:30,Urban Riga Open,BRUTE vs NAVI Junior,map1_moneyline,NAVI Junior,1,Sharp,2.7,1,lost,-1.0,-19.057,,,,selected,2026-07-26 05:04
map1_specials_v1,2026-07-27 16:30,Urban Riga Open,BRUTE vs MOUZ NXT,map1_moneyline,MOUZ NXT,1,Sharp,2.35,1,lost,-1.0,-20.057,,,,selected,2026-07-26 06:06
map1_specials_v1,2026-07-27 17:00,TP World Championship Europe,Bebop vs Falcons Force,map1_moneyline,Falcons Force,3,Sharp,2.28,1,lost,-1.0,-21.057,,,,selected,2026-07-27 05:05
map1_specials_v1,2026-07-27 17:00,NODWIN Clutch Series,Just Players vs Inner Circle Academy,map1_moneyline,Inner Circle Academy,3,Sharp,2.42,1,lost,-1.0,,,,,quarantined,2026-07-27 13:05
map1_specials_v1,2026-07-27 17:30,Urban Riga Open,NAVI Junior vs MOUZ NXT,map1_moneyline,NAVI Junior,1,Sharp,2.4,1,won,1.4,-19.657,,,,selected,2026-07-26 05:04
map1_specials_v1,2026-07-28 08:00,CCT Europe Series 6,Black Phoenix vs Enjoy,map1_moneyline,Enjoy,3,Sharp,2.0,1,lost,-1.0,-20.657,,,,selected,2026-07-27 22:05
map1_specials_v1,2026-07-28 10:00,Urban Riga Open,ASTRAL vs NAVI Junior,map1_moneyline,NAVI Junior,3,Sharp,2.34,1,lost,-1.0,-21.657,,,,selected,2026-07-28 09:07
map1_specials_v1,2026-07-28 14:00,CCT Europe Series 6,GenOne vs NEW VISION,map1_moneyline,NEW VISION,3,Sharp,3.5,1,won,2.5,-19.157,,,,selected,2026-07-27 22:05
map1_specials_v1,2026-07-28 15:00,StarLadder StarSeries Fall SA Closed Qualifier,MIBR vs Fluxo,map1_moneyline,Fluxo,3,Sharp,2.7,1,lost,-1.0,-20.157,,,,selected,2026-07-27 04:05
map1_specials_v1,2026-07-28 18:00,StarLadder StarSeries Fall SA Closed Qualifier,Bounty Hunters vs LP,map1_moneyline,LP,3,Sharp,1.885,1,lost,-1.0,-21.157,,,,selected,2026-07-27 04:05
map1_specials_v1,2026-07-28 21:00,StarLadder StarSeries Fall SA Closed Qualifier,Imperial vs BESTIA,map1_moneyline,BESTIA,3,Sharp,2.24,1,lost,-1.0,-22.157,,,,selected,2026-07-27 04:05
map1_specials_v1,2026-07-29 01:00,,regain vs Voca,map1_moneyline,regain,3,Sharp,2.81,1,lost,-1.0,-23.157,,,,selected,2026-07-27 04:05
map1_specials_v1,2026-07-29 14:00,CCT Europe Series 6,ex-RUSTEC vs ex-Young Ninjas,map1_moneyline,ex-Young Ninjas,3,Sharp,2.41,1,won,1.41,-21.747,,,,selected,2026-07-29 06:06
map1_specials_v1,2026-07-29 15:00,StarLadder StarSeries Fall SA Closed Qualifier,ShindeN vs Galorys,map1_moneyline,Galorys,3,Sharp,2.18,1,lost,-1.0,-22.747,,,,selected,2026-07-28 05:07
map1_specials_v1,2026-07-29 17:00,TP World Championship Europe,Bebop vs Misa,map1_moneyline,Misa,3,Sharp,2.5,1,lost,-1.0,-23.747,,,,selected,2026-07-29 02:04
map1_specials_v1,2026-07-29 18:00,StarLadder StarSeries Fall SA Closed Qualifier,MIBR vs LP,map1_moneyline,LP,3,Sharp,2.95,1,won,1.95,-21.797,,,,selected,2026-07-29 03:05
map1_specials_v1,2026-07-29 22:00,StarLadder StarSeries Fall NA Closed Qualifier,NRG vs Marsborne,map1_moneyline,Marsborne,3,Sharp,2.63,1,won,1.63,-20.167,,,,selected,2026-07-29 08:04
map1_specials_v1,2026-07-30 08:00,Elisa Esports BreakOut,KUUSAMO vs SINQU,map1_moneyline,SINQU,1,Sharp,2.08,1,won,1.08,-19.087,,,,selected,2026-07-29 08:04
map1_specials_v1,2026-07-30 10:00,Elisa Esports BreakOut,ENCE vs BOJONG,map1_moneyline,BOJONG,1,Sharp,3.1,1,lost,-1.0,,,,,quarantined,2026-07-29 08:04
map1_specials_v1,2026-07-30 12:00,Elisa Esports BreakOut,KUUSAMO vs BOJONG,map1_moneyline,BOJONG,1,Sharp,2.24,1,lost,-1.0,-20.087,,,,selected,2026-07-29 08:04
map1_specials_v1,2026-07-30 14:00,Elisa Esports BreakOut,ENCE vs SINQU,map1_moneyline,SINQU,1,Sharp,3.24,1,lost,-1.0,,,,,quarantined,2026-07-29 08:04
map1_specials_v1,2026-07-30 14:00,CCT Europe Series 6,SPARTA vs NEW VISION,map1_moneyline,NEW VISION,3,Sharp,2.98,1,lost,-1.0,-21.087,,,,selected,2026-07-30 03:06
map1_specials_v1,2026-07-30 17:00,CCT Europe Series 6,Just Players vs Inner Circle Academy,map1_moneyline,Inner Circle Academy,3,Sharp,2.24,1,lost,-1.0,-22.087,,,,selected,2026-07-30 00:07
map1_specials_v1,2026-07-30 18:00,Elisa Esports BreakOut,ENCE vs KUUSAMO,map1_moneyline,KUUSAMO,1,Sharp,2.76,1,lost,-1.0,-23.087,,,,selected,2026-07-29 08:04
map1_specials_v1,2026-07-30 18:00,StarLadder StarSeries Fall SA Closed Qualifier,ShindeN vs Imperial,map1_moneyline,ShindeN,3,Sharp,2.5,1,won,1.5,-21.587,,,,selected,2026-07-30 05:06
map1_specials_v1,2026-07-30 18:15,,Young TigeRES vs Banda Chuya,map1_moneyline,Banda Chuya,3,Sharp,2.63,1,lost,-1.0,-22.587,,,,selected,2026-07-30 06:10
map1_specials_v1,2026-07-30 20:30,StarLadder StarSeries Fall SA Closed Qualifier,Galorys vs BESTIA,map1_moneyline,Galorys,3,Sharp,2.32,1,won,1.32,-21.267,,,,selected,2026-07-30 09:07
map1_specials_v1,2026-07-30 21:00,StarLadder StarSeries Fall SA Closed Qualifier,Galorys vs BESTIA,map1_moneyline,Galorys,3,Sharp,2.38,1,won,1.38,-19.887,,,,selected,2026-07-30 08:06
map1_specials_v1,2026-07-31 11:00,CCT Europe Series 5,SINNERS vs Rune Eaters,map1_moneyline,Rune Eaters,3,Sharp,2.62,1,lost,-1.0,,,,,quarantined,2026-07-31 01:05
map1_specials_v1,2026-07-31 12:00,Elisa Esports BreakOut,HAVU vs BC.Game,map1_moneyline,HAVU,1,Sharp,5.46,1,lost,-1.0,,,,,quarantined,2026-07-30 04:06
map1_specials_v1,2026-07-31 12:30,BLAST Bounty,FaZe vs The MongolZ,map1_moneyline,The MongolZ,3,Sharp,2.3,1,lost,-1.0,-20.887,,,,selected,2026-07-30 06:10
map1_specials_v1,2026-07-31 14:00,TP World Championship Europe,Lavked vs megoshort,map1_moneyline,megoshort,3,Sharp,2.63,1,won,1.63,-19.257,,,,selected,2026-07-31 01:05
map1_specials_v1,2026-07-31 15:30,CCT Europe Series Contenders,Banda Chuya vs mellren,map1_moneyline,mellren,3,Sharp,1.752,1,won,0.752,-18.505,,,,selected,2026-07-31 14:06
map1_specials_v1,2026-07-31 17:00,CCT Europe Series 6,GenOne vs Enjoy,map1_moneyline,Enjoy,3,Sharp,2.81,1,lost,-1.0,-19.505,,,,selected,2026-07-31 07:07
map1_specials_v1,2026-07-31 17:00,Elisa Esports BreakOut,HAVU vs Rounds,map1_moneyline,Rounds,1,Sharp,3.6,1,lost,-1.0,,,,,quarantined,2026-07-31 12:08
map1_specials_v1,2026-07-31 18:00,Elisa Esports BreakOut,HAVU vs Rounds,map1_moneyline,Rounds,1,Sharp,3.6,1,lost,-1.0,,,,,quarantined,2026-07-30 04:06
map1_specials_v1,2026-07-31 18:30,,Banda Chuya vs mellren,map1_moneyline,mellren,3,Sharp,1.752,1,won,0.752,-18.753,,,,selected,2026-07-31 14:06
map1_specials_v1,2026-07-31 20:30,StarLadder StarSeries Fall SA Closed Qualifier,LP vs BESTIA,map1_moneyline,LP,3,Sharp,2.12,1,lost,-1.0,-19.753,,,,selected,2026-07-31 06:07
map1_specials_v1,2026-08-01 00:30,StarLadder StarSeries Fall NA Closed Qualifier,Marsborne vs regain,map1_moneyline,regain,3,Sharp,2.88,1,lost,-1.0,-20.753,,,,selected,2026-07-31 09:07
map1_specials_v1,2026-08-01 01:00,StarLadder StarSeries Fall NA Closed Qualifier,Marsborne vs regain,map1_moneyline,regain,3,Sharp,2.88,1,lost,-1.0,-21.753,,,,selected,2026-07-31 06:07
map1_specials_v1,2026-08-01 10:30,BLAST Bounty,Spirit vs FaZe,map1_moneyline,FaZe,3,Sharp,3.27,1,lost,-1.0,-22.753,,,,selected,2026-07-31 23:06
map1_specials_v1,2026-08-01 11:00,,megoshort vs CYBERSHOKE,map1_moneyline,megoshort,3,Sharp,3.68,1,lost,-1.0,-23.753,,,,selected,2026-08-01 03:04
map1_specials_v1,2026-08-01 12:00,Elisa Esports BreakOut,SINQU vs BC.Game,map1_moneyline,SINQU,3,Sharp,5.8,1,lost,-1.0,,,,,quarantined,2026-08-01 07:06
map1_specials_v1,2026-08-01 14:00,CCT Europe Series 6,SPARTA vs Rune Eaters,map1_moneyline,Rune Eaters,3,Sharp,2.09,1,lost,-1.0,-24.753,,,,selected,2026-07-31 19:05
map1_specials_v1,2026-08-01 17:00,CCT Europe Series 6,Black Phoenix vs Just Players,map1_moneyline,Black Phoenix,3,Sharp,2.26,1,won,1.26,-23.493,,,,selected,2026-08-01 00:06
map1_specials_v1,2026-08-01 17:00,TP World Championship Europe,megoshort vs CYBERSHOKE,map1_moneyline,megoshort,3,Sharp,3.68,1,lost,-1.0,-24.493,,,,selected,2026-08-01 03:05
map1_specials_v1,2026-08-01 17:00,,ENCE vs BC.Game,map1_moneyline,ENCE,3,Sharp,4.23,1,lost,-1.0,,,,,quarantined,2026-08-01 15:07
map1_specials_v1,2026-08-01 17:15,TP World Championship Europe,megoshort vs CYBERSHOKE,map1_moneyline,megoshort,3,Sharp,3.76,1,lost,-1.0,,,,,quarantined,2026-08-01 17:06
map1_specials_v1,2026-08-01 18:00,StarLadder StarSeries Fall SA Closed Qualifier,MIBR vs ShindeN,map1_moneyline,ShindeN,3,Sharp,2.62,1,lost,-1.0,-25.493,,,,selected,2026-07-31 19:05
map1_specials_v1,2026-08-01 22:00,,NRG vs Voca,map1_moneyline,Voca,3,Sharp,2.64,1,lost,-1.0,-26.493,,,,selected,2026-08-01 03:05
map1_specials_v1,2026-08-02 10:00,,GenOne vs CYBERSHOKE,map1_moneyline,GenOne,3,Sharp,2.18,1,won,1.18,-25.313,,,,selected,2026-08-01 22:05
map1_specials_v1,2026-08-02 10:00,,SINNERS vs SPARTA,map1_moneyline,SPARTA,3,Sharp,2.25,1,won,1.25,-24.063,,,,selected,2026-08-01 22:05
map1_specials_v1,2026-08-02 10:30,BLAST Bounty,Spirit vs MOUZ,map1_moneyline,MOUZ,5,Sharp,3.0,1,won,2.0,-22.063,,,,selected,2026-08-01 21:04
map1_specials_v1,2026-08-02 13:00,ESL Challenger League Europe,MOUZ NXT vs WBT,map1_moneyline,WBT,3,Sharp,1.909,1,lost,-1.0,-23.063,,,,selected,2026-08-01 22:05
map1_specials_v1,2026-08-02 13:00,,GenOne vs CYBERSHOKE,map1_moneyline,GenOne,3,Sharp,2.18,1,won,1.18,-21.883,,,,selected,2026-08-02 02:04
map1_specials_v1,2026-08-02 13:00,,SINNERS vs SPARTA,map1_moneyline,SPARTA,3,Sharp,2.18,1,won,1.18,-20.703,,,,selected,2026-08-02 04:05
map1_specials_v1,2026-08-02 14:00,TP World Championship Europe,GenOne vs CYBERSHOKE,map1_moneyline,GenOne,3,Sharp,2.12,1,won,1.12,-19.583,,,,selected,2026-08-02 13:04
map1_specials_v1,2026-08-03 08:00,NODWIN Clutch Series,WW vs CYBERSHOKE Prospects,map1_moneyline,CYBERSHOKE Prospects,3,Sharp,2.41,1,won,1.41,-18.173,,,,selected,2026-08-03 05:04
map1_specials_v1,2026-08-03 13:00,ESL Challenger League Europe,MOUZ NXT vs Misa,map1_moneyline,MOUZ NXT,3,Sharp,2.26,1,won,1.26,-16.913,,,,selected,2026-08-03 09:05
map1_specials_v1,2026-08-03 14:00,CCT Europe Series 6,SPARTA vs ex-Young Ninjas,map1_moneyline,ex-Young Ninjas,3,Sharp,2.42,1,won,1.42,-15.493,,,,selected,2026-08-03 09:05
map1_specials_v1,2026-08-03 17:00,BB Storm,Keyd Stars vs BORRACHEIROS,map1_moneyline,BORRACHEIROS,3,Sharp,2.87,1,won,1.87,,,,,quarantined,2026-07-31 17:05
map1_specials_v1,2026-08-03 23:00,BB Storm,Grêmio vs paiN Academy,map1_moneyline,Grêmio,3,Sharp,1.943,1,won,0.943,-14.55,,,,selected,2026-07-31 23:06
map1_specials_v1,2026-08-04 08:00,NODWIN Clutch Series,Nuclear TigeRES vs Just Players,map1_moneyline,Just Players,3,Sharp,2.75,1,lost,-1.0,-15.55,,,,selected,2026-08-04 04:04
map1_specials_v1,2026-08-04 11:00,,ex-RUSTEC vs NEW VISION,map1_moneyline,NEW VISION,3,Sharp,2.84,1,won,1.84,-13.71,,,,selected,2026-08-04 05:06
map1_specials_v1,2026-08-04 14:00,NODWIN Clutch Series,Nemiga vs GenOne,map1_moneyline,GenOne,3,Sharp,2.09,1,won,1.09,-12.62,,,,selected,2026-08-03 16:04
map1_specials_v1,2026-08-04 14:00,,Just Players vs Enjoy,map1_moneyline,Enjoy,3,Sharp,2.3,1,lost,-1.0,-13.62,,,,selected,2026-08-04 03:06
map1_specials_v1,2026-08-04 14:00,Pulse Beat,Liquid vs 9INE,map1_moneyline,9INE,3,Sharp,2.67,1,lost,-1.0,-14.62,,,,selected,2026-08-04 04:04
map1_specials_v1,2026-08-04 17:00,,fnatic vs EAC,map1_moneyline,EAC,3,Sharp,2.69,1,lost,-1.0,-15.62,,,,selected,2026-08-04 04:04
map1_specials_v1,2026-08-04 23:00,BB Storm,BESTIA vs METANOIA Wolves,map1_moneyline,METANOIA Wolves,3,Sharp,3.74,1,lost,-1.0,-16.62,,,,selected,2026-08-04 04:04
map1_specials_v1,2026-08-05 08:00,NODWIN Clutch Series,CYBERSHOKE Prospects vs Nuclear TigeRES,map1_moneyline,CYBERSHOKE Prospects,3,Sharp,2.6,1,lost,-1.0,,,,,quarantined,2026-08-05 04:05
map1_specials_v1,2026-08-05 13:00,Pulse Beat,Liquid vs fnatic,map1_moneyline,fnatic,3,Sharp,2.3,1,lost,-1.0,-17.62,,,,selected,2026-08-05 04:05
map1_specials_v1,2026-08-05 14:00,NODWIN Clutch Series,CYBERSHOKE Prospects vs Nuclear TigeRES,map1_moneyline,CYBERSHOKE Prospects,3,Sharp,2.6,1,lost,-1.0,,,,,quarantined,2026-08-05 04:05
map1_specials_v1,2026-08-05 20:00,,Imperial vs ALKA,map1_moneyline,ALKA,3,Sharp,3.34,1,lost,-1.0,-18.62,,,,selected,2026-08-05 04:05
map1_specials_v1,2026-08-05 23:00,,BESTIA vs Grêmio,map1_moneyline,Grêmio,3,Sharp,3.84,1,lost,-1.0,-19.62,,,,selected,2026-08-05 04:05
map1_specials_v1,2026-08-06 08:00,CCT Europe Series 6,Lavked vs Black Phoenix,map1_moneyline,Black Phoenix,3,Sharp,1.699,1,won,0.699,-18.921,,,,selected,2026-08-05 22:05
map1_specials_v1,2026-08-06 14:00,BB Storm,paiN Academy vs MEIA NOITE,map1_moneyline,paiN Academy,3,Sharp,2.74,1,won,1.74,-17.181,,,,selected,2026-08-05 23:05
map1_specials_v1,2026-08-06 17:00,CCT Europe Series 6,WW vs ex-RUSTEC,map1_moneyline,ex-RUSTEC,3,Sharp,2.09,1,won,1.09,-16.091,,,,selected,2026-08-05 22:05
map1_specials_v1,2026-08-06 17:00,BB Storm,Yawara vs Isurus,map1_moneyline,Isurus,3,Sharp,1.794,1,won,0.794,-15.297,,,,selected,2026-08-06 11:05
map1_specials_v1,2026-08-06 20:00,BB Storm,METANOIA Wolves vs Procyon,map1_moneyline,Procyon,3,Sharp,1.833,1,won,0.833,-14.464,,,,selected,2026-08-06 10:06
map1_specials_v1,2026-08-06 23:00,BB Storm,Galorys vs BORRACHEIROS,map1_moneyline,BORRACHEIROS,3,Sharp,2.77,1,lost,-1.0,-15.464,,,,selected,2026-08-05 23:05
map1_specials_v1,2026-08-07 09:00,,SAW vs EAC,map1_moneyline,EAC,3,Sharp,2.38,1,lost,-1.0,,,,,quarantined,2026-08-06 23:06
map1_specials_v1,2026-08-07 11:00,CCT Europe Series 6,GenOne vs CYBERSHOKE,map1_moneyline,GenOne,3,Sharp,1.952,1,lost,-1.0,-16.464,,,,selected,2026-08-07 07:09
map1_specials_v1,2026-08-07 16:00,Esports World Cup Last Chance Qualifier,Virtus.pro vs Sangal,map1_moneyline,Sangal,3,Sharp,2.38,1,lost,-1.0,-17.464,,,,selected,2026-08-07 08:08
map1_specials_v1,2026-08-07 16:00,Esports World Cup Last Chance Qualifier,Prestige vs Metizport,map1_moneyline,Prestige,3,Sharp,2.98,1,lost,-1.0,-18.464,,,,selected,2026-08-07 08:08
map1_specials_v1,2026-08-07 17:00,BB Storm,Grêmio vs Keyd Stars,map1_moneyline,Grêmio,3,Sharp,2.8,1,lost,-1.0,-19.464,,,,selected,2026-08-07 05:07
map1_specials_v1,2026-08-07 17:00,CCT Europe Series 6,GenOne vs CYBERSHOKE,map1_moneyline,GenOne,3,Sharp,1.952,1,lost,-1.0,-20.464,,,,selected,2026-08-07 07:09
map1_specials_v1,2026-08-07 20:00,BB Storm,BESTIA vs Yawara,map1_moneyline,Yawara,3,Sharp,3.02,1,won,2.02,-18.444,,,,selected,2026-08-07 05:07
map1_specials_v1,2026-08-07 23:00,BB Storm,Imperial vs Galorys,map1_moneyline,Galorys,3,Sharp,2.53,1,won,1.53,-16.914,,,,selected,2026-08-07 05:07
map1_specials_v1,2026-08-08 09:00,Esports World Cup Last Chance Qualifier,Echo vs OG,map1_moneyline,Echo,3,Sharp,1.917,1,won,0.917,-15.997,,,,selected,2026-08-08 04:06
map1_specials_v1,2026-08-08 09:00,Esports World Cup Last Chance Qualifier,Liquid vs Metizport,map1_moneyline,Metizport,3,Sharp,2.97,1,lost,-1.0,-16.997,,,,selected,2026-08-08 04:06
map1_specials_v1,2026-08-08 10:00,,Black Phoenix vs CYBERSHOKE,map1_moneyline,Black Phoenix,3,Sharp,2.3,1,won,1.3,-15.697,,,,selected,2026-08-08 07:13
map1_specials_v1,2026-08-08 13:00,CCT Europe Series 6,Black Phoenix vs CYBERSHOKE,map1_moneyline,Black Phoenix,3,Sharp,2.3,1,won,1.3,-14.397,,,,selected,2026-08-08 07:13
map1_specials_v1,2026-08-08 15:00,BB Storm,Procyon vs ODDIK Academy,map1_moneyline,ODDIK Academy,3,Sharp,1.962,1,lost,-1.0,-15.397,,,,selected,2026-08-08 03:05
map1_specials_v1,2026-08-08 20:00,BB Storm,ALKA vs paiN Academy,map1_moneyline,paiN Academy,3,Sharp,2.5,1,lost,-1.0,-16.397,,,,selected,2026-08-08 07:13
map1_specials_v1,2026-08-09 09:00,,Echo vs GenOne,map1_moneyline,Echo,3,Sharp,1.826,1,lost,-1.0,-17.397,,,,selected,2026-08-08 23:06
map1_specials_v1,2026-08-09 09:00,Esports World Cup Qualifier,1win vs Liquid,map1_moneyline,Liquid,3,Sharp,1.629,1,lost,-1.0,-18.397,,,,selected,2026-08-08 23:06
map1_specials_v1,2026-08-09 09:00,Esports World Cup Qualifier,HEROIC vs ASTRAL,map1_moneyline,ASTRAL,3,Sharp,3.79,1,lost,-1.0,-19.397,,,,selected,2026-08-08 23:06
map1_specials_v1,2026-08-09 09:00,Esports World Cup Qualifier,BC.Game vs OG,map1_moneyline,OG,3,Sharp,2.39,1,lost,-1.0,-20.397,,,,selected,2026-08-08 23:06
map1_specials_v1,2026-08-09 09:00,Esports World Cup Qualifier,SINNERS vs EYEBALLERS,map1_moneyline,EYEBALLERS,3,Sharp,2.07,1,lost,-1.0,-21.397,,,,selected,2026-08-09 00:05
map1_specials_v1,2026-08-10 20:00,BB Storm,paiN Academy vs Keyd Stars,map1_moneyline,paiN Academy,3,Sharp,2.77,1,lost,-1.0,-22.397,,,,selected,2026-08-10 09:05
map1_specials_v1,2026-08-10 23:00,BB Storm,Isurus vs Grêmio,map1_moneyline,Grêmio,3,Sharp,3.28,1,lost,-1.0,-23.397,,,,selected,2026-08-10 15:05
map1_specials_v1,2026-08-12 11:00,Esports World Cup,BIG vs Aurora,map1_moneyline,BIG,1,Sharp,2.51,1,won,1.51,-21.887,,,,selected,2026-08-11 10:05
map1_specials_v1,2026-08-12 12:00,Esports World Cup,G2 vs M80,map1_moneyline,M80,1,Sharp,3.15,1,lost,-1.0,,,,,quarantined,2026-08-11 13:05
map1_specials_v1,2026-08-12 13:20,Esports World Cup,G2 vs M80,map1_moneyline,M80,1,Sharp,3.25,1,lost,-1.0,,,,,quarantined,2026-08-11 08:06
map1_specials_v1,2026-08-12 13:20,,MIBR vs Astralis,map1_moneyline,MIBR,1,Sharp,2.09,1,lost,-1.0,-22.887,,,,selected,2026-08-11 08:06
map1_specials_v1,2026-08-12 15:00,Esports World Cup,PARIVISION vs B8,map1_moneyline,B8,1,Sharp,2.2,1,won,1.2,-21.687,,,,selected,2026-08-11 13:05
map1_specials_v1,2026-08-12 15:40,Esports World Cup,PARIVISION vs B8,map1_moneyline,B8,1,Sharp,2.17,1,won,1.17,-20.517,,,,selected,2026-08-11 08:06
map1_specials_v1,2026-08-12 15:40,,Vitality vs 100 Thieves,map1_moneyline,100 Thieves,1,Sharp,4.75,1,lost,-1.0,,,,,quarantined,2026-08-11 08:06
map1_specials_v1,2026-08-12 16:15,Esports World Cup,MIBR vs Astralis,map1_moneyline,MIBR,1,Sharp,2.09,1,lost,-1.0,-21.517,,,,selected,2026-08-12 16:05
map1_specials_v1,2026-08-12 16:30,Esports World Cup,Natus Vincere vs 3DMAX,map1_moneyline,3DMAX,1,Sharp,4.31,1,lost,-1.0,-22.517,,,,selected,2026-08-11 13:05
map1_specials_v1,2026-08-12 16:30,Esports World Cup,MIBR vs Astralis,map1_moneyline,MIBR,1,Sharp,2.21,1,lost,-1.0,-23.517,,,,selected,2026-08-11 13:05
map1_specials_v1,2026-08-12 16:50,,Lynn Vision vs MOUZ,map1_moneyline,Lynn Vision,1,Sharp,4.91,1,lost,-1.0,-24.517,,,,selected,2026-08-11 08:06
map1_specials_v1,2026-08-12 16:50,Esports World Cup,Natus Vincere vs 3DMAX,map1_moneyline,3DMAX,1,Sharp,4.91,1,lost,-1.0,-25.517,,,,selected,2026-08-11 08:06
map1_specials_v1,2026-08-12 16:50,Esports World Cup,MIBR vs Astralis,map1_moneyline,MIBR,1,Sharp,2.09,1,lost,-1.0,-26.517,,,,selected,2026-08-11 08:06
map1_specials_v1,2026-08-12 18:00,Esports World Cup,Wildcard vs FURIA,map1_moneyline,Wildcard,1,Sharp,5.22,1,lost,-1.0,-27.517,,,,selected,2026-08-11 08:06
map1_specials_v1,2026-08-12 18:00,Esports World Cup,Vitality vs 100 Thieves,map1_moneyline,100 Thieves,1,Sharp,4.75,1,lost,-1.0,,,,,quarantined,2026-08-11 08:06
map1_specials_v1,2026-08-12 18:20,Esports World Cup,Vitality vs 100 Thieves,map1_moneyline,100 Thieves,1,Sharp,3.57,1,lost,-1.0,-28.517,,,,selected,2026-08-12 18:05
map1_specials_v1,2026-08-12 19:10,Esports World Cup,Lynn Vision vs MOUZ,map1_moneyline,Lynn Vision,1,Sharp,4.91,1,lost,-1.0,-29.517,,,,selected,2026-08-11 08:06
map1_specials_v1,2026-08-12 19:30,Esports World Cup,Lynn Vision vs MOUZ,map1_moneyline,Lynn Vision,1,Sharp,4.87,1,lost,-1.0,-30.517,,,,selected,2026-08-11 13:05
map1_specials_v1,2026-08-13 08:00,NODWIN Clutch Series Closed Qualifier,Just Players vs MOUZ NXT,map1_moneyline,MOUZ NXT,3,Sharp,2.8,1,won,1.8,-28.717,,,,selected,2026-08-13 01:05
map1_specials_v1,2026-08-13 11:00,Esports World Cup,G2 vs BIG,map1_moneyline,BIG,3,Sharp,2.2,1,lost,-1.0,-29.717,,,,selected,2026-08-12 22:05
map1_specials_v1,2026-08-13 11:00,Esports World Cup,Spirit vs Luminosity,map1_moneyline,Luminosity,3,Sharp,3.77,1,lost,-1.0,-30.717,,,,selected,2026-08-13 02:05
map1_specials_v1,2026-08-13 14:00,Esports World Cup,Spirit vs Luminosity,map1_moneyline,Luminosity,3,Sharp,3.76,1,lost,-1.0,-31.717,,,,selected,2026-08-12 22:05
map1_specials_v1,2026-08-13 14:00,Esports World Cup,G2 vs BIG,map1_moneyline,BIG,3,Sharp,2.16,1,lost,-1.0,-32.717,,,,selected,2026-08-13 00:05
map1_specials_v1,2026-08-13 14:00,CCT Europe Series Closed Qualifier,Bushido Wildcats vs ex-RUSTEC,map1_moneyline,Bushido Wildcats,3,Sharp,2.04,1,won,1.04,-31.677,,,,selected,2026-08-13 08:06
map1_specials_v1,2026-08-13 20:00,BB Storm,Yawara vs Keyd Stars,map1_moneyline,Yawara,3,Sharp,1.909,1,lost,-1.0,-32.677,,,,selected,2026-08-11 19:05
map1_specials_v1,2026-08-13 20:00,,Imperial vs Isurus,map1_moneyline,Isurus,3,Sharp,2.5,1,lost,-1.0,-33.677,,,,selected,2026-08-11 21:06
map1_specials_v1,2026-08-13 23:00,BB Storm,Imperial vs Isurus,map1_moneyline,Isurus,3,Sharp,2.5,1,lost,-1.0,-34.677,,,,selected,2026-08-11 21:06
map1_specials_v1,2026-08-13 23:45,,Pugdesonesto vs ALKA,map1_moneyline,Pugdesonesto,3,Sharp,2.96,1,lost,-1.0,-35.677,,,,selected,2026-08-13 01:05
map1_specials_v1,2026-08-13 23:45,CCT South America Challengers,METANOIA Wolves vs paiN Academy,map1_moneyline,METANOIA Wolves,3,Sharp,2.38,1,lost,-1.0,-36.677,,,,selected,2026-08-13 13:06
map1_specials_v1,2026-08-14 08:00,CCT Europe Series Closed Qualifier,Enjoy vs Misa,map1_moneyline,Misa,3,Sharp,2.33,1,lost,-1.0,-37.677,,,,selected,2026-08-13 23:07
map1_specials_v1,2026-08-14 13:00,ESL Challenger League Europe,BAKS vs Fire Flux,map1_moneyline,Fire Flux,3,Sharp,2.43,1,lost,-1.0,-38.677,,,,selected,2026-08-14 07:08
map1_specials_v1,2026-08-14 13:00,ESL Challenger League Europe,Lavked vs SINQU,map1_moneyline,SINQU,3,Sharp,3.37,1,lost,-1.0,,,,,quarantined,2026-08-14 07:08
map1_specials_v1,2026-08-14 13:30,Esports World Cup,FUT vs MOUZ,map1_moneyline,MOUZ,3,Sharp,1.746,1,lost,-1.0,-39.677,,,,selected,2026-08-14 13:06
map1_specials_v1,2026-08-14 13:55,Esports World Cup,FUT vs MOUZ,map1_moneyline,MOUZ,3,Sharp,1.714,1,lost,-1.0,-40.677,,,,selected,2026-08-13 20:05
map1_specials_v1,2026-08-14 17:00,NODWIN Clutch Series Closed Qualifier,Just Players vs ENCE,map1_moneyline,ENCE,3,Sharp,2.32,1,won,1.32,-39.357,,,,selected,2026-08-14 07:08
map1_specials_v1,2026-08-14 20:00,BB Storm,Galorys vs BORRACHEIROS,map1_moneyline,BORRACHEIROS,3,Sharp,2.7,1,lost,-1.0,-40.357,,,,selected,2026-08-11 20:05
map1_specials_v1,2026-08-14 23:00,BB Storm,BESTIA vs ALKA,map1_moneyline,ALKA,3,Sharp,2.68,1,won,1.68,-38.677,,,,selected,2026-08-11 23:06
map1_specials_v1,2026-08-14 23:45,CCT South America Challengers,METANOIA Wolves vs MEIA NOITE,map1_moneyline,METANOIA Wolves,3,Sharp,2.62,1,won,1.62,-37.057,,,,selected,2026-08-14 15:07
map1_specials_v1,2026-08-15 13:00,ESL Challenger League Europe,Fire Flux vs OG,map1_moneyline,Fire Flux,3,Sharp,3.35,1,lost,-1.0,,4.35,specials_hourly,specials_hourly,quarantined,2026-08-15 06:06
map1_specials_v1,2026-08-15 13:45,,ex-Sashi Academy vs SAW Youngsters,map1_moneyline,ex-Sashi Academy,3,Sharp,1.99,1,lost,-1.0,-38.057,-4.36,specials_hourly,specials_hourly,selected,2026-08-15 00:06
map1_specials_v1,2026-08-15 16:50,Esports World Cup,BIG vs Spirit,map1_moneyline,BIG,3,Sharp,3.45,1,won,2.45,-35.607,2.89,specials_hourly,specials_hourly,selected,2026-08-15 00:06
map1_specials_v1,2026-08-15 17:50,Esports World Cup,BIG vs Spirit,map1_moneyline,BIG,3,Sharp,3.57,1,won,2.57,-33.037,,,,selected,2026-08-15 17:05
map1_specials_v1,2026-08-15 21:00,CCT South America Challengers,paiN Academy vs ALKA,map1_moneyline,paiN Academy,3,Sharp,2.84,1,lost,-1.0,-34.037,1.99,specials_hourly,specials_hourly,selected,2026-08-15 17:05
map1_specials_v1,2026-08-16 08:00,NODWIN Clutch Series Closed Qualifier,Nexus vs Bushido Wildcats,map1_moneyline,Bushido Wildcats,3,Sharp,1.971,1,won,0.971,-33.066,0.3,specials_hourly,specials_hourly,selected,2026-08-15 19:05
map1_specials_v1,2026-08-16 11:00,,ENCE vs WBT,map1_moneyline,WBT,3,Sharp,2.2,1,won,1.2,-31.866,7.91,specials_hourly,specials_hourly,selected,2026-08-15 18:05
map1_specials_v1,2026-08-16 11:00,Esports World Cup,Vitality vs Lynn Vision,map1_moneyline,Lynn Vision,3,Sharp,5.25,1,lost,-1.0,-32.866,-1.32,specials_hourly,specials_hourly,selected,2026-08-15 22:06
map1_specials_v1,2026-08-16 11:00,CCT Europe Series Closed Qualifier,BERG vs HAVU,map1_moneyline,BERG,3,Sharp,2.11,1,lost,-1.0,-33.866,1.75,specials_hourly,specials_hourly,selected,2026-08-15 23:05
map1_specials_v1,2026-08-16 11:00,NODWIN Clutch Series Closed Qualifier,ex-RUSTEC vs Inner Circle Academy,map1_moneyline,Inner Circle Academy,3,Sharp,2.4,1,won,1.4,-32.466,2.85,specials_hourly,specials_hourly,selected,2026-08-16 00:05
map1_specials_v1,2026-08-16 11:00,CCT Europe Challengers,Bushido Wildcats vs Fortress,map1_moneyline,Fortress,3,Sharp,4.54,1,lost,-1.0,-33.466,3.45,specials_hourly,specials_hourly,selected,2026-08-16 00:05
map1_specials_v1,2026-08-16 14:00,Esports World Cup,Vitality vs Lynn Vision,map1_moneyline,Lynn Vision,3,Sharp,5.25,1,lost,-1.0,-34.466,1.01,specials_hourly,specials_hourly,selected,2026-08-15 22:06
map1_specials_v1,2026-08-16 17:00,,Keyd Stars vs Imperial,map1_moneyline,Keyd Stars,3,Sharp,3.0,1,lost,-1.0,-35.466,2.71,specials_hourly,specials_hourly,selected,2026-08-16 07:06
map1_specials_v1,2026-08-16 17:00,Esports World Cup,The MongolZ vs paiN,map1_moneyline,The MongolZ,3,Sharp,1.893,1,won,0.893,-34.573,,,,selected,2026-08-16 11:05
map1_specials_v1,2026-08-16 23:00,,Keyd Stars vs Imperial,map1_moneyline,Keyd Stars,3,Sharp,2.79,1,lost,-1.0,-35.573,0.05,specials_hourly,specials_hourly,selected,2026-08-16 02:05
map1_specials_v1,2026-08-17 11:00,CCT Europe Challengers,ENCE vs BERG,map1_moneyline,BERG,3,Sharp,2.63,1,lost,-1.0,-36.573,-3.07,specials_hourly,specials_hourly,selected,2026-08-17 00:05
map1_specials_v1,2026-08-17 11:00,,Inner Circle Academy vs ex-Zero Tenacity,map1_moneyline,Inner Circle Academy,3,Sharp,2.22,1,won,1.22,-35.353,-2.64,specials_hourly,specials_hourly,selected,2026-08-17 05:05
map1_specials_v1,2026-08-17 13:45,CCT Europe Challengers,LPH vs SAW Youngsters,map1_moneyline,LPH,3,Sharp,2.09,1,won,1.09,-34.263,3.9,specials_hourly,specials_hourly,selected,2026-08-16 23:05
map1_specials_v1,2026-08-17 14:00,,Bushido Wildcats vs Inner Circle Academy,map1_moneyline,Bushido Wildcats,3,Sharp,1.758,1,won,0.758,-33.505,8.04,specials_hourly,specials_hourly,selected,2026-08-16 20:04
map1_specials_v1,2026-08-18 08:00,CCT Europe Series,PCIFIC vs Just Players,map1_moneyline,PCIFIC,3,Sharp,2.44,1,lost,-1.0,-34.505,-0.84,specials_hourly,specials_hourly,selected,2026-08-18 04:06
map1_specials_v1,2026-08-18 11:00,CCT Europe Series,MASONIC vs Bebop,map1_moneyline,MASONIC,3,Sharp,2.13,1,won,1.13,-33.375,-3.75,specials_hourly,specials_hourly,selected,2026-08-18 04:06
map1_specials_v1,2026-08-18 13:00,ESL Challenger League Europe,Metizport vs DONSTU,map1_moneyline,DONSTU,3,Sharp,3.72,1,lost,-1.0,-34.375,1.07,specials_hourly,specials_hourly,selected,2026-08-18 03:06
map1_specials_v1,2026-08-18 13:00,,Omega vs Fire Flux,map1_moneyline,Omega,3,Sharp,1.685,1,lost,-1.0,-35.375,-1.55,specials_hourly,specials_hourly,selected,2026-08-18 03:06
map1_specials_v1,2026-08-18 13:00,,EAC vs Fortress,map1_moneyline,Fortress,3,Sharp,5.06,1,lost,-1.0,-36.375,0.9,specials_hourly,specials_hourly,selected,2026-08-18 03:06
map1_specials_v1,2026-08-18 13:00,ESL Challenger League Europe,SPARTA vs MOUZ NXT,map1_moneyline,MOUZ NXT,3,Sharp,2.99,1,won,1.99,-34.385,,,,selected,2026-08-18 12:07
map1_specials_v1,2026-08-18 17:00,CCT Europe Series,Lavked vs HAVU,map1_moneyline,HAVU,3,Sharp,2.26,1,won,1.26,-33.125,-1.05,specials_hourly,specials_hourly,selected,2026-08-18 13:06
map1_specials_v1,2026-08-18 17:20,CCT Europe Series,Lavked vs HAVU,map1_moneyline,HAVU,3,Sharp,2.3,1,won,1.3,-31.825,,,,selected,2026-08-18 17:06
map1_specials_v1,2026-08-19 13:00,,SPARTA vs MOUZ NXT,map1_moneyline,MOUZ NXT,3,Sharp,3.0,1,lost,-1.0,-32.825,0.6,specials_hourly,specials_hourly,selected,2026-08-18 22:07
map1_specials_v1,2026-08-19 14:00,Esports World Cup,FUT vs Magic,map1_moneyline,Magic,3,Sharp,2.28,1,won,1.28,-31.545,2.05,specials_hourly,specials_hourly,selected,2026-08-17 10:06
map1_specials_v1,2026-08-19 14:00,CCT Europe Series,Black Phoenix vs Bushido Wildcats,map1_moneyline,Bushido Wildcats,3,Sharp,2.0,1,lost,-1.0,-32.545,-0.54,specials_hourly,specials_hourly,selected,2026-08-18 15:06
map1_specials_v1,2026-08-19 17:00,Esports World Cup,GamerLegion vs MOUZ,map1_moneyline,GamerLegion,3,Sharp,3.18,1,lost,-1.0,-33.545,-3.19,specials_hourly,specials_hourly,selected,2026-08-17 10:06
map1_specials_v1,2026-08-19 17:00,,FUT vs Magic,map1_moneyline,Magic,3,Sharp,2.28,1,won,1.28,-32.265,1.4,specials_hourly,specials_hourly,selected,2026-08-17 10:06
map1_specials_v1,2026-08-19 17:30,Esports World Cup,GamerLegion vs MOUZ,map1_moneyline,GamerLegion,3,Sharp,3.52,1,lost,-1.0,-33.265,,,,selected,2026-08-19 17:06
map1_specials_v1,2026-08-20 13:00,,SPARTA vs OG,map1_moneyline,SPARTA,3,Sharp,2.17,1,lost,-1.0,-34.265,1.21,specials_hourly,specials_hourly,selected,2026-08-20 01:09
map1_specials_v1,2026-08-20 13:00,ESL Challenger League Europe,Metizport vs Color,map1_moneyline,Metizport,3,Sharp,1.847,1,won,0.847,-33.418,-0.68,specials_hourly,specials_hourly,selected,2026-08-20 04:10
map1_specials_v1,2026-08-20 13:25,Esports World Cup,FaZe vs Vitality,map1_moneyline,FaZe,3,Sharp,3.51,1,lost,-1.0,-34.418,,,,selected,2026-08-20 13:06
map1_specials_v1,2026-08-20 13:45,,mellren vs Bushido Wildcats,map1_moneyline,mellren,3,Sharp,2.39,1,won,1.39,-33.028,-3.6,specials_hourly,specials_hourly,selected,2026-08-19 23:09
map1_specials_v1,2026-08-20 13:45,CCT Europe Challengers,LPH vs WBT,map1_moneyline,LPH,3,Sharp,2.37,1,lost,-1.0,-34.028,0.28,specials_hourly,specials_hourly,selected,2026-08-20 06:07
map1_specials_v1,2026-08-20 14:00,Esports World Cup,FaZe vs Vitality,map1_moneyline,FaZe,3,Sharp,3.22,1,lost,-1.0,-35.028,-2.52,specials_hourly,specials_hourly,selected,2026-08-17 14:05
map1_specials_v1,2026-08-20 14:00,Esports World Cup,B8 vs Spirit,map1_moneyline,B8,3,Sharp,3.77,1,lost,-1.0,-36.028,-2.07,specials_hourly,specials_hourly,selected,2026-08-17 14:05
map1_specials_v1,2026-08-20 14:00,,PCIFIC vs Drip Too Hard,map1_moneyline,PCIFIC,3,Sharp,2.22,1,won,1.22,-34.808,-2.22,specials_hourly,specials_hourly,selected,2026-08-19 23:10
map1_specials_v1,2026-08-20 16:10,Esports World Cup,G2 vs FURIA,map1_moneyline,FURIA,3,Sharp,1.901,1,won,0.901,-33.907,,,,selected,2026-08-20 16:06
map1_specials_v1,2026-08-20 17:00,,G2 vs FURIA,map1_moneyline,FURIA,3,Sharp,1.855,1,won,0.855,-33.052,-1.37,specials_hourly,specials_hourly,selected,2026-08-19 23:10
map1_specials_v1,2026-08-20 18:15,CCT Europe Series Contenders,FORZE Reload vs Younglings,map1_moneyline,Younglings,3,Sharp,2.63,1,lost,-1.0,-34.052,-5.68,specials_hourly,specials_hourly,selected,2026-08-20 05:10
map1_specials_v1,2026-08-21 11:00,,FUT vs MOUZ,map1_moneyline,MOUZ,3,Sharp,1.8,1,lost,-1.0,-35.052,7.1,specials_hourly,specials_hourly,selected,2026-08-19 23:10
map1_specials_v1,2026-08-21 11:00,CCT Europe Series 7,GenOne vs HAVU,map1_moneyline,HAVU,3,Sharp,3.32,1,won,2.32,-32.732,2.02,specials_hourly,specials_hourly,selected,2026-08-21 04:05
map1_specials_v1,2026-08-21 11:00,NODWIN Clutch Series,Color vs Inner Circle Academy,map1_moneyline,Inner Circle Academy,3,Sharp,2.83,1,lost,-1.0,,0.0,specials_hourly,specials_hourly,quarantined,2026-08-21 08:06
map1_specials_v1,2026-08-21 14:00,,MASONIC vs ex-Zero Tenacity,map1_moneyline,MASONIC,3,Sharp,2.26,1,lost,-1.0,-33.732,-7.53,specials_hourly,specials_hourly,selected,2026-08-21 04:05
map1_specials_v1,2026-08-21 14:00,Esports World Cup,Legacy vs Falcons,map1_moneyline,Falcons,3,Sharp,1.562,1,lost,-1.0,-34.732,2.47,specials_hourly,specials_hourly,selected,2026-08-21 05:06
map1_specials_v1,2026-08-21 14:15,CCT Europe Series 7,MASONIC vs ex-Zero Tenacity,map1_moneyline,MASONIC,3,Sharp,2.66,1,lost,-1.0,,,,,quarantined,2026-08-21 14:05
map1_specials_v1,2026-08-21 17:00,Esports World Cup,Vitality vs Spirit,map1_moneyline,Spirit,3,Sharp,2.22,1,won,1.22,-33.512,2.79,specials_hourly,specials_hourly,selected,2026-08-20 23:10
map1_specials_v1,2026-08-22 11:00,CCT Europe Series 7,Lavked vs Bushido Wildcats,map1_moneyline,Bushido Wildcats,3,Sharp,1.654,1,won,0.654,-32.858,-2.02,specials_hourly,specials_hourly,selected,2026-08-22 05:06
map1_specials_v1,2026-08-22 11:00,CCT Europe Challengers,WBT vs mellren,map1_moneyline,mellren,3,Sharp,2.27,1,won,1.27,-31.588,,,,selected,2026-08-22 10:06
map1_specials_v1,2026-08-22 14:00,Esports World Cup,FURIA vs FUT,map1_moneyline,FURIA,3,Sharp,1.714,1,lost,-1.0,-32.588,-1.81,specials_hourly,specials_hourly,selected,2026-08-22 03:06
map1_specials_v1,2026-08-23 08:00,NODWIN Clutch Series,Color vs SPARTA,map1_moneyline,SPARTA,3,Sharp,2.05,1,won,1.05,-31.538,2.66,specials_hourly,specials_hourly,selected,2026-08-22 20:05
map1_specials_v1,2026-08-23 11:00,CCT Europe Series 7,Drip Too Hard vs MASONIC,map1_moneyline,MASONIC,3,Sharp,2.25,1,lost,-1.0,-32.538,0.42,specials_hourly,specials_hourly,selected,2026-08-23 09:10
map1_specials_v1,2026-08-23 11:30,Esports World Cup,FUT vs Spirit,map1_moneyline,Spirit,5,Sharp,1.562,1,lost,-1.0,-33.538,,,,selected,2026-08-23 11:06
map1_specials_v1,2026-08-24 14:00,CCT Europe Series 7,PCIFIC vs Bushido Wildcats,map1_moneyline,PCIFIC,3,Sharp,2.47,1,won,1.47,-32.068,-0.62,specials_hourly,specials_hourly,selected,2026-08-24 06:23
map1_specials_v1,2026-08-24 16:00,IEM Beijing Global Open Qualifier,BAKS vs Color,map1_moneyline,BAKS,1,Sharp,2.26,1,lost,-1.0,-33.068,4.45,specials_hourly,specials_hourly,selected,2026-08-24 06:23
map1_specials_v1,2026-08-24 16:00,IEM Beijing Global Open Qualifier,QUAZAR vs Nemiga,map1_moneyline,QUAZAR,1,Sharp,3.15,1,lost,-1.0,-34.068,3.3,specials_hourly,specials_hourly,selected,2026-08-24 06:23
map1_specials_v1,2026-08-24 16:00,IEM Beijing Global Open Qualifier,Nuclear TigeRES vs Spirit Academy,map1_moneyline,Spirit Academy,1,Sharp,3.06,1,lost,-1.0,-35.068,-1.92,specials_hourly,specials_hourly,selected,2026-08-24 06:23
map1_specials_v1,2026-08-24 16:00,,Echo vs CYBERSHOKE,map1_moneyline,Echo,1,Sharp,2.17,1,lost,-1.0,-36.068,1.81,specials_hourly,specials_hourly,selected,2026-08-24 06:23
map1_specials_v1,2026-08-24 16:00,,Insiders vs EAC,map1_moneyline,Insiders,1,Sharp,3.27,1,lost,-1.0,-37.068,,,,selected,2026-08-24 15:08
map1_specials_v1,2026-08-24 17:00,NODWIN Clutch Series 11,CYBERSHOKE Prospects vs ex-Zero Tenacity,map1_moneyline,CYBERSHOKE Prospects,3,Sharp,2.01,1,lost,-1.0,-38.068,-1.02,specials_hourly,specials_hourly,selected,2026-08-24 06:23
map1_specials_v1,2026-08-24 17:00,CCT Europe Series 7,Black Phoenix vs HAVU,map1_moneyline,HAVU,3,Sharp,2.4,1,lost,-1.0,-39.068,2.66,specials_hourly,specials_hourly,selected,2026-08-24 06:23
map1_specials_v1,2026-08-25 17:00,CCT Europe Series 7,Drip Too Hard vs Just Players,map1_moneyline,Drip Too Hard,3,Sharp,2.31,1,won,1.31,-37.758,3.2,specials_hourly,specials_hourly,selected,2026-08-25 15:08
map1_specials_v1,2026-08-25 21:00,ESL Challenger League South America,BORRACHEIROS vs Galorys,map1_moneyline,BORRACHEIROS,3,Sharp,2.82,1,lost,-1.0,-38.758,-5.03,specials_hourly,specials_hourly,selected,2026-08-24 22:06
map1_specials_v1,2026-08-25 21:00,ESL Challenger League South America,Bounty Hunters vs MEIA NOITE,map1_moneyline,MEIA NOITE,3,Sharp,2.62,1,lost,-1.0,-39.758,-4.49,specials_hourly,specials_hourly,selected,2026-08-24 22:06
map1_specials_v1,2026-08-25 21:00,ESL Challenger League South America,ShindeN vs ALKA,map1_moneyline,ALKA,3,Sharp,2.5,1,lost,-1.0,-40.758,-5.36,specials_hourly,specials_hourly,selected,2026-08-24 22:06
map1_specials_v1,2026-08-25 21:00,ESL Challenger League South America,Yawara vs Keyd Stars,map1_moneyline,Yawara,3,Sharp,2.17,1,won,1.17,-39.588,-1.11,specials_hourly,specials_hourly,selected,2026-08-25 16:08
map1_specials_v1,2026-08-25 22:00,CCT South America,ALKA vs Pugdesonesto,map1_moneyline,Pugdesonesto,3,Sharp,3.15,1,won,2.15,-37.438,-3.88,specials_hourly,specials_hourly,selected,2026-08-25 01:06
map1_specials_v1,2026-08-26 09:00,BLAST Open,Aurora vs G2,map1_moneyline,Aurora,3,Sharp,2.09,1,lost,-1.0,-38.438,0.3,specials_hourly,specials_hourly,selected,2026-08-24 16:06
map1_specials_v1,2026-08-26 13:00,,MEIA NOITE vs ODDIK,map1_moneyline,MEIA NOITE,3,Sharp,3.0,1,lost,-1.0,-39.438,3.31,specials_hourly,specials_hourly,selected,2026-08-25 15:08
map1_specials_v1,2026-08-26 14:00,,GenOne vs Nordic Partners,map1_moneyline,Nordic Partners,3,Sharp,2.46,1,lost,-1.0,-40.438,-2.0,specials_hourly,specials_hourly,selected,2026-08-25 16:08
map1_specials_v1,2026-08-26 16:00,CCT South America,ALKA vs Pugdesonesto,map1_moneyline,Pugdesonesto,3,Sharp,3.56,1,won,2.56,-37.878,-0.24,specials_hourly,specials_hourly,selected,2026-08-25 21:06
map1_specials_v1,2026-08-26 21:00,ESL Challenger League South America,Isurus vs paiN Academy,map1_moneyline,paiN Academy,3,Sharp,2.74,1,won,1.74,-36.138,-4.4,specials_hourly,specials_hourly,selected,2026-08-26 06:08
map1_specials_v1,2026-08-26 21:00,ESL Challenger League South America,ODDIK vs Imperial,map1_moneyline,ODDIK,3,Sharp,3.15,1,lost,-1.0,-37.138,0.0,specials_hourly,specials_hourly,selected,2026-08-26 06:08
map1_specials_v1,2026-08-26 21:00,ESL Challenger League South America,ALKA vs Turma do Pagode,map1_moneyline,ALKA,3,Sharp,2.0,1,lost,-1.0,-38.138,-13.61,specials_hourly,specials_hourly,selected,2026-08-26 07:10
map1_specials_v1,2026-08-26 21:00,ESL Challenger League South America,Bounty Hunters vs Galorys,map1_moneyline,Galorys,3,Sharp,2.01,1,won,1.01,-37.128,2.37,specials_hourly,specials_hourly,selected,2026-08-26 10:08
map1_specials_v1,2026-08-27 08:00,CCT Europe Series Closed Qualifier,ex-Zero Tenacity vs WBT,map1_moneyline,WBT,3,Sharp,2.19,1,lost,-1.0,-38.128,2.08,specials_hourly,specials_hourly,selected,2026-08-27 04:18
map1_specials_v1,2026-08-27 09:00,BLAST Open,Vitality vs Inner Circle,map1_moneyline,Inner Circle,3,Sharp,4.0,1,won,3.0,-35.128,3.6,specials_hourly,specials_hourly,selected,2026-08-24 16:06
map1_specials_v1,2026-08-27 11:00,CCT Europe Series,Nemiga vs Black Phoenix,map1_moneyline,Black Phoenix,3,Sharp,2.62,1,lost,-1.0,-36.128,-0.57,specials_hourly,specials_hourly,selected,2026-08-27 07:09
map1_specials_v1,2026-08-27 11:30,BLAST Open,MOUZ vs 9z,map1_moneyline,9z,3,Sharp,2.24,1,lost,-1.0,-37.128,1.46,specials_hourly,specials_hourly,selected,2026-08-25 19:10
map1_specials_v1,2026-08-27 14:00,BLAST Open,Legacy vs FUT,map1_moneyline,Legacy,3,Sharp,2.19,1,won,1.19,-35.938,-0.39,specials_hourly,specials_hourly,selected,2026-08-24 16:06
map1_specials_v1,2026-08-27 14:00,,EAC vs QUAZAR,map1_moneyline,EAC,3,Sharp,1.943,1,lost,-1.0,-36.938,3.69,specials_hourly,specials_hourly,selected,2026-08-27 00:07
map1_specials_v1,2026-08-27 16:30,BLAST Open,Falcons vs Lynn Vision,map1_moneyline,Lynn Vision,3,Sharp,5.27,1,lost,-1.0,-37.938,2.74,specials_hourly,specials_hourly,selected,2026-08-24 18:06
map1_specials_v1,2026-08-27 21:00,,Bounty Hunters vs Turma do Pagode,map1_moneyline,Bounty Hunters,3,Sharp,1.971,1,lost,-1.0,-38.938,-2.47,specials_hourly,specials_hourly,selected,2026-08-27 06:11
map1_specials_v1,2026-08-27 21:00,ESL Challenger League South America,Keyd Stars vs Isurus,map1_moneyline,Isurus,3,Sharp,2.5,1,lost,-1.0,-39.938,1.57,specials_hourly,specials_hourly,selected,2026-08-27 08:08
map1_specials_v1,2026-08-27 21:00,ESL Challenger League South America,ODDIK vs Yawara,map1_moneyline,ODDIK,3,Sharp,1.758,1,won,0.758,-39.18,0.75,specials_hourly,specials_hourly,selected,2026-08-27 17:09
map1_specials_v1,2026-08-28 11:00,CCT Europe Series,OG vs ex-Zero Tenacity,map1_moneyline,ex-Zero Tenacity,3,Sharp,2.25,1,won,1.25,-37.93,4.71,specials_hourly,specials_hourly,selected,2026-08-27 15:11
map1_specials_v1,2026-08-28 13:00,CCT South America,ODDIK vs ALKA,map1_moneyline,ALKA,3,Sharp,2.5,1,lost,-1.0,-38.93,2.29,specials_hourly,specials_hourly,selected,2026-08-28 03:07
map1_specials_v1,2026-08-28 14:00,Logitech G Connect Closed Qualifier,Rune Eaters vs 9INE,map1_moneyline,Rune Eaters,3,Sharp,2.37,1,won,1.37,-37.56,3.11,specials_hourly,specials_hourly,selected,2026-08-27 15:11
map1_specials_v1,2026-08-28 14:00,BLAST Open,Natus Vincere vs paiN,map1_moneyline,paiN,3,Sharp,3.26,1,lost,-1.0,-38.56,2.72,specials_hourly,specials_hourly,selected,2026-08-28 01:07
map1_specials_v1,2026-08-28 14:00,NODWIN Clutch Series,SPARTA vs Inner Circle Academy,map1_moneyline,Inner Circle Academy,3,Sharp,2.81,1,won,1.81,-36.75,1.69,specials_hourly,specials_hourly,selected,2026-08-28 05:07
map1_specials_v1,2026-08-28 17:00,CCT Europe Series,SINNERS vs Bushido Wildcats,map1_moneyline,Bushido Wildcats,3,Sharp,2.75,1,won,1.75,-35.0,2.78,specials_hourly,specials_hourly,selected,2026-08-27 15:11
map1_specials_v1,2026-08-28 17:00,,UPGRADE vs Black Phoenix,map1_moneyline,Black Phoenix,3,Sharp,2.05,1,won,1.05,-33.95,8.77,specials_hourly,specials_hourly,selected,2026-08-28 06:12
map1_specials_v1,2026-08-28 19:00,CCT South America,Peladona vs Procyon,map1_moneyline,Procyon,3,Sharp,2.64,1,lost,-1.0,-34.95,-6.14,specials_hourly,specials_hourly,selected,2026-08-27 15:11
map1_specials_v1,2026-08-28 21:00,,Turma do Pagode vs Isurus,map1_moneyline,Isurus,3,Sharp,2.59,1,won,1.59,-33.36,1.64,specials_hourly,specials_hourly,selected,2026-08-28 08:07
map1_specials_v1,2026-08-28 22:00,CCT South America,BORRACHEIROS vs BESTIA Academy,map1_moneyline,BESTIA Academy,3,Sharp,1.98,1,won,0.98,-32.38,1.18,specials_hourly,specials_hourly,selected,2026-08-28 09:09
map1_specials_v1,2026-08-29 01:00,,Voca vs Overtake Sector,map1_moneyline,Overtake Sector,3,Sharp,3.68,1,won,2.68,-29.7,-4.65,specials_hourly,specials_hourly,selected,2026-08-28 06:12
map1_specials_v1,2026-08-29 09:00,BLAST Open,Vitality vs 9z,map1_moneyline,9z,3,Sharp,2.81,1,lost,-1.0,-30.7,0.25,specials_hourly,specials_hourly,selected,2026-08-28 23:08
map1_specials_v1,2026-08-29 11:30,BLAST Open,Inner Circle vs MOUZ,map1_moneyline,Inner Circle,3,Sharp,2.77,1,lost,-1.0,-31.7,-2.0,specials_hourly,specials_hourly,selected,2026-08-28 22:08
map1_specials_v1,2026-08-29 14:00,BLAST Open,FUT vs Lynn Vision,map1_moneyline,Lynn Vision,3,Sharp,2.93,1,won,1.93,-29.77,-6.89,specials_hourly,specials_hourly,selected,2026-08-28 22:08
map1_specials_v1,2026-08-29 14:00,,SINNERS vs ex-Zero Tenacity,map1_moneyline,ex-Zero Tenacity,3,Sharp,2.7,1,won,1.7,-28.07,,,,selected,2026-08-29 08:08
map1_specials_v1,2026-08-29 21:00,ESL Challenger League South America,ShindeN vs Isurus,map1_moneyline,Isurus,3,Sharp,2.72,1,lost,-1.0,-29.07,2.0,specials_hourly,specials_hourly,selected,2026-08-29 10:08
map1_specials_v1,2026-08-29 21:00,ESL Challenger League South America,Fluxo vs ex-MIBR Academy,map1_moneyline,ex-MIBR Academy,3,Sharp,3.16,1,won,2.16,-26.91,0.0,specials_hourly,specials_hourly,selected,2026-08-29 11:12
map1_specials_v1,2026-08-30 09:00,BLAST Open,M80 vs Aurora,map1_moneyline,M80,3,Sharp,3.21,1,lost,-1.0,-27.91,4.74,specials_hourly,specials_hourly,selected,2026-08-30 06:12
map1_specials_v1,2026-08-30 11:00,Logitech G Connect Closed Qualifier,OG vs Eternal Fire,map1_moneyline,OG,3,Sharp,2.19,1,won,1.19,-26.72,0.0,specials_hourly,specials_hourly,selected,2026-08-29 23:09
map1_specials_v1,2026-08-30 11:30,BLAST Open,M80 vs Aurora,map1_moneyline,M80,3,Sharp,3.21,1,lost,-1.0,-27.72,3.82,specials_hourly,specials_hourly,selected,2026-08-30 06:12
map1_specials_v1,2026-08-30 13:00,CCT South America,BESTIA Academy vs ALKA,map1_moneyline,BESTIA Academy,3,Sharp,2.5,1,lost,-1.0,,1.18,specials_hourly,specials_hourly,quarantined,2026-08-29 18:08
map1_specials_v1,2026-08-30 13:00,ESL Challenger League Europe,Strael Bora vs Inner Circle Academy,map1_moneyline,Strael Bora,3,Sharp,3.54,1,lost,-1.0,-28.72,-4.56,specials_hourly,specials_hourly,selected,2026-08-29 23:10
map1_specials_v1,2026-08-30 13:00,ESL Challenger League Europe,Virtus.pro vs Fire Flux,map1_moneyline,Fire Flux,3,Sharp,3.83,1,won,2.83,-25.89,4.76,specials_hourly,specials_hourly,selected,2026-08-29 23:10
map1_specials_v1,2026-08-30 13:00,ESL Challenger League Europe,BERG vs WBT,map1_moneyline,BERG,3,Sharp,2.59,1,lost,-1.0,-26.89,-3.91,specials_hourly,specials_hourly,selected,2026-08-30 09:10
map1_specials_v1,2026-08-30 14:00,Stake Ranked Open Qualifier,Eternal Fire vs ENCE,map1_moneyline,ENCE,3,Sharp,3.08,1,lost,-1.0,-27.89,-0.11,specials_hourly,specials_hourly,selected,2026-08-29 23:10
map1_specials_v1,2026-08-30 14:00,BLAST Open,Legacy vs Vitality,map1_moneyline,Legacy,3,Sharp,2.82,1,lost,-1.0,-28.89,-1.68,specials_hourly,specials_hourly,selected,2026-08-30 07:10
map1_specials_v1,2026-08-30 14:00,BLAST Open,Inner Circle vs FUT,map1_moneyline,Inner Circle,3,Sharp,2.94,1,lost,-1.0,-29.89,1.08,specials_hourly,specials_hourly,selected,2026-08-30 07:10
map1_specials_v1,2026-08-30 16:30,BLAST Open,Inner Circle vs FUT,map1_moneyline,Inner Circle,3,Sharp,2.94,1,lost,-1.0,-30.89,1.24,specials_hourly,specials_hourly,selected,2026-08-30 07:10
map1_specials_v1,2026-08-30 16:30,BLAST Open,Legacy vs Vitality,map1_moneyline,Legacy,3,Sharp,2.82,1,lost,-1.0,-31.89,-1.98,specials_hourly,specials_hourly,selected,2026-08-30 07:10
map1_specials_v1,2026-08-30 17:00,,OG vs LP,map1_moneyline,LP,3,Sharp,2.7,1,lost,-1.0,,,,,quarantined,2026-08-30 16:11
map1_specials_v1,2026-08-30 17:10,BLAST Open,Legacy vs Vitality,map1_moneyline,Legacy,3,Sharp,3.2,1,lost,-1.0,-32.89,,,,selected,2026-08-30 17:08
map1_specials_v1,2026-08-30 19:00,CCT South America,BORRACHEIROS vs Peladona,map1_moneyline,BORRACHEIROS,3,Sharp,3.25,1,lost,-1.0,,-5.86,specials_hourly,specials_hourly,quarantined,2026-08-29 18:08
map1_specials_v1,2026-08-30 21:00,,Fluxo vs ShindeN,map1_moneyline,Fluxo,3,Sharp,1.98,1,won,0.98,-31.91,2.35,specials_hourly,specials_hourly,selected,2026-08-30 04:07
map1_specials_v1,2026-08-30 21:00,ESL Challenger League South America,Galorys vs Imperial,map1_moneyline,Galorys,3,Sharp,2.72,1,won,1.72,-30.19,-0.27,specials_hourly,specials_hourly,selected,2026-08-30 10:10
map1_specials_v1,2026-08-30 22:00,CCT South America,ODDIK vs Grêmio,map1_moneyline,Grêmio,3,Sharp,3.5,1,lost,-1.0,-31.19,4.25,specials_hourly,specials_hourly,selected,2026-08-29 18:08
map1_specials_v1,2026-08-31 11:00,Logitech G Connect Closed Qualifier,Metizport vs PCIFIC,map1_moneyline,PCIFIC,3,Sharp,3.0,1,lost,-1.0,,-2.93,specials_hourly,specials_hourly,quarantined,2026-08-30 16:11
map1_specials_v1,2026-08-31 13:00,ESL Challenger League Europe,Misa vs BAKS,map1_moneyline,Misa,3,Sharp,2.54,1,lost,-1.0,-32.19,1.46,specials_hourly,specials_hourly,selected,2026-08-31 06:08
map1_specials_v1,2026-08-31 14:00,BLAST Open,MOUZ vs Falcons,map1_moneyline,Falcons,3,Sharp,1.943,1,won,0.943,-31.247,-0.7,specials_hourly,specials_hourly,selected,2026-08-30 07:10
map1_specials_v1,2026-08-31 14:00,,HOTU vs UPGRADE,map1_moneyline,HOTU,3,Sharp,1.478,1,won,0.478,-30.769,0.74,specials_hourly,specials_hourly,selected,2026-08-31 09:08
map1_specials_v1,2026-08-31 14:50,BLAST Open,MOUZ vs Falcons,map1_moneyline,Falcons,3,Sharp,1.971,1,won,0.971,-29.798,,,,selected,2026-08-31 14:07
map1_specials_v1,2026-08-31 16:00,,BESTIA Academy vs Blitzkrieg,map1_moneyline,Blitzkrieg,3,Sharp,5.29,1,lost,-1.0,,0.34,specials_hourly,specials_hourly,quarantined,2026-08-31 06:08
map1_specials_v1,2026-08-31 16:00,BLAST Open,MOUZ vs Falcons,map1_moneyline,Falcons,3,Sharp,1.901,1,won,0.901,-28.897,,,,selected,2026-08-31 15:08
map1_specials_v1,2026-08-31 17:00,,Metizport vs ASTRAL,map1_moneyline,ASTRAL,3,Sharp,2.45,1,won,1.45,-27.447,-0.51,specials_hourly,specials_hourly,selected,2026-08-31 15:08
map1_specials_v1,2026-08-31 19:00,,DAMAJUANA vs Zetta,map1_moneyline,Zetta,3,Sharp,2.36,1,lost,-1.0,,-5.34,specials_hourly,specials_hourly,quarantined,2026-08-31 06:08
map1_specials_v1,2026-09-01 08:00,NODWIN Clutch Series 11,Nemesis vs SPARTA,map1_moneyline,SPARTA,3,Sharp,2.64,1,lost,-1.0,-28.447,-0.75,specials_hourly,specials_hourly,selected,2026-08-31 05:10
map1_specials_v1,2026-09-01 11:00,Logitech G Connect Closed Qualifier,PCIFIC vs BRUTE,map1_moneyline,PCIFIC,3,Sharp,2.51,1,won,1.51,-26.937,-0.04,specials_hourly,specials_hourly,selected,2026-09-01 01:07
map1_specials_v1,2026-09-01 13:00,,Virtus.pro vs WBT,map1_moneyline,WBT,3,Sharp,3.09,1,won,2.09,-24.847,7.11,specials_hourly,specials_hourly,selected,2026-09-01 05:10
map1_specials_v1,2026-09-01 14:00,Logitech G Connect Closed Qualifier,LP vs Eternal Fire,map1_moneyline,LP,3,Sharp,3.16,1,lost,-1.0,-25.847,-0.48,specials_hourly,specials_hourly,selected,2026-09-01 01:07
map1_specials_v1,2026-09-01 14:30,Logitech G Connect Closed Qualifier,LP vs Eternal Fire,map1_moneyline,LP,3,Sharp,3.3,1,lost,-1.0,,,,,quarantined,2026-09-01 14:07
map1_specials_v1,2026-09-01 16:00,CCT South America,BORRACHEIROS vs ALKA,map1_moneyline,BORRACHEIROS,3,Sharp,2.41,1,lost,-1.0,-26.847,-1.65,specials_hourly,specials_hourly,selected,2026-09-01 01:07
map1_specials_v1,2026-09-01 17:00,NODWIN Clutch Series 11,Nuclear TigeRES vs Color,map1_moneyline,Color,3,Sharp,2.18,1,won,1.18,-25.667,-0.62,specials_hourly,specials_hourly,selected,2026-08-31 06:08
map1_specials_v1,2026-09-01 21:00,ESL Challenger League South America,Galorys vs Imperial,map1_moneyline,Galorys,3,Sharp,2.4,1,lost,-1.0,-26.667,,,,selected,2026-09-01 20:06
map1_specials_v1,2026-09-02 06:00,,FlyQuest vs NEXVOID,map1_moneyline,NEXVOID,3,Sharp,4.54,1,lost,-1.0,,3.31,specials_hourly,specials_hourly,quarantined,2026-09-01 01:07
map1_specials_v1,2026-09-02 08:00,Logitech G Connect Closed Qualifier,SINNERS vs EAC,map1_moneyline,EAC,3,Sharp,2.29,1,won,1.29,-25.377,,,,selected,2026-09-02 07:28
map1_specials_v1,2026-09-02 09:00,IEM Beijing Global Closed Qualifier,MIBR vs Eternal Fire,map1_moneyline,MIBR,3,Sharp,1.725,1,lost,-1.0,-26.377,2.37,specials_hourly,specials_hourly,selected,2026-08-30 09:10
map1_specials_v1,2026-09-02 11:00,,Nemesis vs 1win,map1_moneyline,Nemesis,3,Sharp,2.01,1,won,1.01,-25.367,-2.58,specials_hourly,specials_hourly,selected,2026-09-02 04:08
map1_specials_v1,2026-09-02 11:00,,Black Phoenix vs ex-Zero Tenacity,map1_moneyline,ex-Zero Tenacity,3,Sharp,1.806,1,won,0.806,-24.561,17.05,specials_hourly,specials_hourly,selected,2026-09-02 05:06
map1_specials_v1,2026-09-02 12:00,IEM Beijing Global Closed Qualifier,HOTU vs paiN,map1_moneyline,HOTU,3,Sharp,1.826,1,won,0.826,-23.735,1.52,specials_hourly,specials_hourly,selected,2026-08-30 12:12
map1_specials_v1,2026-09-02 12:00,IEM Beijing Global Closed Qualifier,Color vs B8,map1_moneyline,Color,3,Sharp,2.63,1,lost,-1.0,-24.735,3.97,specials_hourly,specials_hourly,selected,2026-08-30 12:12
map1_specials_v1,2026-09-02 12:00,IEM Beijing Global Closed Qualifier,BIG vs Nemiga,map1_moneyline,BIG,3,Sharp,1.578,1,won,0.578,-24.157,-0.94,specials_hourly,specials_hourly,selected,2026-08-30 13:08
map1_specials_v1,2026-09-02 12:00,,DENDELE vs EYEBALLERS,map1_moneyline,EYEBALLERS,3,Sharp,2.06,1,won,1.06,-23.097,-0.29,specials_hourly,specials_hourly,selected,2026-09-01 15:07
map1_specials_v1,2026-09-02 14:00,NODWIN Clutch Series 11,Nemesis vs 1win,map1_moneyline,Nemesis,3,Sharp,2.01,1,won,1.01,-22.087,-2.58,specials_hourly,specials_hourly,selected,2026-09-02 04:08
map1_specials_v1,2026-09-02 16:00,CCT South America,Grêmio vs MEIA NOITE,map1_moneyline,Grêmio,3,Sharp,2.08,1,lost,-1.0,-23.087,,,,selected,2026-09-02 15:08
map1_specials_v1,2026-09-02 18:00,,Nemiga vs HOTU,map1_moneyline,HOTU,3,Sharp,1.709,1,won,0.709,-22.378,,,,selected,2026-09-02 17:08
map1_specials_v1,2026-09-03 06:00,IEM Beijing Asian Closed Qualifier,DEPO vs Lynn Vision,map1_moneyline,DEPO,3,Sharp,3.33,1,won,2.33,-20.048,-1.33,specials_hourly,specials_hourly,selected,2026-09-02 23:07
map1_specials_v1,2026-09-03 06:00,,FlyQuest vs Kaleido,map1_moneyline,Kaleido,3,Sharp,4.69,1,lost,-1.0,-21.048,0.74,specials_hourly,specials_hourly,selected,2026-09-03 01:06
map1_specials_v1,2026-09-03 09:00,Stake Ranked Closed Qualifier,Iberian Soul vs Nemiga,map1_moneyline,Iberian Soul,3,Sharp,2.02,1,won,1.02,-20.028,-1.86,specials_hourly,specials_hourly,selected,2026-09-02 20:06
map1_specials_v1,2026-09-03 14:00,,Lavked vs HAVU,map1_moneyline,HAVU,3,Sharp,2.09,1,lost,-1.0,-21.028,-3.66,specials_hourly,specials_hourly,selected,2026-09-02 15:08
map1_specials_v1,2026-09-03 14:00,Logitech G Connect Closed Qualifier,NOVAQ vs Rune Eaters,map1_moneyline,NOVAQ,3,Sharp,2.32,1,lost,-1.0,-22.028,-5.3,specials_hourly,specials_hourly,selected,2026-09-02 23:07
map1_specials_v1,2026-09-03 14:30,Stake Ranked Closed Qualifier,Ninjas in Pyjamas vs Sangal,map1_moneyline,Sangal,3,Sharp,3.15,1,won,2.15,-19.878,2.34,specials_hourly,specials_hourly,selected,2026-09-01 20:06
map1_specials_v1,2026-09-03 15:00,IEM Beijing Global Closed Qualifier,Eternal Fire vs Nuclear TigeRES,map1_moneyline,Nuclear TigeRES,3,Sharp,2.04,1,won,1.04,-18.838,1.75,specials_hourly,specials_hourly,selected,2026-09-02 23:07
map1_specials_v1,2026-09-03 16:00,,Bounty Hunters vs MEIA NOITE,map1_moneyline,MEIA NOITE,3,Sharp,3.72,1,lost,-1.0,,1.59,specials_hourly,specials_hourly,quarantined,2026-09-03 06:11
map1_specials_v1,2026-09-03 17:00,,Omega vs QUAZAR,map1_moneyline,Omega,3,Sharp,2.68,1,lost,-1.0,,10.46,specials_hourly,specials_hourly,quarantined,2026-09-02 23:07
map1_specials_v1,2026-09-03 17:30,Stake Ranked Closed Qualifier,Virtus.pro vs fnatic,map1_moneyline,Virtus.pro,3,Sharp,2.17,1,lost,-1.0,-19.838,-2.34,specials_hourly,specials_hourly,selected,2026-09-01 20:06
map1_specials_v1,2026-09-03 18:00,NODWIN Clutch Series,3DMAX vs HOTU,map1_moneyline,HOTU,3,Sharp,1.719,1,lost,-1.0,-20.838,0.61,specials_hourly,specials_hourly,selected,2026-09-03 16:07
map1_specials_v1,2026-09-03 19:00,,Yawara vs paiN Academy,map1_moneyline,paiN Academy,3,Sharp,2.42,1,won,1.42,-19.418,-1.05,specials_hourly,specials_hourly,selected,2026-09-03 06:11
map1_specials_v1,2026-09-03 22:00,,Keyd Stars vs Procyon,map1_moneyline,Procyon,3,Sharp,3.59,1,won,2.59,,3.9,specials_hourly,specials_hourly,quarantined,2026-09-03 06:11
map1_specials_v1,2026-09-04 08:00,,SINNERS vs QUAZAR,map1_moneyline,QUAZAR,3,Sharp,2.26,1,won,1.26,-18.158,3.7,specials_hourly,specials_hourly,selected,2026-09-04 05:07
map1_specials_v1,2026-09-04 11:00,,9INE vs Rune Eaters,map1_moneyline,Rune Eaters,3,Sharp,2.39,1,lost,-1.0,-19.158,-0.01,specials_hourly,specials_hourly,selected,2026-09-04 05:07
map1_specials_v1,2026-09-04 11:30,Stake Ranked Closed Qualifier,HOTU vs Eternal Fire,map1_moneyline,HOTU,3,Sharp,1.8,1,won,0.8,-18.358,-7.14,specials_hourly,specials_hourly,selected,2026-09-03 15:08
map1_specials_v1,2026-09-04 12:00,Stake Ranked Closed Qualifier,HOTU vs Eternal Fire,map1_moneyline,HOTU,3,Sharp,2.06,1,won,1.06,-17.298,,,,selected,2026-09-04 11:09
map1_specials_v1,2026-09-04 13:00,CCT South America,Isurus vs Peladona,map1_moneyline,Isurus,3,Sharp,2.12,1,won,1.12,-16.178,-2.95,specials_hourly,specials_hourly,selected,2026-09-04 05:07
map1_specials_v1,2026-09-04 14:00,BLAST Open,Falcons vs G2,map1_moneyline,Falcons,3,Sharp,1.847,1,won,0.847,-15.331,-1.25,specials_hourly,specials_hourly,selected,2026-09-01 14:07
map1_specials_v1,2026-09-04 14:00,,GenOne vs BC.Game,map1_moneyline,GenOne,1,Sharp,3.15,1,lost,-1.0,,3.24,specials_hourly,specials_hourly,quarantined,2026-09-04 07:11
map1_specials_v1,2026-09-04 14:00,,fnatic vs ASTRAL,map1_moneyline,ASTRAL,1,Sharp,3.15,1,won,2.15,-13.181,-0.5,specials_hourly,specials_hourly,selected,2026-09-04 07:11
map1_specials_v1,2026-09-04 14:00,,1win vs Bushido Wildcats,map1_moneyline,Bushido Wildcats,1,Sharp,3.23,1,lost,-1.0,-14.181,1.6,specials_hourly,specials_hourly,selected,2026-09-04 07:11
map1_specials_v1,2026-09-04 14:00,,DESEMPREGO vs BRUTE,map1_moneyline,DESEMPREGO,1,Sharp,2.92,1,lost,-1.0,,-9.72,specials_hourly,specials_hourly,quarantined,2026-09-04 07:11
map1_specials_v1,2026-09-04 15:00,IEM Beijing Global Closed Qualifier,Nuclear TigeRES vs B8,map1_moneyline,B8,3,Sharp,1.8,1,won,0.8,-13.381,-2.12,specials_hourly,specials_hourly,selected,2026-09-03 22:07
map1_specials_v1,2026-09-04 16:00,CCT South America,METANOIA Wolves vs ODDIK,map1_moneyline,METANOIA Wolves,3,Sharp,4.32,1,lost,-1.0,-14.381,0.15,specials_hourly,specials_hourly,selected,2026-09-03 15:08
map1_specials_v1,2026-09-04 17:00,,SPARTA vs HAVU,map1_moneyline,HAVU,3,Sharp,2.73,1,lost,-1.0,-15.381,-4.97,specials_hourly,specials_hourly,selected,2026-09-04 02:06
map1_specials_v1,2026-09-04 17:30,BLAST Open,FURIA vs Vitality,map1_moneyline,FURIA,3,Sharp,2.47,1,won,1.47,-13.911,-2.1,specials_hourly,specials_hourly,selected,2026-09-01 18:06
map1_specials_v1,2026-09-04 17:30,Stake Ranked Closed Qualifier,Nemesis vs ASTRAL,map1_moneyline,ASTRAL,3,Sharp,3.06,1,won,2.06,-11.851,-1.5,specials_hourly,specials_hourly,selected,2026-09-03 15:08
map1_specials_v1,2026-09-04 22:00,,Imperial vs ALKA,map1_moneyline,ALKA,3,Sharp,3.28,1,lost,-1.0,-12.851,-9.84,specials_hourly,specials_hourly,selected,2026-09-04 07:11
map1_specials_v1,2026-09-04 22:00,,Fluxo vs Back to Back,map1_moneyline,Back to Back,3,Sharp,3.22,1,lost,-1.0,-13.851,8.59,specials_hourly,specials_hourly,selected,2026-09-04 07:11
map1_specials_v1,2026-09-05 13:00,,Bounty Hunters vs Yawara,map1_moneyline,Yawara,3,Sharp,2.24,1,lost,-1.0,-14.851,-2.02,specials_hourly,specials_hourly,selected,2026-09-05 03:07
map1_specials_v1,2026-09-05 13:45,CCT Europe Challengers,Inner Circle Academy vs Privateer,map1_moneyline,Privateer,3,Sharp,3.67,1,lost,-1.0,-15.851,-0.42,specials_hourly,specials_hourly,selected,2026-09-05 07:08
map1_specials_v1,2026-09-05 14:30,Stake Ranked Closed Qualifier,Ninjas in Pyjamas vs Nuclear TigeRES,map1_moneyline,Ninjas in Pyjamas,3,Sharp,1.909,1,won,0.909,-14.942,3.23,specials_hourly,specials_hourly,selected,2026-09-04 22:08
map1_specials_v1,2026-09-05 16:00,,Procyon vs ALKA,map1_moneyline,Procyon,3,Sharp,2.7,1,lost,-1.0,-15.942,5.63,specials_hourly,specials_hourly,selected,2026-09-05 03:07
map1_specials_v1,2026-09-05 17:30,,Falcons Force vs ZOTIX,map1_moneyline,ZOTIX,3,Sharp,2.75,1,lost,-1.0,,4.3,specials_hourly,specials_hourly,quarantined,2026-09-04 15:08
map1_specials_v1,2026-09-05 17:30,,MOUZ vs Vitality,map1_moneyline,MOUZ,3,Sharp,2.51,1,won,1.51,-14.432,2.19,specials_hourly,specials_hourly,selected,2026-09-04 22:08
map1_specials_v1,2026-09-05 17:30,Stake Ranked Closed Qualifier,Nemiga vs Nemesis,map1_moneyline,Nemesis,3,Sharp,1.725,1,lost,-1.0,-15.432,0.0,specials_hourly,specials_hourly,selected,2026-09-05 06:07
map1_specials_v1,2026-09-05 19:00,,Peladona vs Imperial,map1_moneyline,Peladona,3,Sharp,3.12,1,won,2.12,-13.312,2.56,specials_hourly,specials_hourly,selected,2026-09-05 05:09
map1_specials_v1,2026-09-05 22:00,,ODDIK vs Galorys,map1_moneyline,ODDIK,3,Sharp,2.09,1,lost,-1.0,-14.312,-0.39,specials_hourly,specials_hourly,selected,2026-09-05 05:09
map1_specials_v1,2026-09-05 22:30,CCT South America,ODDIK vs Galorys,map1_moneyline,ODDIK,3,Sharp,2.09,1,lost,-1.0,-15.312,,,,selected,2026-09-05 22:08
map1_specials_v1,2026-09-06 11:00,CCT Europe Series,Black Phoenix vs HAVU,map1_moneyline,HAVU,3,Sharp,2.44,1,lost,-1.0,-16.312,-1.48,specials_hourly,specials_hourly,selected,2026-09-06 07:10
map1_specials_v1,2026-09-06 11:00,Stake Ranked Closed Qualifier,FOKUS vs Nemiga,map1_moneyline,FOKUS,3,Sharp,2.21,1,lost,-1.0,-17.312,,,,selected,2026-09-06 10:07
map1_specials_v1,2026-09-06 12:00,Stake Ranked Closed Qualifier,FOKUS vs Nemiga,map1_moneyline,FOKUS,3,Sharp,2.17,1,lost,-1.0,-18.312,,,,selected,2026-09-06 11:10
map1_specials_v1,2026-09-06 13:00,ESL Challenger League Europe,Privateer vs HAVU,map1_moneyline,Privateer,3,Sharp,2.8,1,lost,-1.0,-19.312,-4.84,specials_hourly,specials_hourly,selected,2026-09-06 06:10
map1_specials_v1,2026-09-06 13:00,ESL Challenger League Europe,PCIFIC vs KUUSAMO,map1_moneyline,KUUSAMO,3,Sharp,2.92,1,lost,-1.0,-20.312,-0.14,specials_hourly,specials_hourly,selected,2026-09-06 08:07
map1_specials_v1,2026-09-06 13:00,ESL Challenger League Europe,Misa vs MOUZ NXT,map1_moneyline,Misa,3,Sharp,2.13,1,won,1.13,-19.182,0.89,specials_hourly,specials_hourly,selected,2026-09-06 10:07
map1_specials_v1,2026-09-06 13:00,,BERG vs mellren,map1_moneyline,mellren,3,Sharp,1.556,1,won,0.556,-18.626,,,,selected,2026-09-06 12:11
map1_specials_v1,2026-09-06 13:45,CCT Europe Challengers,Strael Bora vs megoshort,map1_moneyline,Strael Bora,3,Sharp,2.35,1,won,1.35,-17.276,-6.29,specials_hourly,specials_hourly,selected,2026-09-05 16:09
map1_specials_v1,2026-09-06 14:00,BLAST Open,Spirit vs MOUZ,map1_moneyline,Spirit,5,Sharp,1.645,1,won,0.645,-16.631,0.07,specials_hourly,specials_hourly,selected,2026-09-06 03:06
map1_specials_v1,2026-09-06 14:00,PGL Masters Bucharest Europe Open Qualifier,1win vs GenOne,map1_moneyline,GenOne,1,Sharp,2.79,1,lost,-1.0,-17.631,1.96,specials_hourly,specials_hourly,selected,2026-09-06 07:10
map1_specials_v1,2026-09-06 14:00,PGL Masters Bucharest Europe Open Qualifier,HEROIC vs EAC,map1_moneyline,EAC,1,Sharp,3.54,1,lost,-1.0,-18.631,-0.38,specials_hourly,specials_hourly,selected,2026-09-06 07:10
map1_specials_v1,2026-09-06 14:00,PGL Masters Bucharest Europe Open Qualifier,FOKUS vs ASTRAL,map1_moneyline,ASTRAL,1,Sharp,2.89,1,won,1.89,-16.741,1.95,specials_hourly,specials_hourly,selected,2026-09-06 07:10
map1_specials_v1,2026-09-06 15:00,CCT South America,Bounty Hunters vs Imperial,map1_moneyline,Bounty Hunters,3,Sharp,3.28,1,lost,-1.0,-17.741,1.02,specials_hourly,specials_hourly,selected,2026-09-06 04:07
map1_specials_v1,2026-09-06 18:00,CCT South America,Galorys vs ALKA,map1_moneyline,ALKA,3,Sharp,2.7,1,lost,-1.0,-18.741,-4.56,specials_hourly,specials_hourly,selected,2026-09-06 04:07
map1_specials_v1,2026-09-06 18:15,CCT South America,Galorys vs ALKA,map1_moneyline,ALKA,3,Sharp,3.15,1,lost,-1.0,-19.741,,,,selected,2026-09-06 18:07
map1_specials_v1,2026-09-07 11:00,CCT Europe Challengers,Strael Bora vs Fire Flux,map1_moneyline,Strael Bora,3,Sharp,3.33,1,lost,-1.0,-20.741,-3.0,specials_hourly,specials_hourly,selected,2026-09-07 00:08
map1_specials_v1,2026-09-07 13:00,ESL Challenger League Europe,MOUZ NXT vs KUUSAMO,map1_moneyline,KUUSAMO,3,Sharp,2.4,1,lost,-1.0,-21.741,-0.93,specials_hourly,specials_hourly,selected,2026-09-07 06:10
map1_specials_v1,2026-09-07 17:30,Private Club Closed Qualifier,Nuclear TigeRES vs CYBERSHOKE,map1_moneyline,Nuclear TigeRES,3,Sharp,1.926,1,won,0.926,-20.815,4.21,specials_hourly,specials_hourly,selected,2026-09-07 07:10
map1_specials_v1,2026-09-08 03:00,Fissure Playground,9z vs 5star,map1_moneyline,5star,3,Sharp,4.61,1,lost,-1.0,-21.815,-2.96,specials_hourly,specials_hourly,selected,2026-09-06 19:08
map1_specials_v1,2026-09-08 06:00,Fissure Playground,MIBR vs The MongolZ,map1_moneyline,The MongolZ,3,Sharp,1.8,1,won,0.8,-21.015,-0.77,specials_hourly,specials_hourly,selected,2026-09-07 19:07
map1_specials_v1,2026-09-08 11:00,NODWIN Clutch Series Closed Qualifier,Fortress vs ENCE,map1_moneyline,Fortress,3,Sharp,4.21,1,won,3.21,,-3.06,specials_hourly,specials_hourly,quarantined,2026-09-08 06:08
map1_specials_v1,2026-09-08 12:00,Fissure Playground,G2 vs Astralis,map1_moneyline,Astralis,3,Sharp,2.6,1,won,1.6,-19.415,2.04,specials_hourly,specials_hourly,selected,2026-09-07 10:08
map1_specials_v1,2026-09-08 12:00,Private Club Closed Qualifier,Nemiga vs Color,map1_moneyline,Nemiga,3,Sharp,1.813,1,won,0.813,-18.602,2.73,specials_hourly,specials_hourly,selected,2026-09-07 15:08
map1_specials_v1,2026-09-08 12:00,Fissure Playground,GamerLegion vs FURIA,map1_moneyline,GamerLegion,3,Sharp,3.83,1,won,2.83,-15.772,-0.1,specials_hourly,specials_hourly,selected,2026-09-07 18:06
map1_specials_v1,2026-09-08 13:00,,MOUZ NXT vs Dark Moon,map1_moneyline,Dark Moon,3,Sharp,2.37,1,lost,-1.0,-16.772,1.72,specials_hourly,specials_hourly,selected,2026-09-07 22:07
map1_specials_v1,2026-09-08 13:00,Fissure Playground,GamerLegion vs FURIA,map1_moneyline,GamerLegion,3,Sharp,3.75,1,won,2.75,-14.022,,,,selected,2026-09-08 11:08
map1_specials_v1,2026-09-08 13:00,Fissure Playground,G2 vs Astralis,map1_moneyline,Astralis,3,Sharp,2.54,1,won,1.54,-12.482,,,,selected,2026-09-08 12:10
map1_specials_v1,2026-09-08 13:30,Fissure Playground,G2 vs Astralis,map1_moneyline,Astralis,3,Sharp,2.58,1,won,1.58,-10.902,,,,selected,2026-09-08 13:08
map1_specials_v1,2026-09-08 13:45,,Bushido Wildcats vs NAVI Junior,map1_moneyline,NAVI Junior,3,Sharp,2.77,1,lost,-1.0,-11.902,1.46,specials_hourly,specials_hourly,selected,2026-09-07 15:08
map1_specials_v1,2026-09-08 17:30,Private Club Closed Qualifier,WW vs NOVAQ,map1_moneyline,NOVAQ,3,Sharp,2.21,1,lost,-1.0,-12.902,-5.49,specials_hourly,specials_hourly,selected,2026-09-07 15:08
map1_specials_v1,2026-09-09 03:00,Fissure Playground,5star vs The MongolZ,map1_moneyline,5star,3,Sharp,4.55,1,won,3.55,-9.352,-3.09,specials_hourly,specials_hourly,selected,2026-09-08 19:07
map1_specials_v1,2026-09-09 11:00,TP World Championship Closed Qualifier,HEROIC vs BESTIA,map1_moneyline,BESTIA,3,Sharp,3.12,1,lost,-1.0,-10.352,-3.35,specials_hourly,specials_hourly,selected,2026-09-08 20:07
map1_specials_v1,2026-09-09 11:30,TP World Championship Closed Qualifier,HEROIC vs BESTIA,map1_moneyline,BESTIA,3,Sharp,3.17,1,lost,-1.0,-11.352,,,,selected,2026-09-09 11:08
map1_specials_v1,2026-09-09 12:00,Fissure Playground,PARIVISION vs FURIA,map1_moneyline,FURIA,3,Sharp,1.633,1,won,0.633,-10.719,1.83,specials_hourly,specials_hourly,selected,2026-09-08 19:07
map1_specials_v1,2026-09-09 12:00,,HOTU vs Nemiga,map1_moneyline,HOTU,3,Sharp,2.1,1,won,1.1,-9.619,3.84,specials_hourly,specials_hourly,selected,2026-09-09 06:13
map1_specials_v1,2026-09-09 13:00,Fissure Playground,PARIVISION vs FURIA,map1_moneyline,FURIA,3,Sharp,1.667,1,won,0.667,-8.952,,,,selected,2026-09-09 12:12
map1_specials_v1,2026-09-09 13:45,,Phantom Academy vs ex-Zero Tenacity,map1_moneyline,Phantom Academy,3,Sharp,3.15,1,lost,-1.0,-9.952,2.67,specials_hourly,specials_hourly,selected,2026-09-09 04:12
map1_specials_v1,2026-09-09 13:45,CCT Europe Challengers,NAVI Junior vs Fire Flux,map1_moneyline,NAVI Junior,3,Sharp,2.15,1,won,1.15,-8.802,0.55,specials_hourly,specials_hourly,selected,2026-09-09 11:08
map1_specials_v1,2026-09-09 14:00,PGL Masters Bucharest Europe Closed Qualifier,Ninjas in Pyjamas vs SINNERS,map1_moneyline,SINNERS,3,Sharp,2.29,1,won,1.29,-7.512,-1.49,specials_hourly,specials_hourly,selected,2026-09-08 06:09
map1_specials_v1,2026-09-09 14:00,TP World Championship Closed Qualifier,EYEBALLERS vs Nemesis,map1_moneyline,EYEBALLERS,3,Sharp,2.41,1,lost,-1.0,-8.512,-1.18,specials_hourly,specials_hourly,selected,2026-09-09 00:08
map1_specials_v1,2026-09-09 17:00,,Turma do Pagode vs DENDELE,map1_moneyline,Turma do Pagode,3,Sharp,3.21,1,lost,-1.0,,-1.71,specials_hourly,specials_hourly,quarantined,2026-09-08 06:09
map1_specials_v1,2026-09-09 17:30,ESEA Advanced Europe,WBT Academy vs eSuba,map1_moneyline,eSuba,3,Sharp,3.0,1,lost,-1.0,-9.512,-4.6,specials_hourly,specials_hourly,selected,2026-09-09 04:12
map1_specials_v1,2026-09-09 17:30,ESEA Advanced Europe,Falcons Force vs BERG,map1_moneyline,BERG,3,Sharp,2.55,1,lost,-1.0,-10.512,0.49,specials_hourly,specials_hourly,selected,2026-09-09 15:10
map1_specials_v1,2026-09-09 20:00,PGL Masters Bucharest South America Closed Qualifier,Imperial vs Galorys,map1_moneyline,Galorys,3,Sharp,2.47,1,lost,-1.0,-11.512,-0.45,specials_hourly,specials_hourly,selected,2026-09-08 06:09
map1_specials_v1,2026-09-09 23:00,PGL Masters Bucharest North America Closed Qualifier,NRG vs Without a Roof,map1_moneyline,Without a Roof,3,Sharp,4.69,1,lost,-1.0,,4.32,specials_hourly,specials_hourly,quarantined,2026-09-08 06:09
map1_specials_v1,2026-09-09 23:00,PGL Masters Bucharest South America Closed Qualifier,paiN vs Back to Back,map1_moneyline,Back to Back,3,Sharp,3.75,1,lost,-1.0,,2.12,specials_hourly,specials_hourly,quarantined,2026-09-08 06:09
map1_specials_v1,2026-09-10 03:00,Fissure Playground,9z vs G2,map1_moneyline,9z,3,Sharp,2.39,1,won,1.39,-10.122,-3.36,specials_hourly,specials_hourly,selected,2026-09-09 15:10
map1_specials_v1,2026-09-10 06:00,Fissure Playground,Astralis vs 5star,map1_moneyline,5star,3,Sharp,4.84,1,won,3.84,-6.282,-0.8,specials_hourly,specials_hourly,selected,2026-09-09 17:11
map1_specials_v1,2026-09-10 07:00,Fissure Playground,Astralis vs 5star,map1_moneyline,5star,3,Sharp,5.43,1,won,4.43,-1.852,,,,selected,2026-09-10 06:11
map1_specials_v1,2026-09-10 07:20,Fissure Playground,Astralis vs 5star,map1_moneyline,5star,3,Sharp,5.09,1,won,4.09,2.238,,,,selected,2026-09-10 07:11
map1_specials_v1,2026-09-10 08:00,TP World Championship Closed Qualifier,BESTIA vs Virtus.pro,map1_moneyline,BESTIA,3,Sharp,2.18,1,lost,-1.0,1.238,-2.39,specials_hourly,specials_hourly,selected,2026-09-09 22:11
map1_specials_v1,2026-09-10 09:00,Fissure Playground,Legacy vs FURIA,map1_moneyline,Legacy,3,Sharp,2.5,1,won,1.5,2.738,0.51,specials_hourly,specials_hourly,selected,2026-09-10 06:11
map1_specials_v1,2026-09-10 11:00,,Bebop vs WBT Academy,map1_moneyline,WBT Academy,3,Sharp,1.694,1,won,0.694,3.432,-2.98,specials_hourly,specials_hourly,selected,2026-09-09 05:08
map1_specials_v1,2026-09-10 11:00,TP World Championship Closed Qualifier,Wildcard vs EYEBALLERS,map1_moneyline,EYEBALLERS,3,Sharp,2.24,1,won,1.24,4.672,2.04,specials_hourly,specials_hourly,selected,2026-09-10 06:11
map1_specials_v1,2026-09-10 12:00,,G2 vs 5star,map1_moneyline,5star,3,Sharp,4.52,1,lost,-1.0,3.672,,,,selected,2026-09-10 11:11
map1_specials_v1,2026-09-10 13:30,Fissure Playground,G2 vs 5star,map1_moneyline,5star,3,Sharp,4.64,1,lost,-1.0,2.672,,,,selected,2026-09-10 13:09
map1_specials_v1,2026-09-10 14:00,PGL Masters Bucharest Europe Closed Qualifier,1win vs B8,map1_moneyline,B8,3,Sharp,1.775,1,lost,-1.0,1.672,-2.2,specials_hourly,specials_hourly,selected,2026-09-09 22:11
map1_specials_v1,2026-09-10 14:00,TP World Championship Closed Qualifier,3DMAX vs BBL,map1_moneyline,3DMAX,3,Sharp,1.613,1,lost,-1.0,0.672,3.24,specials_hourly,specials_hourly,selected,2026-09-10 04:15
map1_specials_v1,2026-09-10 14:00,PGL Masters Bucharest South America Closed Qualifier,ShindeN vs Turma do Pagode,map1_moneyline,Turma do Pagode,3,Sharp,2.14,1,lost,-1.0,-0.328,-4.97,specials_hourly,specials_hourly,selected,2026-09-10 06:11
map1_specials_v1,2026-09-10 17:00,,FOKUS vs 1win,map1_moneyline,FOKUS,3,Sharp,2.65,1,won,1.65,1.322,4.84,specials_hourly,specials_hourly,selected,2026-09-09 22:11
map1_specials_v1,2026-09-10 17:00,PGL Masters Bucharest South America Closed Qualifier,Back to Back vs Galorys,map1_moneyline,Back to Back,3,Sharp,3.67,1,won,2.67,3.992,15.29,specials_hourly,specials_hourly,selected,2026-09-10 06:11
map1_specials_v1,2026-09-10 20:00,,Fluxo vs DENDELE,map1_moneyline,Fluxo,3,Sharp,2.62,1,won,1.62,5.612,1.58,specials_hourly,specials_hourly,selected,2026-09-10 06:11
map1_specials_v1,2026-09-11 02:00,,Voca vs NRG,map1_moneyline,Voca,3,Sharp,2.45,1,lost,-1.0,4.612,-2.12,specials_hourly,specials_hourly,selected,2026-09-10 13:10
map1_specials_v1,2026-09-11 11:00,,SINNERS vs Nuclear TigeRES,map1_moneyline,SINNERS,3,Sharp,1.813,1,lost,-1.0,3.612,0.23,specials_hourly,specials_hourly,selected,2026-09-11 00:10
map1_specials_v1,2026-09-11 11:00,CCT Europe Series,Metizport vs Lavked,map1_moneyline,Lavked,3,Sharp,2.6,1,lost,-1.0,2.612,1.14,specials_hourly,specials_hourly,selected,2026-09-11 06:11
map1_specials_v1,2026-09-11 11:00,CCT Europe Challengers,megoshort vs Inner Circle Academy,map1_moneyline,megoshort,3,Sharp,2.83,1,won,1.83,4.442,-2.4,specials_hourly,specials_hourly,selected,2026-09-11 06:11
map1_specials_v1,2026-09-11 14:00,TP World Championship Closed Qualifier,3DMAX vs 100 Thieves,map1_moneyline,3DMAX,3,Sharp,2.28,1,lost,-1.0,3.442,0.9,specials_hourly,specials_hourly,selected,2026-09-10 22:11
map1_specials_v1,2026-09-11 14:00,PGL Masters Bucharest South America Closed Qualifier,Fluxo vs Back to Back,map1_moneyline,Back to Back,3,Sharp,2.7,1,won,1.7,5.142,11.23,specials_hourly,specials_hourly,selected,2026-09-11 04:09
map1_specials_v1,2026-09-11 17:00,NODWIN Clutch Series,SINQU vs Misa,map1_moneyline,SINQU,3,Sharp,4.04,1,lost,-1.0,,1.96,specials_hourly,specials_hourly,quarantined,2026-09-11 01:08
map1_specials_v1,2026-09-11 17:00,PGL Masters Bucharest Europe Closed Qualifier,Nuclear TigeRES vs B8,map1_moneyline,B8,3,Sharp,1.699,1,lost,-1.0,4.142,,,,selected,2026-09-11 16:11
map1_specials_v1,2026-09-11 23:00,,Voca vs antivalue,map1_moneyline,antivalue,3,Sharp,3.56,1,lost,-1.0,3.142,-3.01,specials_hourly,specials_hourly,selected,2026-09-11 07:11
map1_specials_v1,2026-09-12 02:00,PGL Masters Bucharest North America Closed Qualifier,Liquid vs NRG,map1_moneyline,NRG,3,Sharp,2.18,1,won,1.18,4.322,0.79,specials_hourly,specials_hourly,selected,2026-09-12 00:10
map1_specials_v1,2026-09-12 06:00,Fissure Playground,Legacy vs MIBR,map1_moneyline,Legacy,3,Sharp,1.552,1,won,0.552,4.874,-2.28,specials_hourly,specials_hourly,selected,2026-09-11 14:08
map1_specials_v1,2026-09-12 08:00,NODWIN Clutch Series Closed Qualifier,ReThink vs Misa,map1_moneyline,ReThink,3,Sharp,2.72,1,lost,-1.0,,,,,quarantined,2026-09-12 07:10
map1_specials_v1,2026-09-12 09:00,Fissure Playground,BetBoom vs G2,map1_moneyline,BetBoom,3,Sharp,2.33,1,won,1.33,6.204,-3.41,specials_hourly,specials_hourly,selected,2026-09-11 16:11
map1_specials_v1,2026-09-12 09:45,Fissure Playground,BetBoom vs G2,map1_moneyline,BetBoom,3,Sharp,2.53,1,won,1.53,7.734,,,,selected,2026-09-12 09:11
map1_specials_v1,2026-09-12 10:00,,1win vs B8,map1_moneyline,B8,3,Sharp,1.893,1,won,0.893,8.627,0.22,specials_hourly,specials_hourly,selected,2026-09-11 21:11
map1_specials_v1,2026-09-12 10:30,,Saint Sinners vs mellren,map1_moneyline,mellren,3,Sharp,2.09,1,won,1.09,9.717,0.93,specials_hourly,specials_hourly,selected,2026-09-12 07:10
map1_specials_v1,2026-09-12 11:00,,Bushido Wildcats vs Misa,map1_moneyline,Misa,3,Sharp,2.75,1,won,1.75,11.467,-3.65,specials_hourly,specials_hourly,selected,2026-09-11 16:11
map1_specials_v1,2026-09-12 11:00,CCT Europe Series,Color vs SPARTA,map1_moneyline,SPARTA,3,Sharp,2.0,1,lost,-1.0,10.467,-5.69,specials_hourly,specials_hourly,selected,2026-09-11 16:11
map1_specials_v1,2026-09-12 14:00,,HOTU vs 100 Thieves,map1_moneyline,HOTU,3,Sharp,2.08,1,won,1.08,11.547,0.43,specials_hourly,specials_hourly,selected,2026-09-11 21:11
map1_specials_v1,2026-09-12 16:00,PGL Masters Bucharest South America Closed Qualifier,Imperial vs Fluxo,map1_moneyline,Fluxo,3,Sharp,2.3,1,won,1.3,12.847,2.03,specials_hourly,specials_hourly,selected,2026-09-12 08:10
map1_specials_v1,2026-09-12 17:00,CCT Europe Series,Nemiga vs Just Players,map1_moneyline,Nemiga,3,Sharp,1.515,1,won,0.515,13.362,6.12,specials_hourly,specials_hourly,selected,2026-09-12 00:10
map1_specials_v1,2026-09-12 17:00,CCT Europe Series Closed Qualifier,NAVI Junior vs Bushido Wildcats,map1_moneyline,NAVI Junior,3,Sharp,2.57,1,lost,-1.0,12.362,0.0,specials_hourly,specials_hourly,selected,2026-09-12 07:10
map1_specials_v1,2026-09-12 17:15,,Iberian Soul vs LP,map1_moneyline,LP,3,Sharp,3.08,1,lost,-1.0,11.362,,,,selected,2026-09-12 17:09
map1_specials_v1,2026-09-12 19:00,,Liquid vs Voca,map1_moneyline,Voca,3,Sharp,2.74,1,won,1.74,13.102,-4.51,specials_hourly,specials_hourly,selected,2026-09-12 07:10
map1_specials_v1,2026-09-13 08:00,,Enjoy vs mellren,map1_moneyline,mellren,3,Sharp,2.09,1,lost,-1.0,12.102,11.89,specials_hourly,specials_hourly,selected,2026-09-12 17:09
map1_specials_v1,2026-09-13 10:30,,Bebop vs Misa,map1_moneyline,Misa,3,Sharp,1.99,1,lost,-1.0,,-0.54,specials_hourly,specials_hourly,quarantined,2026-09-13 07:09
map1_specials_v1,2026-09-13 11:00,ESEA Advanced Europe,NAVI Junior vs Falcons Force,map1_moneyline,NAVI Junior,3,Sharp,2.3,1,lost,-1.0,11.102,6.92,specials_hourly,specials_hourly,selected,2026-09-12 21:09
map1_specials_v1,2026-09-13 11:00,CCT Europe Challengers,Bushido Wildcats vs megoshort,map1_moneyline,megoshort,3,Sharp,2.69,1,lost,-1.0,10.102,-5.42,specials_hourly,specials_hourly,selected,2026-09-13 00:10
map1_specials_v1,2026-09-13 17:00,NODWIN Clutch Series,ex-RUSTEC vs Misa,map1_moneyline,Misa,3,Sharp,2.4,1,won,1.4,11.502,-9.58,specials_hourly,specials_hourly,selected,2026-09-13 00:10
map1_specials_v1,2026-09-14 08:00,,ex-RUSTEC vs Azuolas,map1_moneyline,ex-RUSTEC,3,Sharp,1.8,1,won,0.8,12.302,12.17,specials_hourly,specials_hourly,selected,2026-09-13 18:08
map1_specials_v1,2026-09-14 08:00,Fiesta Series,ENCE vs Falcons Force,map1_moneyline,Falcons Force,3,Sharp,1.826,1,lost,-1.0,11.302,-2.7,specials_hourly,specials_hourly,selected,2026-09-14 05:08
map1_specials_v1,2026-09-14 08:00,,Bushido Wildcats vs Enjoy,map1_moneyline,Enjoy,3,Sharp,2.44,1,lost,-1.0,10.302,,,,selected,2026-09-14 07:08
map1_specials_v1,2026-09-14 10:00,CCT Europe Series 8,Metizport vs Nemiga,map1_moneyline,Metizport,3,Sharp,2.93,1,lost,-1.0,9.302,3.65,specials_hourly,specials_hourly,selected,2026-09-14 02:07
map1_specials_v1,2026-09-14 10:30,European Pro League,Bushido Wildcats vs NAVI Junior,map1_moneyline,NAVI Junior,3,Sharp,2.62,1,lost,-1.0,8.302,1.71,specials_hourly,specials_hourly,selected,2026-09-13 18:08
map1_specials_v1,2026-09-14 14:00,,Falcons Force vs NAVI Junior,map1_moneyline,Falcons Force,3,Sharp,1.87,1,lost,-1.0,7.302,3.54,specials_hourly,specials_hourly,selected,2026-09-14 05:08
map1_specials_v1,2026-09-14 17:00,Fiesta Series,KAMUI vs Fortress,map1_moneyline,KAMUI,3,Sharp,1.741,1,won,0.741,8.043,6.74,specials_hourly,specials_hourly,selected,2026-09-14 05:08
map1_specials_v1,2026-09-14 17:30,ESEA Advanced Europe,OLDBOYS PL vs LPH,map1_moneyline,LPH,3,Sharp,2.29,1,won,1.29,9.333,-3.32,specials_hourly,specials_hourly,selected,2026-09-14 05:08
map1_specials_v1,2026-09-15 11:00,NODWIN Clutch Series,Black Phoenix vs Just Players,map1_moneyline,Black Phoenix,3,Sharp,2.0,1,lost,-1.0,8.333,-0.22,specials_hourly,specials_hourly,selected,2026-09-15 01:08
map1_specials_v1,2026-09-16 08:00,,Black Phoenix vs ENCE,map1_moneyline,Black Phoenix,3,Sharp,1.99,1,won,0.99,9.323,4.03,specials_hourly,specials_hourly,selected,2026-09-15 06:09
map1_specials_v1,2026-09-16 11:00,,Just Players vs NAVI Junior,map1_moneyline,NAVI Junior,3,Sharp,2.42,1,lost,-1.0,8.323,1.21,specials_hourly,specials_hourly,selected,2026-09-15 06:09
map1_specials_v1,2026-09-16 13:00,Circuit X Curitiba,ALKA vs Turma do Pagode,map1_moneyline,ALKA,3,Sharp,2.76,1,lost,-1.0,7.323,0.11,specials_hourly,specials_hourly,selected,2026-09-16 03:08
map1_specials_v1,2026-09-16 17:00,,UPGRADE vs PCIFIC,map1_moneyline,PCIFIC,3,Sharp,2.2,1,lost,-1.0,6.323,1.33,specials_hourly,specials_hourly,selected,2026-09-14 18:07
map1_specials_v1,2026-09-16 20:00,Circuit X Curitiba,Bounty Hunters vs Yawara,map1_moneyline,Yawara,3,Sharp,2.46,1,lost,-1.0,5.323,3.66,specials_hourly,specials_hourly,selected,2026-09-16 03:08
map1_specials_v1,2026-09-16 20:30,Circuit X Curitiba,Bounty Hunters vs Yawara,map1_moneyline,Yawara,3,Sharp,2.28,1,lost,-1.0,4.323,,,,selected,2026-09-16 20:09
map1_specials_v1,2026-09-17 08:00,Logitech G Connect,B8 vs Metizport,map1_moneyline,Metizport,1,Sharp,3.06,1,lost,-1.0,3.323,2.91,specials_hourly,specials_hourly,selected,2026-09-15 00:10
map1_specials_v1,2026-09-17 08:00,NODWIN Clutch Series 12,BRUTE vs QUAZAR,map1_moneyline,QUAZAR,3,Sharp,1.787,1,lost,-1.0,2.323,3.7,specials_hourly,specials_hourly,selected,2026-09-17 03:08
map1_specials_v1,2026-09-17 09:00,Logitech G Connect,Ninjas in Pyjamas vs M80,map1_moneyline,M80,1,Sharp,1.909,1,won,0.909,3.232,-4.32,specials_hourly,specials_hourly,selected,2026-09-15 00:10
map1_specials_v1,2026-09-17 09:00,Logitech G Connect,GamerLegion vs Luminosity,map1_moneyline,Luminosity,1,Sharp,2.1,1,lost,-1.0,2.232,8.09,specials_hourly,specials_hourly,selected,2026-09-15 05:09
map1_specials_v1,2026-09-17 10:00,Logitech G Connect,Metizport vs Luminosity,map1_moneyline,Metizport,1,Sharp,2.39,1,lost,-1.0,1.232,0.79,specials_hourly,specials_hourly,selected,2026-09-15 00:10
map1_specials_v1,2026-09-17 11:00,Logitech G Connect,M80 vs GamerLegion,map1_moneyline,M80,1,Sharp,1.909,1,won,0.909,2.141,1.12,specials_hourly,specials_hourly,selected,2026-09-15 00:10
map1_specials_v1,2026-09-17 11:00,Logitech G Connect,Ninjas in Pyjamas vs B8,map1_moneyline,B8,1,Sharp,1.633,1,won,0.633,2.774,-1.93,specials_hourly,specials_hourly,selected,2026-09-16 19:09
map1_specials_v1,2026-09-17 11:30,Logitech G Connect,Ninjas in Pyjamas vs B8,map1_moneyline,B8,1,Sharp,1.69,1,won,0.69,3.464,,,,selected,2026-09-17 11:10
map1_specials_v1,2026-09-17 12:00,Logitech G Connect,Metizport vs Ninjas in Pyjamas,map1_moneyline,Metizport,1,Sharp,2.47,1,lost,-1.0,2.464,-0.84,specials_hourly,specials_hourly,selected,2026-09-15 00:10
map1_specials_v1,2026-09-17 12:30,StarLadder StarSeries Fall,Vitality vs Magic,map1_moneyline,Magic,3,Sharp,4.34,1,lost,-1.0,1.464,-0.5,specials_hourly,specials_hourly,selected,2026-09-15 14:08
map1_specials_v1,2026-09-17 13:00,Logitech G Connect,GamerLegion vs Ninjas in Pyjamas,map1_moneyline,GamerLegion,1,Sharp,2.05,1,won,1.05,2.514,-1.43,specials_hourly,specials_hourly,selected,2026-09-17 02:09
map1_specials_v1,2026-09-17 13:00,Logitech G Connect,Metizport vs Ninjas in Pyjamas,map1_moneyline,Metizport,1,Sharp,2.52,1,lost,-1.0,1.514,0.0,specials_hourly,specials_hourly,selected,2026-09-17 11:10
map1_specials_v1,2026-09-17 13:20,Logitech G Connect,Metizport vs Ninjas in Pyjamas,map1_moneyline,Metizport,1,Sharp,2.52,1,lost,-1.0,0.514,-3.58,specials_hourly,specials_hourly,selected,2026-09-17 12:12
map1_specials_v1,2026-09-17 14:00,Logitech G Connect,Metizport vs GamerLegion,map1_moneyline,Metizport,1,Sharp,2.47,1,won,1.47,1.984,-1.19,specials_hourly,specials_hourly,selected,2026-09-15 00:10
map1_specials_v1,2026-09-17 14:00,Logitech G Connect,Luminosity vs M80,map1_moneyline,M80,1,Sharp,1.99,1,lost,-1.0,0.984,0.45,specials_hourly,specials_hourly,selected,2026-09-17 03:09
map1_specials_v1,2026-09-17 14:00,NODWIN Clutch Series 12,Black Phoenix vs ex-RUSTEC,map1_moneyline,ex-RUSTEC,3,Sharp,1.806,1,lost,-1.0,-0.016,2.53,specials_hourly,specials_hourly,selected,2026-09-17 06:11
map1_specials_v1,2026-09-17 14:20,Logitech G Connect,GamerLegion vs Ninjas in Pyjamas,map1_moneyline,GamerLegion,1,Sharp,2.11,1,won,1.11,1.094,0.0,specials_hourly,specials_hourly,selected,2026-09-17 13:10
map1_specials_v1,2026-09-17 15:00,Logitech G Connect,B8 vs M80,map1_moneyline,M80,1,Sharp,2.51,1,lost,-1.0,0.094,5.39,specials_hourly,specials_hourly,selected,2026-09-15 00:10
map1_specials_v1,2026-09-17 15:00,Logitech G Connect,Luminosity vs Ninjas in Pyjamas,map1_moneyline,Luminosity,1,Sharp,2.03,1,won,1.03,1.124,-0.96,specials_hourly,specials_hourly,selected,2026-09-15 08:09
map1_specials_v1,2026-09-17 15:00,Logitech G Connect,Luminosity vs M80,map1_moneyline,M80,1,Sharp,1.99,1,lost,-1.0,0.124,0.45,specials_hourly,specials_hourly,selected,2026-09-17 12:12
map1_specials_v1,2026-09-17 15:10,Logitech G Connect,GamerLegion vs Ninjas in Pyjamas,map1_moneyline,GamerLegion,1,Sharp,2.11,1,won,1.11,1.234,0.19,specials_hourly,specials_hourly,selected,2026-09-17 14:09
map1_specials_v1,2026-09-17 16:00,Logitech G Connect,Luminosity vs M80,map1_moneyline,M80,1,Sharp,1.971,1,lost,-1.0,0.234,1.7,specials_hourly,specials_hourly,selected,2026-09-17 14:09
map1_specials_v1,2026-09-17 16:10,Logitech G Connect,Metizport vs GamerLegion,map1_moneyline,Metizport,1,Sharp,2.53,1,won,1.53,1.764,0.0,specials_hourly,specials_hourly,selected,2026-09-17 14:09
map1_specials_v1,2026-09-17 16:30,Logitech G Connect,Luminosity vs Ninjas in Pyjamas,map1_moneyline,Luminosity,1,Sharp,2.07,1,won,1.07,2.834,-0.31,specials_hourly,specials_hourly,selected,2026-09-17 14:09
map1_specials_v1,2026-09-17 17:00,CCT Europe Series 9,Nexus vs Spirit Academy,map1_moneyline,Spirit Academy,3,Sharp,2.11,1,won,1.11,3.944,-0.17,specials_hourly,specials_hourly,selected,2026-09-17 07:11
map1_specials_v1,2026-09-17 17:30,Logitech G Connect,Luminosity vs Ninjas in Pyjamas,map1_moneyline,Luminosity,1,Sharp,2.08,1,won,1.08,5.024,-0.08,specials_hourly,specials_hourly,selected,2026-09-17 16:09
map1_specials_v1,2026-09-18 08:00,Circuito Retake,SAW Youngsters vs REVENIX,map1_moneyline,REVENIX,3,Sharp,3.25,1,lost,-1.0,,0.7,specials_hourly,specials_hourly,quarantined,2026-09-18 00:15
map1_specials_v1,2026-09-18 10:30,European Pro League,ex-RUSTEC vs NAVI Junior,map1_moneyline,NAVI Junior,3,Sharp,2.5,1,won,1.5,6.524,-0.45,specials_hourly,specials_hourly,selected,2026-09-18 00:15
map1_specials_v1,2026-09-18 11:00,Logitech G Connect,EYEBALLERS vs Liquid,map1_moneyline,Liquid,1,Sharp,1.602,1,lost,-1.0,5.524,0.77,specials_hourly,specials_hourly,selected,2026-09-18 00:15
map1_specials_v1,2026-09-18 11:00,CCT Europe Series,Black Phoenix vs Lavked,map1_moneyline,Lavked,3,Sharp,2.08,1,lost,-1.0,4.524,-11.75,specials_hourly,specials_hourly,selected,2026-09-18 01:11
map1_specials_v1,2026-09-18 12:00,Logitech G Connect,BBL vs 3DMAX,map1_moneyline,BBL,1,Sharp,2.62,1,lost,-1.0,3.524,4.0,specials_hourly,specials_hourly,selected,2026-09-18 00:15
map1_specials_v1,2026-09-18 12:30,,Magic vs MIBR,map1_moneyline,Magic,3,Sharp,2.4,1,lost,-1.0,2.524,0.69,specials_hourly,specials_hourly,selected,2026-09-17 21:09
map1_specials_v1,2026-09-18 13:00,Logitech G Connect,EYEBALLERS vs BBL,map1_moneyline,BBL,1,Sharp,2.15,1,won,1.15,3.674,5.83,specials_hourly,specials_hourly,selected,2026-09-18 00:15
map1_specials_v1,2026-09-18 13:00,Logitech G Connect,Liquid vs 3DMAX,map1_moneyline,Liquid,1,Sharp,1.962,1,won,0.962,4.636,0.92,specials_hourly,specials_hourly,selected,2026-09-18 02:11
map1_specials_v1,2026-09-18 14:00,CCT Europe Series,QUAZAR vs NAVI Junior,map1_moneyline,NAVI Junior,3,Sharp,2.5,1,lost,-1.0,3.636,-4.73,specials_hourly,specials_hourly,selected,2026-09-18 00:15
map1_specials_v1,2026-09-18 14:00,Logitech G Connect,Liquid vs 3DMAX,map1_moneyline,Liquid,1,Sharp,1.926,1,won,0.926,4.562,0.0,specials_hourly,specials_hourly,selected,2026-09-18 09:13
map1_specials_v1,2026-09-18 14:30,Logitech G Connect,Liquid vs 3DMAX,map1_moneyline,Liquid,1,Sharp,1.926,1,won,0.926,5.488,0.23,specials_hourly,specials_hourly,selected,2026-09-18 11:11
map1_specials_v1,2026-09-18 15:00,Logitech G Connect,Liquid vs 3DMAX,map1_moneyline,Liquid,1,Sharp,1.926,1,won,0.926,6.414,0.23,specials_hourly,specials_hourly,selected,2026-09-18 12:20
map1_specials_v1,2026-09-18 17:00,CCT Europe Series,BAKS vs ex-RUSTEC,map1_moneyline,ex-RUSTEC,3,Sharp,2.05,1,won,1.05,7.464,2.71,specials_hourly,specials_hourly,selected,2026-09-18 00:15
map1_specials_v1,2026-09-18 17:00,NODWIN Clutch Series,Color vs SPARTA,map1_moneyline,SPARTA,3,Sharp,2.35,1,lost,-1.0,6.464,2.18,specials_hourly,specials_hourly,selected,2026-09-18 06:15
map1_specials_v1,2026-09-18 21:00,,ShindeN vs Turma do Pagode,map1_moneyline,Turma do Pagode,3,Sharp,2.36,1,won,1.36,7.824,-2.94,specials_hourly,specials_hourly,selected,2026-09-18 14:10
map1_specials_v1,2026-09-18 21:20,Circuito Retake,SAW Youngsters vs REVENIX,map1_moneyline,REVENIX,3,Sharp,3.28,1,lost,-1.0,,,,,quarantined,2026-09-18 21:12
map1_specials_v1,2026-09-19 00:00,,Imperial vs BESTIA,map1_moneyline,BESTIA,3,Sharp,2.74,1,won,1.74,9.564,0.28,specials_hourly,specials_hourly,selected,2026-09-18 11:11
map1_specials_v1,2026-09-19 10:00,StarLadder StarSeries Fall,NRG vs MIBR,map1_moneyline,NRG,3,Sharp,2.2,1,lost,-1.0,8.564,0.2,specials_hourly,specials_hourly,selected,2026-09-18 21:12
map1_specials_v1,2026-09-19 11:00,Logitech G Connect,Luminosity vs BBL,map1_moneyline,BBL,3,Sharp,2.28,1,lost,-1.0,7.564,0.0,specials_hourly,specials_hourly,selected,2026-09-19 06:12
map1_specials_v1,2026-09-19 12:00,Circuito Retake,LP vs SAW Youngsters,map1_moneyline,SAW Youngsters,3,Sharp,3.16,1,won,2.16,9.724,-0.51,specials_hourly,specials_hourly,selected,2026-09-19 07:10
map1_specials_v1,2026-09-19 12:30,Circuito Retake,LP vs SAW Youngsters,map1_moneyline,SAW Youngsters,3,Sharp,3.45,1,won,2.45,12.174,,,,selected,2026-09-19 12:09
map1_specials_v1,2026-09-19 14:00,,3DMAX vs M80,map1_moneyline,3DMAX,3,Sharp,2.18,1,won,1.18,13.354,1.64,specials_hourly,specials_hourly,selected,2026-09-18 21:12
map1_specials_v1,2026-09-19 15:00,,Vitality vs Aurora,map1_moneyline,Aurora,3,Sharp,2.58,1,won,1.58,14.934,0.59,specials_hourly,specials_hourly,selected,2026-09-18 21:12
map1_specials_v1,2026-09-19 15:00,Circuito Retake,Eternal Fire vs Nice Try,map1_moneyline,Nice Try,3,Sharp,3.94,1,lost,-1.0,,2.07,specials_hourly,specials_hourly,quarantined,2026-09-19 07:10
map1_specials_v1,2026-09-19 15:30,Circuito Retake,Eternal Fire vs Nice Try,map1_moneyline,Nice Try,3,Sharp,3.66,1,lost,-1.0,,,,,quarantined,2026-09-19 15:09
map1_specials_v1,2026-09-19 16:15,Circuito Retake,Eternal Fire vs Nice Try,map1_moneyline,Nice Try,3,Sharp,3.96,1,lost,-1.0,,,,,quarantined,2026-09-19 16:09
map1_specials_v1,2026-09-19 17:15,CCT Europe Series 9,Just Players vs Spirit Academy,map1_moneyline,Spirit Academy,3,Sharp,1.962,1,lost,-1.0,13.934,,,,selected,2026-09-19 17:09
map1_specials_v1,2026-09-19 18:00,Circuito Retake,GenOne vs BERG,map1_moneyline,BERG,3,Sharp,3.84,1,lost,-1.0,12.934,-3.78,specials_hourly,specials_hourly,selected,2026-09-19 07:10
map1_specials_v1,2026-09-19 20:00,Circuito Retake,GenOne vs BERG,map1_moneyline,BERG,3,Sharp,4.55,1,lost,-1.0,11.934,,,,selected,2026-09-19 19:08
map1_specials_v1,2026-09-20 09:00,Circuito Retake,WBT vs SAW Youngsters,map1_moneyline,SAW Youngsters,3,Sharp,2.66,1,lost,-1.0,10.934,0.01,specials_hourly,specials_hourly,selected,2026-09-20 07:10
map1_specials_v1,2026-09-20 11:00,,Color vs UPGRADE,map1_moneyline,UPGRADE,3,Sharp,2.41,1,lost,-1.0,9.934,0.22,specials_hourly,specials_hourly,selected,2026-09-19 03:09
map1_specials_v1,2026-09-20 12:00,StarLadder StarSeries Fall,Vitality vs FURIA,map1_moneyline,FURIA,3,Sharp,2.52,1,lost,-1.0,8.934,2.33,specials_hourly,specials_hourly,selected,2026-09-20 00:09
map1_specials_v1,2026-09-20 12:00,Circuito Retake,Eternal Fire vs GenOne,map1_moneyline,GenOne,3,Sharp,2.67,1,lost,-1.0,,0.48,specials_hourly,specials_hourly,quarantined,2026-09-20 07:10
map1_specials_v1,2026-09-20 15:00,,Aurora vs Vitality,map1_moneyline,Aurora,5,Sharp,2.57,1,lost,-1.0,7.934,,,,selected,2026-09-20 14:09
map1_specials_v1,2026-09-20 17:00,NODWIN Clutch Series,INOX Division vs SPARTA,map1_moneyline,SPARTA,3,Sharp,2.02,1,won,1.02,8.954,-4.64,specials_hourly,specials_hourly,selected,2026-09-20 07:10
map1_specials_v1,2026-09-20 21:00,Circuit X Curitiba,Bounty Hunters vs BESTIA,map1_moneyline,Bounty Hunters,3,Sharp,2.2,1,lost,-1.0,7.954,3.89,specials_hourly,specials_hourly,selected,2026-09-20 06:09
map1_specials_v1,2026-09-21 08:00,NODWIN Clutch Series,BRUTE vs SPARTA,map1_moneyline,BRUTE,3,Sharp,2.39,1,won,1.39,9.344,5.55,specials_hourly,specials_hourly,selected,2026-09-21 01:07
map1_specials_v1,2026-09-21 14:00,Fiesta Series,INOX Division vs ex-Zero Tenacity,map1_moneyline,ex-Zero Tenacity,3,Sharp,1.98,1,won,0.98,10.324,-4.58,specials_hourly,specials_hourly,selected,2026-09-21 06:10
map1_specials_v1,2026-09-21 17:00,Fiesta Series,WW vs Phantom Academy,map1_moneyline,Phantom Academy,3,Sharp,2.31,1,lost,-1.0,9.324,-0.8,specials_hourly,specials_hourly,selected,2026-09-20 19:08
map1_specials_v1,2026-09-21 17:00,CCT Europe Series 9,Lavked vs NAVI Junior,map1_moneyline,NAVI Junior,3,Sharp,1.917,1,won,0.917,10.241,-2.97,specials_hourly,specials_hourly,selected,2026-09-21 04:07
map1_specials_v1,2026-09-22 08:00,,Saint Sinners vs KUUSAMO,map1_moneyline,KUUSAMO,3,Sharp,3.15,1,won,2.15,12.391,-0.95,specials_hourly,specials_hourly,selected,2026-09-21 06:10
map1_specials_v1,2026-09-22 13:00,Logitech G Connect,B8 vs Luminosity,map1_moneyline,B8,3,Sharp,1.746,1,lost,-1.0,11.391,-0.1,specials_hourly,specials_hourly,selected,2026-09-21 16:08
map1_specials_v1,2026-09-22 13:00,,Fortress vs LPH,map1_moneyline,Fortress,3,Sharp,3.4,1,lost,-1.0,10.391,-1.47,specials_hourly,specials_hourly,selected,2026-09-21 22:08
map1_specials_v1,2026-09-22 13:00,,mellren vs KUUSAMO,map1_moneyline,KUUSAMO,3,Sharp,3.31,1,won,2.31,12.701,2.0,specials_hourly,specials_hourly,selected,2026-09-22 00:11
map1_specials_v1,2026-09-22 16:00,CCT South America,BORRACHEIROS vs DAMAJUANA,map1_moneyline,DAMAJUANA,3,Sharp,4.31,1,lost,-1.0,,-0.28,specials_hourly,specials_hourly,quarantined,2026-09-22 00:11
map1_specials_v1,2026-09-22 17:00,,UPGRADE vs Just Players,map1_moneyline,Just Players,3,Sharp,2.01,1,lost,-1.0,11.701,4.5,specials_hourly,specials_hourly,selected,2026-09-22 01:07
map1_specials_v1,2026-09-22 21:00,ESL Challenger League South America,Grêmio vs Keyd Stars,map1_moneyline,Grêmio,3,Sharp,2.9,1,lost,-1.0,10.701,-2.73,specials_hourly,specials_hourly,selected,2026-09-21 19:07
map1_specials_v1,2026-09-22 21:00,ESL Challenger League South America,Procyon vs ALKA,map1_moneyline,Procyon,3,Sharp,2.35,1,won,1.35,12.051,2.76,specials_hourly,specials_hourly,selected,2026-09-21 19:07
map1_specials_v1,2026-09-22 21:00,ESL Challenger League South America,Isurus vs METANOIA Wolves,map1_moneyline,METANOIA Wolves,3,Sharp,3.5,1,won,2.5,14.551,1.44,specials_hourly,specials_hourly,selected,2026-09-21 19:07
map1_specials_v1,2026-09-22 21:00,ESL Challenger League South America,DAMAJUANA vs Bounty Hunters,map1_moneyline,DAMAJUANA,3,Sharp,5.24,1,lost,-1.0,,-2.37,specials_hourly,specials_hourly,quarantined,2026-09-22 05:08
map1_specials_v1,2026-09-22 22:00,,BESTIA Academy vs Zetta,map1_moneyline,Zetta,3,Sharp,5.01,1,lost,-1.0,,-3.35,specials_hourly,specials_hourly,quarantined,2026-09-22 15:10
map1_specials_v1,2026-09-23 08:00,,QUAZAR vs Misa,map1_moneyline,Misa,3,Sharp,2.68,1,lost,-1.0,13.551,-0.28,specials_hourly,specials_hourly,selected,2026-09-23 06:10
map1_specials_v1,2026-09-23 10:00,Pulse Beat,100 Thieves vs EAC,map1_moneyline,EAC,3,Sharp,3.2,1,lost,-1.0,12.551,0.58,specials_hourly,specials_hourly,selected,2026-09-20 10:09
map1_specials_v1,2026-09-23 13:00,FERJEE In House,paiN vs Turma do Pagode,map1_moneyline,Turma do Pagode,3,Sharp,2.87,1,lost,-1.0,11.551,11.12,specials_hourly,specials_hourly,selected,2026-09-21 06:10
map1_specials_v1,2026-09-23 13:00,CCT South America,ALKA vs Grêmio,map1_moneyline,Grêmio,3,Sharp,2.43,1,won,1.43,12.981,0.61,specials_hourly,specials_hourly,selected,2026-09-22 16:12
map1_specials_v1,2026-09-23 16:00,Logitech G Connect,Luminosity vs 3DMAX,map1_moneyline,3DMAX,5,Sharp,2.18,1,won,1.18,14.161,0.19,specials_hourly,specials_hourly,selected,2026-09-23 07:12
map1_specials_v1,2026-09-23 21:00,ESL Challenger League South America,METANOIA Wolves vs Keyd Stars,map1_moneyline,METANOIA Wolves,3,Sharp,3.12,1,won,2.12,16.281,0.0,specials_hourly,specials_hourly,selected,2026-09-23 08:11
map1_specials_v1,2026-09-24 01:00,ESL Challenger League North America,Wanted Goons vs FlyQuest RED,map1_moneyline,FlyQuest RED,3,Sharp,3.84,1,lost,-1.0,,,,,quarantined,2026-09-24 00:10
map1_specials_v1,2026-09-24 08:00,,Nemiga vs Just Players,map1_moneyline,Just Players,3,Sharp,4.23,1,lost,-1.0,15.281,2.16,specials_hourly,specials_hourly,selected,2026-09-24 01:09
map1_specials_v1,2026-09-24 09:00,Stake Ranked Qualifier,Rune Eaters vs Nemesis,map1_moneyline,Rune Eaters,3,Sharp,2.86,1,lost,-1.0,14.281,-1.65,specials_hourly,specials_hourly,selected,2026-09-23 06:10
map1_specials_v1,2026-09-24 11:00,CCT Europe Series 10,Spirit Academy vs Phantom Academy,map1_moneyline,Phantom Academy,3,Sharp,2.43,1,lost,-1.0,13.281,1.69,specials_hourly,specials_hourly,selected,2026-09-21 11:07
map1_specials_v1,2026-09-24 11:00,CCT Europe Series 9,Iberian Soul vs NAVI Junior,map1_moneyline,NAVI Junior,3,Sharp,2.88,1,lost,-1.0,,-0.74,specials_hourly,specials_hourly,quarantined,2026-09-24 07:11
map1_specials_v1,2026-09-24 12:00,Stake Ranked Qualifier,fnatic vs Just Players,map1_moneyline,Just Players,3,Sharp,3.15,1,lost,-1.0,12.281,0.57,specials_hourly,specials_hourly,selected,2026-09-23 06:10
map1_specials_v1,2026-09-24 13:00,FERJEE In House,Imperial vs Galorys,map1_moneyline,Galorys,3,Sharp,2.64,1,lost,-1.0,11.281,3.47,specials_hourly,specials_hourly,selected,2026-09-24 06:12
map1_specials_v1,2026-09-24 13:00,,WBT Academy vs Ryvex,map1_moneyline,Ryvex,3,Sharp,2.95,1,lost,-1.0,10.281,0.83,specials_hourly,specials_hourly,selected,2026-09-24 06:12
map1_specials_v1,2026-09-24 14:00,CCT Europe Series 10,ex-Zero Tenacity vs BIG Academy,map1_moneyline,BIG Academy,3,Sharp,2.53,1,lost,-1.0,9.281,1.7,specials_hourly,specials_hourly,selected,2026-09-21 14:08
map1_specials_v1,2026-09-24 16:30,FERJEE In House,Juventus vs Yawara,map1_moneyline,Juventus,3,Sharp,2.21,1,lost,-1.0,8.281,3.59,specials_hourly,specials_hourly,selected,2026-09-24 03:09
map1_specials_v1,2026-09-24 19:00,CCT South America,Grêmio vs your end,map1_moneyline,your end,3,Sharp,2.23,1,lost,-1.0,7.281,-0.4,specials_hourly,specials_hourly,selected,2026-09-24 06:12
map2_specials_v1,2026-07-22 10:00,BLAST Bounty Qualifier,EYEBALLERS vs FaZe,map2_moneyline,EYEBALLERS,3,Sharp,3.29,1,lost,-1.0,-1.0,,,,selected,2026-07-22 00:04
map2_specials_v1,2026-07-22 10:00,StarLadder StarSeries Fall Europe Qualifier,HOTU vs Astralis,map2_moneyline,HOTU,3,Sharp,2.38,1,won,1.38,0.38,,,,selected,2026-07-22 03:04
map2_specials_v1,2026-07-22 10:30,European Pro League,Eternal Fire vs CYBERSHOKE,map2_moneyline,CYBERSHOKE,3,Sharp,2.0,1,won,1.0,1.38,,,,selected,2026-07-22 06:04
map2_specials_v1,2026-07-22 11:00,CCT Europe Series,SPARTA vs SAW Youngsters,map2_moneyline,SAW Youngsters,3,Sharp,2.7,1,won,1.7,,,,,quarantined,2026-07-22 00:04
map2_specials_v1,2026-07-22 11:00,,Enjoy vs Fortress,map2_moneyline,Fortress,3,Sharp,4.38,1,lost,-1.0,,,,,quarantined,2026-07-22 02:05
map2_specials_v1,2026-07-22 12:30,BLAST Bounty Qualifier,Nemiga vs G2,map2_moneyline,Nemiga,3,Sharp,4.34,1,lost,-1.0,0.38,,,,selected,2026-07-22 00:04
map2_specials_v1,2026-07-22 15:00,BLAST Bounty Qualifier,HOTU vs GamerLegion,map2_moneyline,HOTU,3,Sharp,2.41,1,won,1.41,1.79,,,,selected,2026-07-22 00:04
map2_specials_v1,2026-07-22 15:30,BLAST Bounty Qualifier,HOTU vs GamerLegion,map2_moneyline,HOTU,3,Sharp,2.46,1,won,1.46,3.25,,,,selected,2026-07-22 15:04
map2_specials_v1,2026-07-22 16:00,,Nuclear TigeRES vs Echo,map2_moneyline,Echo,3,Sharp,2.45,1,won,1.45,4.7,,,,selected,2026-07-22 00:04
map2_specials_v1,2026-07-22 17:00,,QUAZAR vs SAW Youngsters,map2_moneyline,SAW Youngsters,3,Sharp,2.68,1,won,1.68,,,,,quarantined,2026-07-22 03:04
map2_specials_v1,2026-07-22 17:30,BLAST Bounty Qualifier,Falcons vs 100 Thieves,map2_moneyline,100 Thieves,3,Sharp,4.73,1,won,3.73,8.43,,,,selected,2026-07-22 09:04
map2_specials_v1,2026-07-22 19:00,CCT South America,Procyon vs MAGICOS,map2_moneyline,MAGICOS,3,Sharp,2.64,1,won,1.64,10.07,,,,selected,2026-07-22 18:04
map2_specials_v1,2026-07-22 19:10,CCT South America,Procyon vs MAGICOS,map2_moneyline,MAGICOS,3,Sharp,2.64,1,won,1.64,11.71,,,,selected,2026-07-22 19:03
map2_specials_v1,2026-07-23 08:00,European Pro League,Just Players vs CYBERSHOKE,map2_moneyline,Just Players,3,Sharp,2.64,1,lost,-1.0,10.71,,,,selected,2026-07-23 05:12
map2_specials_v1,2026-07-23 10:00,BLAST Bounty Qualifier,Aurora vs FOKUS,map2_moneyline,FOKUS,3,Sharp,4.5,1,lost,-1.0,9.71,,,,selected,2026-07-22 01:04
map2_specials_v1,2026-07-23 11:00,,NEW VISION vs benched gods,map2_moneyline,benched gods,3,Sharp,1.82,1,lost,-1.0,,,,,quarantined,2026-07-23 02:07
map2_specials_v1,2026-07-23 12:30,BLAST Bounty Qualifier,SINNERS vs FUT,map2_moneyline,SINNERS,3,Sharp,3.5,1,lost,-1.0,8.71,,,,selected,2026-07-22 00:04
map2_specials_v1,2026-07-23 13:00,,Ninjas in Pyjamas vs Echo,map2_moneyline,Echo,3,Sharp,2.87,1,lost,-1.0,7.71,,,,selected,2026-07-23 02:07
map2_specials_v1,2026-07-23 14:00,,megoshort vs Privateer,map2_moneyline,Privateer,3,Sharp,1.719,1,lost,-1.0,6.71,,,,selected,2026-07-23 03:04
map2_specials_v1,2026-07-23 15:00,BLAST Bounty Qualifier,Gentle Mates vs paiN,map2_moneyline,Gentle Mates,3,Sharp,2.25,1,lost,-1.0,5.71,,,,selected,2026-07-22 09:04
map2_specials_v1,2026-07-23 15:30,BLAST Bounty Qualifier,Gentle Mates vs paiN,map2_moneyline,Gentle Mates,3,Sharp,2.3,1,lost,-1.0,4.71,,,,selected,2026-07-23 15:10
map2_specials_v1,2026-07-23 16:00,StarLadder StarSeries Fall Europe Qualifier,HEROIC vs FOKUS,map2_moneyline,FOKUS,3,Sharp,2.55,1,lost,-1.0,3.71,,,,selected,2026-07-22 00:04
map2_specials_v1,2026-07-23 16:00,,Fluxo vs paiN Academy,map2_moneyline,paiN Academy,3,Sharp,4.69,1,lost,-1.0,,,,,quarantined,2026-07-23 02:07
map2_specials_v1,2026-07-23 17:00,BLAST Bounty Qualifier,Spirit vs OG,map2_moneyline,OG,3,Sharp,7.05,1,won,6.05,9.76,,,,selected,2026-07-22 01:04
map2_specials_v1,2026-07-23 17:00,CCT Europe Series Closed Qualifier,Misa vs Rounds,map2_moneyline,Rounds,3,Sharp,2.9,1,lost,-1.0,8.76,,,,selected,2026-07-23 02:07
map2_specials_v1,2026-07-23 17:00,StarLadder StarSeries Fall Europe Qualifier,HEROIC vs FOKUS,map2_moneyline,FOKUS,3,Sharp,2.57,1,lost,-1.0,7.76,,,,selected,2026-07-23 16:07
map2_specials_v1,2026-07-23 19:00,,Imperial vs BESTIA Academy,map2_moneyline,BESTIA Academy,3,Sharp,5.32,1,won,4.32,,,,,quarantined,2026-07-23 02:07
map2_specials_v1,2026-07-24 11:00,,megoshort vs Rounds,map2_moneyline,Rounds,3,Sharp,1.98,1,won,0.98,8.74,,,,selected,2026-07-24 05:05
map2_specials_v1,2026-07-24 11:30,BLAST Bounty Qualifier,HEROIC vs The MongolZ,map2_moneyline,The MongolZ,3,Sharp,2.05,1,won,1.05,9.79,,,,selected,2026-07-24 00:04
map2_specials_v1,2026-07-24 12:15,BLAST Bounty Qualifier,HEROIC vs The MongolZ,map2_moneyline,The MongolZ,3,Sharp,1.99,1,won,0.99,10.78,,,,selected,2026-07-24 12:06
map2_specials_v1,2026-07-24 13:00,,Nuclear TigeRES vs Echo,map2_moneyline,Echo,3,Sharp,2.13,1,won,1.13,11.91,,,,selected,2026-07-24 01:04
map2_specials_v1,2026-07-24 14:00,BLAST Bounty Qualifier,Liquid vs Vitality,map2_moneyline,Liquid,3,Sharp,6.0,1,won,5.0,16.91,,,,selected,2026-07-24 00:04
map2_specials_v1,2026-07-24 16:00,,Bounty Hunters vs ODDIK,map2_moneyline,ODDIK,3,Sharp,2.27,1,lost,-1.0,15.91,,,,selected,2026-07-23 19:05
map2_specials_v1,2026-07-24 17:00,,Privateer vs Misa,map2_moneyline,Privateer,3,Sharp,2.23,1,lost,-1.0,14.91,,,,selected,2026-07-24 07:05
map2_specials_v1,2026-07-24 19:00,CCT South America,Keyd Stars vs ALKA,map2_moneyline,ALKA,3,Sharp,2.11,1,lost,-1.0,13.91,,,,selected,2026-07-24 00:04
map2_specials_v1,2026-07-24 22:00,,LP vs MAGICOS,map2_moneyline,MAGICOS,3,Sharp,5.32,1,lost,-1.0,12.91,,,,selected,2026-07-23 02:07
map2_specials_v1,2026-07-25 11:00,CCT Europe Series 6,Enjoy vs SAW Youngsters,map2_moneyline,SAW Youngsters,3,Sharp,2.14,1,won,1.14,14.05,,,,selected,2026-07-25 02:04
map2_specials_v1,2026-07-25 13:00,,Aurora vs Echo,map2_moneyline,Echo,3,Sharp,3.23,1,lost,-1.0,13.05,,,,selected,2026-07-25 05:05
map2_specials_v1,2026-07-25 13:00,,BORRACHEIROS vs ODDIK,map2_moneyline,BORRACHEIROS,3,Sharp,3.14,1,won,2.14,15.19,,,,selected,2026-07-25 08:04
map2_specials_v1,2026-07-25 14:00,CCT Europe Series 6,Enjoy vs SAW Youngsters,map2_moneyline,SAW Youngsters,3,Sharp,2.14,1,won,1.14,16.33,,,,selected,2026-07-25 02:04
map2_specials_v1,2026-07-25 14:00,CCT Europe Series 5,Black Phoenix vs Just Players,map2_moneyline,Black Phoenix,3,Sharp,2.15,1,void,0.0,,,,,selected,2026-07-25 04:06
map2_specials_v1,2026-07-25 15:00,BLAST Bounty Closed Qualifier,HOTU vs Astralis,map2_moneyline,HOTU,3,Sharp,2.23,1,won,1.23,17.56,,,,selected,2026-07-25 04:06
map2_specials_v1,2026-07-25 16:00,,BESTIA Academy vs Isurus,map2_moneyline,BESTIA Academy,3,Sharp,2.29,1,lost,-1.0,16.56,,,,selected,2026-07-25 05:05
map2_specials_v1,2026-07-25 16:00,,ODDIK vs BORRACHEIROS,map2_moneyline,BORRACHEIROS,3,Sharp,3.14,1,won,2.14,18.7,,,,selected,2026-07-25 05:05
map2_specials_v1,2026-07-25 17:00,,ex-RUSTEC vs Rune Eaters,map2_moneyline,Rune Eaters,3,Sharp,1.813,1,lost,-1.0,17.7,,,,selected,2026-07-25 03:05
map2_specials_v1,2026-07-25 17:30,BLAST Bounty Closed Qualifier,FOKUS vs MOUZ,map2_moneyline,FOKUS,3,Sharp,4.28,1,lost,-1.0,16.7,,,,selected,2026-07-25 05:05
map2_specials_v1,2026-07-25 19:00,CCT South America,Fluxo vs Keyd Stars,map2_moneyline,Keyd Stars,3,Sharp,2.86,1,lost,-1.0,15.7,,,,selected,2026-07-25 05:05
map2_specials_v1,2026-07-25 22:00,CCT South America,BESTIA Academy vs Isurus,map2_moneyline,BESTIA Academy,3,Sharp,2.29,1,lost,-1.0,14.7,,,,selected,2026-07-25 05:05
map2_specials_v1,2026-07-26 12:30,BLAST Bounty Closed Qualifier,3DMAX vs FUT,map2_moneyline,3DMAX,3,Sharp,3.0,1,won,2.0,16.7,,,,selected,2026-07-25 22:04
map2_specials_v1,2026-07-26 13:00,StarLadder StarSeries Fall Europe Closed Qualifier,HOTU vs Aurora,map2_moneyline,HOTU,3,Sharp,2.88,1,won,1.88,18.58,,,,selected,2026-07-25 22:04
map2_specials_v1,2026-07-26 15:00,BLAST Bounty Closed Qualifier,Wildcard vs The MongolZ,map2_moneyline,Wildcard,3,Sharp,2.83,1,lost,-1.0,17.58,,,,selected,2026-07-25 22:05
map2_specials_v1,2026-07-26 15:00,CCT South America,LP vs ODDIK,map2_moneyline,ODDIK,3,Sharp,2.54,1,won,1.54,19.12,,,,selected,2026-07-26 08:05
map2_specials_v1,2026-07-26 17:30,BLAST Bounty Closed Qualifier,100 Thieves vs Spirit,map2_moneyline,100 Thieves,3,Sharp,4.55,1,won,3.55,22.67,,,,selected,2026-07-25 23:04
map2_specials_v1,2026-07-26 18:00,,Fluxo vs Isurus,map2_moneyline,Isurus,3,Sharp,2.88,1,won,1.88,24.55,,,,selected,2026-07-26 04:04
map2_specials_v1,2026-07-27 14:00,TP World Championship Europe,Black Phoenix vs Misa,map2_moneyline,Misa,3,Sharp,2.5,1,won,1.5,,,,,quarantined,2026-07-26 20:03
map2_specials_v1,2026-07-27 14:00,CCT Europe Series,ex-RUSTEC vs Inner Circle Academy,map2_moneyline,Inner Circle Academy,3,Sharp,2.23,1,won,1.23,25.78,,,,selected,2026-07-27 03:05
map2_specials_v1,2026-07-27 17:00,NODWIN Clutch Series,Just Players vs Inner Circle Academy,map2_moneyline,Inner Circle Academy,3,Sharp,2.42,1,lost,-1.0,,,,,quarantined,2026-07-27 13:05
map2_specials_v1,2026-07-28 08:00,CCT Europe Series 6,Black Phoenix vs Enjoy,map2_moneyline,Enjoy,3,Sharp,2.0,1,won,1.0,26.78,,,,selected,2026-07-27 22:05
map2_specials_v1,2026-07-28 14:00,CCT Europe Series 6,GenOne vs NEW VISION,map2_moneyline,NEW VISION,3,Sharp,3.5,1,lost,-1.0,25.78,,,,selected,2026-07-27 22:05
map2_specials_v1,2026-07-28 15:00,StarLadder StarSeries Fall SA Closed Qualifier,MIBR vs Fluxo,map2_moneyline,Fluxo,3,Sharp,2.74,1,lost,-1.0,24.78,,,,selected,2026-07-27 04:05
map2_specials_v1,2026-07-28 17:00,TP World Championship Europe,Misa vs Falcons Force,map2_moneyline,Misa,3,Sharp,1.855,1,lost,-1.0,23.78,,,,selected,2026-07-28 10:05
map2_specials_v1,2026-07-28 18:00,StarLadder StarSeries Fall SA Closed Qualifier,Bounty Hunters vs LP,map2_moneyline,LP,3,Sharp,1.885,1,won,0.885,24.665,,,,selected,2026-07-27 04:05
map2_specials_v1,2026-07-28 21:00,StarLadder StarSeries Fall SA Closed Qualifier,Imperial vs BESTIA,map2_moneyline,BESTIA,3,Sharp,2.24,1,lost,-1.0,23.665,,,,selected,2026-07-27 04:05
map2_specials_v1,2026-07-29 01:00,,regain vs Voca,map2_moneyline,regain,3,Sharp,2.81,1,lost,-1.0,22.665,,,,selected,2026-07-27 04:05
map2_specials_v1,2026-07-29 14:00,CCT Europe Series 6,ex-RUSTEC vs ex-Young Ninjas,map2_moneyline,ex-Young Ninjas,3,Sharp,2.5,1,won,1.5,24.165,,,,selected,2026-07-29 09:06
map2_specials_v1,2026-07-29 15:00,StarLadder StarSeries Fall SA Closed Qualifier,ShindeN vs Galorys,map2_moneyline,Galorys,3,Sharp,2.18,1,lost,-1.0,23.165,,,,selected,2026-07-28 05:07
map2_specials_v1,2026-07-29 17:00,TP World Championship Europe,Bebop vs Misa,map2_moneyline,Misa,3,Sharp,2.5,1,lost,-1.0,22.165,,,,selected,2026-07-29 02:04
map2_specials_v1,2026-07-29 18:00,StarLadder StarSeries Fall SA Closed Qualifier,MIBR vs LP,map2_moneyline,LP,3,Sharp,3.51,1,lost,-1.0,,,,,quarantined,2026-07-29 03:05
map2_specials_v1,2026-07-29 21:00,StarLadder StarSeries Fall SA Closed Qualifier,Bounty Hunters vs Fluxo,map2_moneyline,Bounty Hunters,3,Sharp,2.69,1,won,1.69,23.855,,,,selected,2026-07-29 03:05
map2_specials_v1,2026-07-29 22:00,StarLadder StarSeries Fall NA Closed Qualifier,NRG vs Marsborne,map2_moneyline,Marsborne,3,Sharp,3.44,1,lost,-1.0,,,,,quarantined,2026-07-29 08:04
map2_specials_v1,2026-07-29 22:00,StarLadder StarSeries Fall SA Closed Qualifier,Bounty Hunters vs Fluxo,map2_moneyline,Bounty Hunters,3,Sharp,2.77,1,won,1.77,25.625,,,,selected,2026-07-29 21:06
map2_specials_v1,2026-07-30 08:00,NODWIN Clutch Series,SPARTA vs Just Players,map2_moneyline,SPARTA,3,Sharp,1.763,1,won,0.763,26.388,,,,selected,2026-07-30 04:06
map2_specials_v1,2026-07-30 11:00,TP World Championship Europe,GenOne vs ex-RUSTEC,map2_moneyline,GenOne,3,Sharp,1.654,1,won,0.654,27.042,,,,selected,2026-07-30 09:07
map2_specials_v1,2026-07-30 14:00,CCT Europe Series 6,SPARTA vs NEW VISION,map2_moneyline,NEW VISION,3,Sharp,2.71,1,lost,-1.0,26.042,,,,selected,2026-07-30 03:06
map2_specials_v1,2026-07-30 15:20,BLAST Bounty,3DMAX vs MOUZ,map2_moneyline,3DMAX,3,Sharp,4.09,1,lost,-1.0,25.042,,,,selected,2026-07-30 15:06
map2_specials_v1,2026-07-30 16:00,,3DMAX vs MOUZ,map2_moneyline,3DMAX,3,Sharp,3.47,1,lost,-1.0,24.042,,,,selected,2026-07-30 04:06
map2_specials_v1,2026-07-30 17:00,CCT Europe Series 6,Just Players vs Inner Circle Academy,map2_moneyline,Inner Circle Academy,3,Sharp,2.24,1,lost,-1.0,23.042,,,,selected,2026-07-30 00:07
map2_specials_v1,2026-07-30 18:00,StarLadder StarSeries Fall SA Closed Qualifier,ShindeN vs Imperial,map2_moneyline,ShindeN,3,Sharp,2.48,1,lost,-1.0,22.042,,,,selected,2026-07-30 05:06
map2_specials_v1,2026-07-30 18:15,,Young TigeRES vs Banda Chuya,map2_moneyline,Banda Chuya,3,Sharp,2.63,1,lost,-1.0,21.042,,,,selected,2026-07-30 06:10
map2_specials_v1,2026-07-30 20:30,StarLadder StarSeries Fall SA Closed Qualifier,Galorys vs BESTIA,map2_moneyline,Galorys,3,Sharp,2.7,1,lost,-1.0,20.042,,,,selected,2026-07-30 09:07
map2_specials_v1,2026-07-30 21:00,StarLadder StarSeries Fall SA Closed Qualifier,Galorys vs BESTIA,map2_moneyline,Galorys,3,Sharp,2.38,1,lost,-1.0,19.042,,,,selected,2026-07-30 08:06
map2_specials_v1,2026-07-30 21:30,StarLadder StarSeries Fall SA Closed Qualifier,Galorys vs BESTIA,map2_moneyline,Galorys,3,Sharp,2.64,1,lost,-1.0,18.042,,,,selected,2026-07-30 21:05
map2_specials_v1,2026-07-31 11:00,CCT Europe Series 5,SINNERS vs Rune Eaters,map2_moneyline,Rune Eaters,3,Sharp,2.63,1,lost,-1.0,,,,,quarantined,2026-07-31 01:05
map2_specials_v1,2026-07-31 14:00,TP World Championship Europe,Lavked vs megoshort,map2_moneyline,megoshort,3,Sharp,2.63,1,won,1.63,19.672,,,,selected,2026-07-31 01:05
map2_specials_v1,2026-07-31 15:30,BLAST Bounty,paiN vs Astralis,map2_moneyline,paiN,3,Sharp,2.27,1,lost,-1.0,18.672,,,,selected,2026-07-30 03:06
map2_specials_v1,2026-07-31 15:30,CCT Europe Series Contenders,Banda Chuya vs mellren,map2_moneyline,mellren,3,Sharp,1.847,1,won,0.847,19.519,,,,selected,2026-07-31 14:06
map2_specials_v1,2026-07-31 16:10,BLAST Bounty,paiN vs Astralis,map2_moneyline,paiN,3,Sharp,2.36,1,lost,-1.0,18.519,,,,selected,2026-07-31 16:06
map2_specials_v1,2026-07-31 17:00,CCT Europe Series 6,GenOne vs Enjoy,map2_moneyline,Enjoy,3,Sharp,2.81,1,lost,-1.0,17.519,,,,selected,2026-07-31 07:07
map2_specials_v1,2026-07-31 18:30,,Banda Chuya vs mellren,map2_moneyline,mellren,3,Sharp,1.847,1,won,0.847,18.366,,,,selected,2026-07-31 14:06
map2_specials_v1,2026-07-31 20:30,StarLadder StarSeries Fall SA Closed Qualifier,LP vs BESTIA,map2_moneyline,LP,3,Sharp,2.12,1,lost,-1.0,17.366,,,,selected,2026-07-31 06:07
map2_specials_v1,2026-08-01 00:30,StarLadder StarSeries Fall NA Closed Qualifier,Marsborne vs regain,map2_moneyline,regain,3,Sharp,2.88,1,lost,-1.0,16.366,,,,selected,2026-07-31 09:07
map2_specials_v1,2026-08-01 01:00,StarLadder StarSeries Fall NA Closed Qualifier,Marsborne vs regain,map2_moneyline,regain,3,Sharp,2.88,1,lost,-1.0,15.366,,,,selected,2026-07-31 06:07
map2_specials_v1,2026-08-01 10:30,BLAST Bounty,Spirit vs FaZe,map2_moneyline,FaZe,3,Sharp,3.97,1,won,2.97,18.336,,,,selected,2026-07-31 23:06
map2_specials_v1,2026-08-01 11:00,,megoshort vs CYBERSHOKE,map2_moneyline,megoshort,3,Sharp,3.68,1,won,2.68,21.016,,,,selected,2026-08-01 03:04
map2_specials_v1,2026-08-01 12:00,Elisa Esports BreakOut,SINQU vs BC.Game,map2_moneyline,SINQU,3,Sharp,5.73,1,lost,-1.0,,,,,quarantined,2026-08-01 07:06
map2_specials_v1,2026-08-01 13:30,BLAST Bounty,Astralis vs MOUZ,map2_moneyline,Astralis,3,Sharp,3.02,1,lost,-1.0,20.016,,,,selected,2026-08-01 04:06
map2_specials_v1,2026-08-01 14:00,CCT Europe Series 6,SPARTA vs Rune Eaters,map2_moneyline,Rune Eaters,3,Sharp,2.09,1,won,1.09,21.106,,,,selected,2026-07-31 19:05
map2_specials_v1,2026-08-01 17:00,CCT Europe Series 6,Black Phoenix vs Just Players,map2_moneyline,Black Phoenix,3,Sharp,2.25,1,won,1.25,22.356,,,,selected,2026-07-31 23:06
map2_specials_v1,2026-08-01 17:00,TP World Championship Europe,megoshort vs CYBERSHOKE,map2_moneyline,megoshort,3,Sharp,3.68,1,won,2.68,25.036,,,,selected,2026-08-01 03:05
map2_specials_v1,2026-08-01 17:00,,ENCE vs BC.Game,map2_moneyline,ENCE,3,Sharp,4.23,1,lost,-1.0,,,,,quarantined,2026-08-01 15:07
map2_specials_v1,2026-08-01 17:15,TP World Championship Europe,megoshort vs CYBERSHOKE,map2_moneyline,megoshort,3,Sharp,3.74,1,won,2.74,27.776,,,,selected,2026-08-01 17:06
map2_specials_v1,2026-08-01 17:30,CCT Europe Series 6,Black Phoenix vs Just Players,map2_moneyline,Black Phoenix,3,Sharp,2.09,1,won,1.09,28.866,,,,selected,2026-08-01 17:07
map2_specials_v1,2026-08-01 18:00,StarLadder StarSeries Fall SA Closed Qualifier,MIBR vs ShindeN,map2_moneyline,ShindeN,3,Sharp,2.67,1,lost,-1.0,27.866,,,,selected,2026-07-31 23:06
map2_specials_v1,2026-08-01 20:30,StarLadder StarSeries Fall SA Closed Qualifier,Fluxo vs BESTIA,map2_moneyline,Fluxo,3,Sharp,2.02,1,lost,-1.0,26.866,,,,selected,2026-08-01 14:06
map2_specials_v1,2026-08-01 22:00,,NRG vs Voca,map2_moneyline,Voca,3,Sharp,2.64,1,won,1.64,28.506,,,,selected,2026-08-01 03:05
map2_specials_v1,2026-08-02 10:00,,GenOne vs CYBERSHOKE,map2_moneyline,GenOne,3,Sharp,2.18,1,won,1.18,29.686,,,,selected,2026-08-01 22:05
map2_specials_v1,2026-08-02 10:00,,SINNERS vs SPARTA,map2_moneyline,SPARTA,3,Sharp,2.25,1,lost,-1.0,28.686,,,,selected,2026-08-01 22:05
map2_specials_v1,2026-08-02 10:30,BLAST Bounty,Spirit vs MOUZ,map2_moneyline,MOUZ,5,Sharp,3.0,1,won,2.0,30.686,,,,selected,2026-08-01 21:04
map2_specials_v1,2026-08-02 13:00,ESL Challenger League Europe,MOUZ NXT vs WBT,map2_moneyline,WBT,3,Sharp,1.909,1,won,0.909,31.595,,,,selected,2026-08-01 22:05
map2_specials_v1,2026-08-02 13:00,,GenOne vs CYBERSHOKE,map2_moneyline,GenOne,3,Sharp,2.18,1,won,1.18,32.775,,,,selected,2026-08-02 02:04
map2_specials_v1,2026-08-02 13:00,,SINNERS vs SPARTA,map2_moneyline,SPARTA,3,Sharp,2.18,1,lost,-1.0,31.775,,,,selected,2026-08-02 04:05
map2_specials_v1,2026-08-02 14:00,TP World Championship Europe,GenOne vs CYBERSHOKE,map2_moneyline,GenOne,3,Sharp,2.12,1,won,1.12,32.895,,,,selected,2026-08-02 13:04
map2_specials_v1,2026-08-02 18:00,StarLadder StarSeries Fall SA Closed Qualifier,ShindeN vs BESTIA,map2_moneyline,ShindeN,3,Sharp,2.31,1,lost,-1.0,31.895,,,,selected,2026-08-02 08:06
map2_specials_v1,2026-08-03 08:00,NODWIN Clutch Series,WW vs CYBERSHOKE Prospects,map2_moneyline,CYBERSHOKE Prospects,3,Sharp,2.41,1,won,1.41,33.305,,,,selected,2026-08-03 05:04
map2_specials_v1,2026-08-03 14:00,CCT Europe Series 6,SPARTA vs ex-Young Ninjas,map2_moneyline,ex-Young Ninjas,3,Sharp,2.42,1,lost,-1.0,32.305,,,,selected,2026-08-03 09:05
map2_specials_v1,2026-08-03 17:00,BB Storm,Keyd Stars vs BORRACHEIROS,map2_moneyline,BORRACHEIROS,3,Sharp,2.87,1,lost,-1.0,,,,,quarantined,2026-07-31 17:05
map2_specials_v1,2026-08-03 23:00,BB Storm,Grêmio vs paiN Academy,map2_moneyline,Grêmio,3,Sharp,1.943,1,lost,-1.0,31.305,,,,selected,2026-07-31 23:06
map2_specials_v1,2026-08-04 08:00,NODWIN Clutch Series,Nuclear TigeRES vs Just Players,map2_moneyline,Just Players,3,Sharp,2.75,1,lost,-1.0,30.305,,,,selected,2026-08-04 04:04
map2_specials_v1,2026-08-04 11:00,CCT Europe Series,ex-RUSTEC vs NEW VISION,map2_moneyline,NEW VISION,3,Sharp,2.92,1,lost,-1.0,29.305,,,,selected,2026-08-04 06:06
map2_specials_v1,2026-08-04 14:00,NODWIN Clutch Series,Nemiga vs GenOne,map2_moneyline,GenOne,3,Sharp,2.09,1,won,1.09,,,,,quarantined,2026-08-03 16:04
map2_specials_v1,2026-08-04 14:00,,Just Players vs Enjoy,map2_moneyline,Enjoy,3,Sharp,2.3,1,lost,-1.0,28.305,,,,selected,2026-08-04 03:06
map2_specials_v1,2026-08-04 14:00,Pulse Beat,Liquid vs 9INE,map2_moneyline,9INE,3,Sharp,3.19,1,lost,-1.0,27.305,,,,selected,2026-08-04 04:04
map2_specials_v1,2026-08-04 17:00,,fnatic vs EAC,map2_moneyline,EAC,3,Sharp,3.26,1,lost,-1.0,26.305,,,,selected,2026-08-04 04:04
map2_specials_v1,2026-08-04 23:00,BB Storm,BESTIA vs METANOIA Wolves,map2_moneyline,METANOIA Wolves,3,Sharp,4.01,1,lost,-1.0,25.305,,,,selected,2026-08-04 06:06
map2_specials_v1,2026-08-05 08:00,NODWIN Clutch Series,CYBERSHOKE Prospects vs Nuclear TigeRES,map2_moneyline,CYBERSHOKE Prospects,3,Sharp,2.6,1,lost,-1.0,24.305,,,,selected,2026-08-05 04:05
map2_specials_v1,2026-08-05 13:00,Pulse Beat,Liquid vs fnatic,map2_moneyline,fnatic,3,Sharp,2.38,1,lost,-1.0,23.305,,,,selected,2026-08-05 04:05
map2_specials_v1,2026-08-05 14:00,NODWIN Clutch Series,CYBERSHOKE Prospects vs Nuclear TigeRES,map2_moneyline,CYBERSHOKE Prospects,3,Sharp,2.6,1,lost,-1.0,22.305,,,,selected,2026-08-05 04:05
map2_specials_v1,2026-08-05 20:00,,Imperial vs ALKA,map2_moneyline,ALKA,3,Sharp,4.14,1,won,3.14,25.445,,,,selected,2026-08-05 04:05
map2_specials_v1,2026-08-05 23:00,,BESTIA vs Grêmio,map2_moneyline,Grêmio,3,Sharp,4.84,1,lost,-1.0,,,,,quarantined,2026-08-05 04:05
map2_specials_v1,2026-08-06 08:00,CCT Europe Series 6,Lavked vs Black Phoenix,map2_moneyline,Black Phoenix,3,Sharp,1.699,1,lost,-1.0,24.445,,,,selected,2026-08-05 22:05
map2_specials_v1,2026-08-06 14:00,BB Storm,paiN Academy vs MEIA NOITE,map2_moneyline,paiN Academy,3,Sharp,2.32,1,lost,-1.0,23.445,,,,selected,2026-08-05 23:05
map2_specials_v1,2026-08-06 17:00,CCT Europe Series 6,WW vs ex-RUSTEC,map2_moneyline,ex-RUSTEC,3,Sharp,2.09,1,won,1.09,24.535,,,,selected,2026-08-05 22:05
map2_specials_v1,2026-08-06 17:00,BB Storm,Yawara vs Isurus,map2_moneyline,Isurus,3,Sharp,1.775,1,lost,-1.0,23.535,,,,selected,2026-08-06 08:06
map2_specials_v1,2026-08-06 23:00,BB Storm,Galorys vs BORRACHEIROS,map2_moneyline,BORRACHEIROS,3,Sharp,3.34,1,lost,-1.0,,,,,quarantined,2026-08-05 23:05
map2_specials_v1,2026-08-07 09:00,,SAW vs EAC,map2_moneyline,EAC,3,Sharp,2.38,1,lost,-1.0,,,,,quarantined,2026-08-06 23:06
map2_specials_v1,2026-08-07 11:00,CCT Europe Series 6,GenOne vs CYBERSHOKE,map2_moneyline,GenOne,3,Sharp,1.952,1,lost,-1.0,22.535,,,,selected,2026-08-07 07:09
map2_specials_v1,2026-08-07 16:00,Esports World Cup Last Chance Qualifier,Prestige vs Metizport,map2_moneyline,Prestige,3,Sharp,2.98,1,lost,-1.0,21.535,,,,selected,2026-08-07 08:08
map2_specials_v1,2026-08-07 17:00,BB Storm,Grêmio vs Keyd Stars,map2_moneyline,Grêmio,3,Sharp,2.8,1,lost,-1.0,20.535,,,,selected,2026-08-07 05:07
map2_specials_v1,2026-08-07 17:00,CCT Europe Series 6,GenOne vs CYBERSHOKE,map2_moneyline,GenOne,3,Sharp,1.952,1,lost,-1.0,19.535,,,,selected,2026-08-07 07:09
map2_specials_v1,2026-08-07 20:00,BB Storm,BESTIA vs Yawara,map2_moneyline,Yawara,3,Sharp,3.02,1,won,2.02,21.555,,,,selected,2026-08-07 05:07
map2_specials_v1,2026-08-07 23:00,BB Storm,Imperial vs Galorys,map2_moneyline,Galorys,3,Sharp,2.53,1,lost,-1.0,20.555,,,,selected,2026-08-07 05:07
map2_specials_v1,2026-08-08 09:00,Esports World Cup Last Chance Qualifier,Echo vs OG,map2_moneyline,Echo,3,Sharp,1.84,1,lost,-1.0,19.555,,,,selected,2026-08-08 04:06
map2_specials_v1,2026-08-08 09:00,Esports World Cup Last Chance Qualifier,Liquid vs Metizport,map2_moneyline,Metizport,3,Sharp,2.97,1,lost,-1.0,18.555,,,,selected,2026-08-08 04:06
map2_specials_v1,2026-08-08 10:00,,Black Phoenix vs CYBERSHOKE,map2_moneyline,Black Phoenix,3,Sharp,2.3,1,lost,-1.0,17.555,,,,selected,2026-08-08 07:13
map2_specials_v1,2026-08-08 13:00,CCT Europe Series 6,Black Phoenix vs CYBERSHOKE,map2_moneyline,Black Phoenix,3,Sharp,2.3,1,lost,-1.0,16.555,,,,selected,2026-08-08 07:13
map2_specials_v1,2026-08-08 15:00,BB Storm,Procyon vs ODDIK Academy,map2_moneyline,ODDIK Academy,3,Sharp,2.09,1,lost,-1.0,15.555,,,,selected,2026-08-07 22:05
map2_specials_v1,2026-08-08 20:00,BB Storm,ALKA vs paiN Academy,map2_moneyline,paiN Academy,3,Sharp,2.6,1,lost,-1.0,14.555,,,,selected,2026-08-07 22:05
map2_specials_v1,2026-08-09 09:00,Esports World Cup Qualifier,Eternal Fire vs BIG,map2_moneyline,Eternal Fire,3,Sharp,2.83,1,lost,-1.0,13.555,,,,selected,2026-08-08 23:06
map2_specials_v1,2026-08-09 09:00,Esports World Cup Qualifier,HEROIC vs ASTRAL,map2_moneyline,ASTRAL,3,Sharp,4.2,1,lost,-1.0,12.555,,,,selected,2026-08-08 23:06
map2_specials_v1,2026-08-09 09:00,Esports World Cup Qualifier,BC.Game vs OG,map2_moneyline,OG,3,Sharp,2.65,1,lost,-1.0,11.555,,,,selected,2026-08-08 23:06
map2_specials_v1,2026-08-09 14:00,BB Storm,ALKA vs BORRACHEIROS,map2_moneyline,BORRACHEIROS,3,Sharp,2.33,1,lost,-1.0,10.555,,,,selected,2026-08-09 10:05
map2_specials_v1,2026-08-09 23:00,BB Storm,Galorys vs Keyd Stars,map2_moneyline,Keyd Stars,3,Sharp,2.1,1,lost,-1.0,9.555,,,,selected,2026-08-09 10:05
map2_specials_v1,2026-08-10 20:00,,paiN Academy vs Keyd Stars,map2_moneyline,paiN Academy,3,Sharp,2.84,1,won,1.84,11.395,,,,selected,2026-08-10 04:05
map2_specials_v1,2026-08-10 23:00,BB Storm,Isurus vs Grêmio,map2_moneyline,Grêmio,3,Sharp,3.28,1,lost,-1.0,10.395,,,,selected,2026-08-10 15:05
map2_specials_v1,2026-08-13 08:00,NODWIN Clutch Series Closed Qualifier,Just Players vs MOUZ NXT,map2_moneyline,MOUZ NXT,3,Sharp,2.84,1,void,0.0,,,,,selected,2026-08-13 01:05
map2_specials_v1,2026-08-13 11:00,Esports World Cup,G2 vs BIG,map2_moneyline,BIG,3,Sharp,2.53,1,won,1.53,11.925,,,,selected,2026-08-12 22:05
map2_specials_v1,2026-08-13 11:00,Esports World Cup,Spirit vs Luminosity,map2_moneyline,Luminosity,3,Sharp,4.72,1,lost,-1.0,10.925,,,,selected,2026-08-13 00:05
map2_specials_v1,2026-08-13 13:20,Esports World Cup,G2 vs BIG,map2_moneyline,BIG,3,Sharp,2.69,1,won,1.69,12.615,,,,selected,2026-08-13 13:06
map2_specials_v1,2026-08-13 14:00,Esports World Cup,Spirit vs Luminosity,map2_moneyline,Luminosity,3,Sharp,4.69,1,lost,-1.0,11.615,,,,selected,2026-08-12 22:05
map2_specials_v1,2026-08-13 14:00,Esports World Cup,M80 vs Aurora,map2_moneyline,M80,3,Sharp,3.24,1,lost,-1.0,10.615,,,,selected,2026-08-12 22:05
map2_specials_v1,2026-08-13 14:00,Esports World Cup,G2 vs BIG,map2_moneyline,BIG,3,Sharp,2.53,1,won,1.53,12.145,,,,selected,2026-08-13 00:05
map2_specials_v1,2026-08-13 14:00,CCT Europe Series Closed Qualifier,Bushido Wildcats vs ex-RUSTEC,map2_moneyline,Bushido Wildcats,3,Sharp,2.04,1,won,1.04,13.185,,,,selected,2026-08-13 08:06
map2_specials_v1,2026-08-13 17:00,,FaZe vs Legacy,map2_moneyline,FaZe,3,Sharp,2.01,1,won,1.01,14.195,,,,selected,2026-08-12 22:05
map2_specials_v1,2026-08-13 17:00,Esports World Cup,Falcons vs Astralis,map2_moneyline,Astralis,3,Sharp,3.68,1,lost,-1.0,13.195,,,,selected,2026-08-12 22:05
map2_specials_v1,2026-08-13 20:00,,Imperial vs Isurus,map2_moneyline,Isurus,3,Sharp,2.9,1,lost,-1.0,12.195,,,,selected,2026-08-11 19:05
map2_specials_v1,2026-08-13 23:00,BB Storm,Imperial vs Isurus,map2_moneyline,Isurus,3,Sharp,2.9,1,lost,-1.0,11.195,,,,selected,2026-08-11 19:05
map2_specials_v1,2026-08-13 23:45,,Pugdesonesto vs ALKA,map2_moneyline,Pugdesonesto,3,Sharp,2.94,1,lost,-1.0,10.195,,,,selected,2026-08-13 01:05
map2_specials_v1,2026-08-13 23:45,CCT South America Challengers,METANOIA Wolves vs paiN Academy,map2_moneyline,METANOIA Wolves,3,Sharp,2.38,1,lost,-1.0,9.195,,,,selected,2026-08-13 13:06
map2_specials_v1,2026-08-14 08:00,CCT Europe Series Closed Qualifier,Enjoy vs Misa,map2_moneyline,Misa,3,Sharp,2.33,1,lost,-1.0,8.195,,,,selected,2026-08-13 23:07
map2_specials_v1,2026-08-14 11:00,Esports World Cup,BetBoom vs Ninjas in Pyjamas,map2_moneyline,Ninjas in Pyjamas,3,Sharp,2.71,1,won,1.71,9.905,,,,selected,2026-08-13 21:06
map2_specials_v1,2026-08-14 13:00,ESL Challenger League Europe,BAKS vs Fire Flux,map2_moneyline,Fire Flux,3,Sharp,2.43,1,won,1.43,11.335,,,,selected,2026-08-14 07:08
map2_specials_v1,2026-08-14 13:00,ESL Challenger League Europe,Lavked vs SINQU,map2_moneyline,SINQU,3,Sharp,3.37,1,won,2.37,,,,,quarantined,2026-08-14 07:08
map2_specials_v1,2026-08-14 13:30,Esports World Cup,Vitality vs B8,map2_moneyline,B8,3,Sharp,5.31,1,won,4.31,15.645,,,,selected,2026-08-14 13:06
map2_specials_v1,2026-08-14 13:55,Esports World Cup,Vitality vs B8,map2_moneyline,B8,3,Sharp,5.05,1,won,4.05,19.695,,,,selected,2026-08-13 20:05
map2_specials_v1,2026-08-14 16:50,Esports World Cup,100 Thieves vs PARIVISION,map2_moneyline,100 Thieves,3,Sharp,2.27,1,lost,-1.0,18.695,,,,selected,2026-08-14 05:05
map2_specials_v1,2026-08-14 17:00,NODWIN Clutch Series Closed Qualifier,Just Players vs ENCE,map2_moneyline,ENCE,3,Sharp,2.32,1,lost,-1.0,17.695,,,,selected,2026-08-14 07:08
map2_specials_v1,2026-08-14 20:00,BB Storm,Galorys vs BORRACHEIROS,map2_moneyline,BORRACHEIROS,3,Sharp,3.25,1,lost,-1.0,16.695,,,,selected,2026-08-11 20:05
map2_specials_v1,2026-08-14 23:00,BB Storm,BESTIA vs ALKA,map2_moneyline,ALKA,3,Sharp,3.21,1,lost,-1.0,15.695,,,,selected,2026-08-11 23:06
map2_specials_v1,2026-08-14 23:45,CCT South America Challengers,METANOIA Wolves vs MEIA NOITE,map2_moneyline,METANOIA Wolves,3,Sharp,2.62,1,lost,-1.0,14.695,,,,selected,2026-08-14 15:07
map2_specials_v1,2026-08-15 11:00,Esports World Cup,9z vs FURIA,map2_moneyline,9z,3,Sharp,2.48,1,won,1.48,16.175,-3.65,specials_hourly,specials_hourly,selected,2026-08-15 00:06
map2_specials_v1,2026-08-15 11:00,Esports World Cup,paiN vs Wildcard,map2_moneyline,Wildcard,3,Sharp,2.33,1,lost,-1.0,15.175,-1.11,specials_hourly,specials_hourly,selected,2026-08-15 00:06
map2_specials_v1,2026-08-15 11:00,Esports World Cup,Natus Vincere vs The MongolZ,map2_moneyline,The MongolZ,3,Sharp,3.09,1,won,2.09,17.265,-0.93,specials_hourly,specials_hourly,selected,2026-08-15 03:05
map2_specials_v1,2026-08-15 13:00,ESL Challenger League Europe,Fire Flux vs OG,map2_moneyline,Fire Flux,3,Sharp,3.38,1,won,2.38,,4.55,specials_hourly,specials_hourly,quarantined,2026-08-15 06:06
map2_specials_v1,2026-08-15 13:45,,ex-Sashi Academy vs SAW Youngsters,map2_moneyline,ex-Sashi Academy,3,Sharp,1.99,1,lost,-1.0,16.265,-4.36,specials_hourly,specials_hourly,selected,2026-08-15 00:06
map2_specials_v1,2026-08-15 13:55,Esports World Cup,9z vs FURIA,map2_moneyline,9z,3,Sharp,2.48,1,won,1.48,17.745,-3.69,specials_hourly,specials_hourly,selected,2026-08-15 00:06
map2_specials_v1,2026-08-15 14:00,Esports World Cup,paiN vs Wildcard,map2_moneyline,Wildcard,3,Sharp,2.33,1,lost,-1.0,16.745,1.09,specials_hourly,specials_hourly,selected,2026-08-15 00:06
map2_specials_v1,2026-08-15 16:50,Esports World Cup,BIG vs Spirit,map2_moneyline,BIG,3,Sharp,4.29,1,lost,-1.0,15.745,-0.82,specials_hourly,specials_hourly,selected,2026-08-15 00:06
map2_specials_v1,2026-08-15 17:00,,Keyd Stars vs Galorys,map2_moneyline,Keyd Stars,3,Sharp,2.53,1,lost,-1.0,14.745,1.74,specials_hourly,specials_hourly,selected,2026-08-15 09:06
map2_specials_v1,2026-08-15 17:50,Esports World Cup,BIG vs Spirit,map2_moneyline,BIG,3,Sharp,4.42,1,lost,-1.0,13.745,,,,selected,2026-08-15 17:05
map2_specials_v1,2026-08-15 20:00,,Imperial vs BESTIA,map2_moneyline,BESTIA,3,Sharp,2.42,1,won,1.42,15.165,1.07,specials_hourly,specials_hourly,selected,2026-08-15 09:06
map2_specials_v1,2026-08-15 20:15,,Imperial vs BESTIA,map2_moneyline,BESTIA,3,Sharp,2.38,1,won,1.38,16.545,,,,selected,2026-08-15 20:05
map2_specials_v1,2026-08-15 21:00,CCT South America Challengers,paiN Academy vs ALKA,map2_moneyline,paiN Academy,3,Sharp,2.84,1,lost,-1.0,15.545,1.99,specials_hourly,specials_hourly,selected,2026-08-15 17:05
map2_specials_v1,2026-08-16 08:00,NODWIN Clutch Series Closed Qualifier,Nexus vs Bushido Wildcats,map2_moneyline,Bushido Wildcats,3,Sharp,1.971,1,won,0.971,16.516,0.3,specials_hourly,specials_hourly,selected,2026-08-15 19:05
map2_specials_v1,2026-08-16 11:00,,ENCE vs WBT,map2_moneyline,WBT,3,Sharp,2.2,1,won,1.2,17.716,5.86,specials_hourly,specials_hourly,selected,2026-08-15 18:05
map2_specials_v1,2026-08-16 11:00,Esports World Cup,Legacy vs MIBR,map2_moneyline,MIBR,3,Sharp,2.34,1,lost,-1.0,16.716,0.34,specials_hourly,specials_hourly,selected,2026-08-15 22:06
map2_specials_v1,2026-08-16 11:00,Esports World Cup,Vitality vs Lynn Vision,map2_moneyline,Lynn Vision,3,Sharp,6.16,1,lost,-1.0,15.716,-0.78,specials_hourly,specials_hourly,selected,2026-08-15 22:06
map2_specials_v1,2026-08-16 11:00,CCT Europe Series Closed Qualifier,BERG vs HAVU,map2_moneyline,BERG,3,Sharp,2.11,1,lost,-1.0,14.716,1.75,specials_hourly,specials_hourly,selected,2026-08-15 23:05
map2_specials_v1,2026-08-16 11:00,NODWIN Clutch Series Closed Qualifier,ex-RUSTEC vs Inner Circle Academy,map2_moneyline,Inner Circle Academy,3,Sharp,2.43,1,won,1.43,16.146,1.19,specials_hourly,specials_hourly,selected,2026-08-16 00:05
map2_specials_v1,2026-08-16 11:00,CCT Europe Challengers,Bushido Wildcats vs Fortress,map2_moneyline,Fortress,3,Sharp,4.54,1,lost,-1.0,15.146,3.21,specials_hourly,specials_hourly,selected,2026-08-16 00:05
map2_specials_v1,2026-08-16 14:00,Esports World Cup,Vitality vs Lynn Vision,map2_moneyline,Lynn Vision,3,Sharp,6.16,1,lost,-1.0,14.146,-1.97,specials_hourly,specials_hourly,selected,2026-08-15 22:06
map2_specials_v1,2026-08-16 14:00,Esports World Cup,MOUZ vs PARIVISION,map2_moneyline,PARIVISION,3,Sharp,2.7,1,lost,-1.0,13.146,0.59,specials_hourly,specials_hourly,selected,2026-08-15 22:06
map2_specials_v1,2026-08-16 16:50,Esports World Cup,Legacy vs MIBR,map2_moneyline,MIBR,3,Sharp,2.34,1,lost,-1.0,12.146,0.34,specials_hourly,specials_hourly,selected,2026-08-15 22:06
map2_specials_v1,2026-08-16 16:50,Esports World Cup,Astralis vs Ninjas in Pyjamas,map2_moneyline,Ninjas in Pyjamas,3,Sharp,2.28,1,won,1.28,13.426,,,,selected,2026-08-16 16:05
map2_specials_v1,2026-08-16 17:00,,Keyd Stars vs Imperial,map2_moneyline,Keyd Stars,3,Sharp,3.02,1,lost,-1.0,12.426,0.67,specials_hourly,specials_hourly,selected,2026-08-16 07:06
map2_specials_v1,2026-08-16 17:20,Esports World Cup,Legacy vs MIBR,map2_moneyline,MIBR,3,Sharp,2.34,1,lost,-1.0,11.426,,,,selected,2026-08-16 17:04
map2_specials_v1,2026-08-16 23:00,,Keyd Stars vs Imperial,map2_moneyline,Keyd Stars,3,Sharp,2.81,1,lost,-1.0,10.426,-1.93,specials_hourly,specials_hourly,selected,2026-08-16 02:05
map2_specials_v1,2026-08-17 11:00,CCT Europe Challengers,ENCE vs BERG,map2_moneyline,BERG,3,Sharp,2.63,1,lost,-1.0,9.426,-0.72,specials_hourly,specials_hourly,selected,2026-08-17 00:05
map2_specials_v1,2026-08-17 11:00,,Inner Circle Academy vs ex-Zero Tenacity,map2_moneyline,Inner Circle Academy,3,Sharp,2.22,1,won,1.22,10.646,-2.79,specials_hourly,specials_hourly,selected,2026-08-17 05:05
map2_specials_v1,2026-08-17 13:45,CCT Europe Challengers,LPH vs SAW Youngsters,map2_moneyline,LPH,3,Sharp,2.09,1,won,1.09,11.736,3.9,specials_hourly,specials_hourly,selected,2026-08-16 23:05
map2_specials_v1,2026-08-17 14:00,,Bushido Wildcats vs Inner Circle Academy,map2_moneyline,Bushido Wildcats,3,Sharp,1.758,1,lost,-1.0,10.736,8.04,specials_hourly,specials_hourly,selected,2026-08-16 20:04
map2_specials_v1,2026-08-18 08:00,CCT Europe Series,PCIFIC vs Just Players,map2_moneyline,PCIFIC,3,Sharp,2.44,1,lost,-1.0,9.736,-2.5,specials_hourly,specials_hourly,selected,2026-08-18 04:06
map2_specials_v1,2026-08-18 11:00,CCT Europe Series,MASONIC vs Bebop,map2_moneyline,MASONIC,3,Sharp,2.13,1,won,1.13,10.866,-3.75,specials_hourly,specials_hourly,selected,2026-08-18 04:06
map2_specials_v1,2026-08-18 13:00,ESL Challenger League Europe,Metizport vs DONSTU,map2_moneyline,DONSTU,3,Sharp,3.72,1,lost,-1.0,9.866,0.72,specials_hourly,specials_hourly,selected,2026-08-18 03:06
map2_specials_v1,2026-08-18 13:00,,Omega vs Fire Flux,map2_moneyline,Omega,3,Sharp,1.685,1,lost,-1.0,8.866,3.5,specials_hourly,specials_hourly,selected,2026-08-18 03:06
map2_specials_v1,2026-08-18 13:00,,EAC vs Fortress,map2_moneyline,Fortress,3,Sharp,5.09,1,lost,-1.0,7.866,1.51,specials_hourly,specials_hourly,selected,2026-08-18 03:06
map2_specials_v1,2026-08-18 13:00,ESL Challenger League Europe,SPARTA vs MOUZ NXT,map2_moneyline,MOUZ NXT,3,Sharp,2.97,1,lost,-1.0,6.866,-1.89,specials_hourly,specials_hourly,selected,2026-08-18 10:07
map2_specials_v1,2026-08-18 17:00,CCT Europe Series,Lavked vs HAVU,map2_moneyline,HAVU,3,Sharp,2.26,1,void,0.0,,-1.05,specials_hourly,specials_hourly,selected,2026-08-18 13:06
map2_specials_v1,2026-08-18 17:20,CCT Europe Series,Lavked vs HAVU,map2_moneyline,HAVU,3,Sharp,2.3,1,void,0.0,,,,,selected,2026-08-18 17:06
map2_specials_v1,2026-08-19 08:00,NODWIN Clutch Series Closed Qualifier,Inner Circle Academy vs MOUZ NXT,map2_moneyline,MOUZ NXT,3,Sharp,2.3,1,lost,-1.0,5.866,1.36,specials_hourly,specials_hourly,selected,2026-08-19 00:10
map2_specials_v1,2026-08-19 13:00,,SPARTA vs MOUZ NXT,map2_moneyline,MOUZ NXT,3,Sharp,3.0,1,lost,-1.0,4.866,0.6,specials_hourly,specials_hourly,selected,2026-08-18 22:07
map2_specials_v1,2026-08-19 14:00,Esports World Cup,G2 vs Astralis,map2_moneyline,Astralis,3,Sharp,2.45,1,lost,-1.0,3.866,-4.05,specials_hourly,specials_hourly,selected,2026-08-17 10:06
map2_specials_v1,2026-08-19 14:00,,FURIA vs Aurora,map2_moneyline,Aurora,3,Sharp,2.59,1,won,1.59,5.456,1.69,specials_hourly,specials_hourly,selected,2026-08-17 10:06
map2_specials_v1,2026-08-19 14:00,Esports World Cup,FUT vs Magic,map2_moneyline,Magic,3,Sharp,2.54,1,lost,-1.0,4.456,-0.91,specials_hourly,specials_hourly,selected,2026-08-17 10:06
map2_specials_v1,2026-08-19 14:00,CCT Europe Series,Black Phoenix vs Bushido Wildcats,map2_moneyline,Bushido Wildcats,3,Sharp,2.0,1,won,1.0,5.456,-0.54,specials_hourly,specials_hourly,selected,2026-08-18 15:06
map2_specials_v1,2026-08-19 17:00,,FUT vs Magic,map2_moneyline,Magic,3,Sharp,2.54,1,lost,-1.0,4.456,-0.6,specials_hourly,specials_hourly,selected,2026-08-17 10:06
map2_specials_v1,2026-08-19 17:00,Esports World Cup,FURIA vs Aurora,map2_moneyline,Aurora,3,Sharp,2.59,1,won,1.59,6.046,1.28,specials_hourly,specials_hourly,selected,2026-08-17 10:06
map2_specials_v1,2026-08-19 17:15,Esports World Cup,FURIA vs Aurora,map2_moneyline,Aurora,3,Sharp,2.5,1,won,1.5,7.546,,,,selected,2026-08-19 17:06
map2_specials_v1,2026-08-20 11:00,Esports World Cup,Falcons vs The MongolZ,map2_moneyline,The MongolZ,3,Sharp,3.6,1,lost,-1.0,6.546,-0.4,specials_hourly,specials_hourly,selected,2026-08-17 11:05
map2_specials_v1,2026-08-20 11:00,Esports World Cup,Natus Vincere vs Legacy,map2_moneyline,Legacy,3,Sharp,3.13,1,won,2.13,8.676,0.39,specials_hourly,specials_hourly,selected,2026-08-20 04:10
map2_specials_v1,2026-08-20 13:00,,SPARTA vs OG,map2_moneyline,SPARTA,3,Sharp,2.17,1,won,1.17,9.846,1.9,specials_hourly,specials_hourly,selected,2026-08-20 01:09
map2_specials_v1,2026-08-20 13:00,ESL Challenger League Europe,Metizport vs Color,map2_moneyline,Metizport,3,Sharp,1.847,1,lost,-1.0,8.846,-0.68,specials_hourly,specials_hourly,selected,2026-08-20 04:10
map2_specials_v1,2026-08-20 13:25,Esports World Cup,FaZe vs Vitality,map2_moneyline,FaZe,3,Sharp,2.86,1,lost,-1.0,7.846,,,,selected,2026-08-20 13:06
map2_specials_v1,2026-08-20 13:45,,mellren vs Bushido Wildcats,map2_moneyline,mellren,3,Sharp,2.39,1,lost,-1.0,6.846,-3.6,specials_hourly,specials_hourly,selected,2026-08-19 23:09
map2_specials_v1,2026-08-20 13:45,CCT Europe Challengers,LPH vs WBT,map2_moneyline,LPH,3,Sharp,2.37,1,lost,-1.0,5.846,0.28,specials_hourly,specials_hourly,selected,2026-08-20 06:07
map2_specials_v1,2026-08-20 14:00,Esports World Cup,FaZe vs Vitality,map2_moneyline,FaZe,3,Sharp,2.77,1,lost,-1.0,4.846,-1.1,specials_hourly,specials_hourly,selected,2026-08-17 14:05
map2_specials_v1,2026-08-20 14:00,Esports World Cup,B8 vs Spirit,map2_moneyline,B8,3,Sharp,3.21,1,lost,-1.0,3.846,0.31,specials_hourly,specials_hourly,selected,2026-08-17 14:05
map2_specials_v1,2026-08-20 14:00,,PCIFIC vs Drip Too Hard,map2_moneyline,PCIFIC,3,Sharp,2.22,1,lost,-1.0,2.846,-2.22,specials_hourly,specials_hourly,selected,2026-08-19 23:10
map2_specials_v1,2026-08-20 18:15,CCT Europe Series Contenders,FORZE Reload vs Younglings,map2_moneyline,Younglings,3,Sharp,2.63,1,lost,-1.0,1.846,-5.68,specials_hourly,specials_hourly,selected,2026-08-20 05:10
map2_specials_v1,2026-08-21 11:00,CCT Europe Series 7,GenOne vs HAVU,map2_moneyline,HAVU,3,Sharp,3.32,1,lost,-1.0,0.846,2.02,specials_hourly,specials_hourly,selected,2026-08-21 04:05
map2_specials_v1,2026-08-21 11:00,Esports World Cup,FUT vs MOUZ,map2_moneyline,MOUZ,3,Sharp,1.8,1,lost,-1.0,-0.154,0.21,specials_hourly,specials_hourly,selected,2026-08-21 05:06
map2_specials_v1,2026-08-21 11:00,NODWIN Clutch Series,Color vs Inner Circle Academy,map2_moneyline,Inner Circle Academy,3,Sharp,2.83,1,lost,-1.0,,0.0,specials_hourly,specials_hourly,quarantined,2026-08-21 08:06
map2_specials_v1,2026-08-21 14:00,Esports World Cup,Legacy vs Falcons,map2_moneyline,Legacy,3,Sharp,3.29,1,won,2.29,2.136,1.41,specials_hourly,specials_hourly,selected,2026-08-21 00:10
map2_specials_v1,2026-08-21 14:00,,MASONIC vs ex-Zero Tenacity,map2_moneyline,MASONIC,3,Sharp,2.26,1,lost,-1.0,1.136,-7.53,specials_hourly,specials_hourly,selected,2026-08-21 04:05
map2_specials_v1,2026-08-21 14:15,CCT Europe Series 7,MASONIC vs ex-Zero Tenacity,map2_moneyline,MASONIC,3,Sharp,3.01,1,lost,-1.0,,,,,quarantined,2026-08-21 14:05
map2_specials_v1,2026-08-22 11:00,CCT Europe Series 7,Lavked vs Bushido Wildcats,map2_moneyline,Bushido Wildcats,3,Sharp,1.654,1,lost,-1.0,0.136,-2.02,specials_hourly,specials_hourly,selected,2026-08-22 05:06
map2_specials_v1,2026-08-22 11:00,CCT Europe Challengers,WBT vs mellren,map2_moneyline,mellren,3,Sharp,2.27,1,won,1.27,1.406,,,,selected,2026-08-22 10:06
map2_specials_v1,2026-08-22 17:00,,Legacy vs Spirit,map2_moneyline,Legacy,3,Sharp,3.13,1,lost,-1.0,0.406,0.55,specials_hourly,specials_hourly,selected,2026-08-21 22:07
map2_specials_v1,2026-08-22 17:30,Esports World Cup,Legacy vs Spirit,map2_moneyline,Legacy,3,Sharp,3.05,1,lost,-1.0,-0.594,,,,selected,2026-08-22 17:05
map2_specials_v1,2026-08-23 08:00,NODWIN Clutch Series,Color vs SPARTA,map2_moneyline,SPARTA,3,Sharp,2.05,1,won,1.05,0.456,-0.08,specials_hourly,specials_hourly,selected,2026-08-22 20:05
map2_specials_v1,2026-08-23 08:00,Esports World Cup,FURIA vs Legacy,map2_moneyline,Legacy,3,Sharp,2.57,1,won,1.57,2.026,,,,selected,2026-08-23 04:08
map2_specials_v1,2026-08-23 11:00,CCT Europe Series 7,Drip Too Hard vs MASONIC,map2_moneyline,MASONIC,3,Sharp,2.25,1,lost,-1.0,1.026,0.42,specials_hourly,specials_hourly,selected,2026-08-23 09:10
map2_specials_v1,2026-08-24 14:00,CCT Europe Series 7,PCIFIC vs Bushido Wildcats,map2_moneyline,PCIFIC,3,Sharp,2.47,1,lost,-1.0,0.026,-1.89,specials_hourly,specials_hourly,selected,2026-08-24 06:23
map2_specials_v1,2026-08-24 17:00,CCT Europe Series 7,Black Phoenix vs HAVU,map2_moneyline,HAVU,3,Sharp,2.4,1,lost,-1.0,-0.974,2.66,specials_hourly,specials_hourly,selected,2026-08-24 06:23
map2_specials_v1,2026-08-24 17:00,NODWIN Clutch Series 11,CYBERSHOKE Prospects vs ex-Zero Tenacity,map2_moneyline,ex-Zero Tenacity,3,Sharp,2.19,1,lost,-1.0,-1.974,6.96,specials_hourly,specials_hourly,selected,2026-08-24 08:08
map2_specials_v1,2026-08-25 17:00,CCT Europe Series 7,Drip Too Hard vs Just Players,map2_moneyline,Drip Too Hard,3,Sharp,2.31,1,lost,-1.0,-2.974,3.2,specials_hourly,specials_hourly,selected,2026-08-25 15:08
map2_specials_v1,2026-08-25 21:00,ESL Challenger League South America,BORRACHEIROS vs Galorys,map2_moneyline,BORRACHEIROS,3,Sharp,2.86,1,won,1.86,-1.114,-5.62,specials_hourly,specials_hourly,selected,2026-08-24 22:06
map2_specials_v1,2026-08-25 21:00,ESL Challenger League South America,Bounty Hunters vs MEIA NOITE,map2_moneyline,MEIA NOITE,3,Sharp,2.62,1,lost,-1.0,-2.114,-4.49,specials_hourly,specials_hourly,selected,2026-08-24 22:06
map2_specials_v1,2026-08-25 21:00,ESL Challenger League South America,ShindeN vs ALKA,map2_moneyline,ALKA,3,Sharp,2.5,1,lost,-1.0,-3.114,-6.61,specials_hourly,specials_hourly,selected,2026-08-24 22:06
map2_specials_v1,2026-08-25 21:00,ESL Challenger League South America,Yawara vs Keyd Stars,map2_moneyline,Yawara,3,Sharp,2.27,1,lost,-1.0,-4.114,2.28,specials_hourly,specials_hourly,selected,2026-08-24 23:07
map2_specials_v1,2026-08-25 22:00,CCT South America,ALKA vs Pugdesonesto,map2_moneyline,Pugdesonesto,3,Sharp,3.15,1,lost,-1.0,-5.114,-3.88,specials_hourly,specials_hourly,selected,2026-08-25 01:06
map2_specials_v1,2026-08-26 11:30,,Spirit vs DENDELE,map2_moneyline,DENDELE,3,Sharp,5.29,1,lost,-1.0,-6.114,2.79,specials_hourly,specials_hourly,selected,2026-08-24 18:06
map2_specials_v1,2026-08-26 13:00,,MEIA NOITE vs ODDIK,map2_moneyline,MEIA NOITE,3,Sharp,3.0,1,lost,-1.0,-7.114,-2.85,specials_hourly,specials_hourly,selected,2026-08-25 15:08
map2_specials_v1,2026-08-26 14:00,BLAST Open,Natus Vincere vs M80,map2_moneyline,M80,3,Sharp,3.96,1,won,2.96,-4.154,0.34,specials_hourly,specials_hourly,selected,2026-08-24 21:06
map2_specials_v1,2026-08-26 14:00,,GenOne vs Nordic Partners,map2_moneyline,Nordic Partners,3,Sharp,2.46,1,lost,-1.0,-5.154,-2.0,specials_hourly,specials_hourly,selected,2026-08-25 16:08
map2_specials_v1,2026-08-26 14:25,BLAST Open,Natus Vincere vs M80,map2_moneyline,M80,3,Sharp,3.76,1,won,2.76,-2.394,,,,selected,2026-08-26 14:08
map2_specials_v1,2026-08-26 16:00,CCT South America,ALKA vs Pugdesonesto,map2_moneyline,Pugdesonesto,3,Sharp,3.56,1,lost,-1.0,-3.394,-0.24,specials_hourly,specials_hourly,selected,2026-08-25 21:06
map2_specials_v1,2026-08-26 16:30,,FURIA vs paiN,map2_moneyline,paiN,3,Sharp,3.9,1,lost,-1.0,-4.394,-0.1,specials_hourly,specials_hourly,selected,2026-08-24 21:06
map2_specials_v1,2026-08-26 17:30,BLAST Open,FURIA vs paiN,map2_moneyline,paiN,3,Sharp,3.82,1,lost,-1.0,-5.394,,,,selected,2026-08-26 17:07
map2_specials_v1,2026-08-26 21:00,ESL Challenger League South America,Isurus vs paiN Academy,map2_moneyline,paiN Academy,3,Sharp,2.74,1,lost,-1.0,-6.394,-4.4,specials_hourly,specials_hourly,selected,2026-08-26 06:08
map2_specials_v1,2026-08-26 21:00,ESL Challenger League South America,ODDIK vs Imperial,map2_moneyline,ODDIK,3,Sharp,3.15,1,won,2.15,-4.244,0.66,specials_hourly,specials_hourly,selected,2026-08-26 06:08
map2_specials_v1,2026-08-26 21:00,ESL Challenger League South America,ALKA vs Turma do Pagode,map2_moneyline,ALKA,3,Sharp,2.0,1,won,1.0,-3.244,-16.15,specials_hourly,specials_hourly,selected,2026-08-26 07:10
map2_specials_v1,2026-08-26 21:00,ESL Challenger League South America,Fluxo vs Keyd Stars,map2_moneyline,Keyd Stars,3,Sharp,2.62,1,lost,-1.0,-4.244,3.5,specials_hourly,specials_hourly,selected,2026-08-26 08:07
map2_specials_v1,2026-08-26 21:00,ESL Challenger League South America,MEIA NOITE vs BORRACHEIROS,map2_moneyline,BORRACHEIROS,3,Sharp,2.03,1,lost,-1.0,-5.244,0.95,specials_hourly,specials_hourly,selected,2026-08-26 09:09
map2_specials_v1,2026-08-27 08:00,CCT Europe Series Closed Qualifier,ex-Zero Tenacity vs WBT,map2_moneyline,WBT,3,Sharp,2.19,1,lost,-1.0,-6.244,2.08,specials_hourly,specials_hourly,selected,2026-08-27 04:18
map2_specials_v1,2026-08-27 09:00,BLAST Open,Vitality vs Inner Circle,map2_moneyline,Inner Circle,3,Sharp,4.5,1,won,3.5,-2.744,-3.31,specials_hourly,specials_hourly,selected,2026-08-24 16:06
map2_specials_v1,2026-08-27 11:00,CCT Europe Series,Nemiga vs Black Phoenix,map2_moneyline,Black Phoenix,3,Sharp,2.57,1,lost,-1.0,-3.744,-2.72,specials_hourly,specials_hourly,selected,2026-08-27 06:11
map2_specials_v1,2026-08-27 11:30,BLAST Open,MOUZ vs 9z,map2_moneyline,9z,3,Sharp,2.62,1,lost,-1.0,-4.744,-0.12,specials_hourly,specials_hourly,selected,2026-08-24 16:06
map2_specials_v1,2026-08-27 14:00,,EAC vs QUAZAR,map2_moneyline,EAC,3,Sharp,1.943,1,lost,-1.0,-5.744,4.54,specials_hourly,specials_hourly,selected,2026-08-27 00:07
map2_specials_v1,2026-08-27 16:30,BLAST Open,Falcons vs Lynn Vision,map2_moneyline,Lynn Vision,3,Sharp,6.69,1,won,5.69,-0.054,6.47,specials_hourly,specials_hourly,selected,2026-08-24 17:07
map2_specials_v1,2026-08-27 21:00,,ODDIK vs Yawara,map2_moneyline,ODDIK,3,Sharp,1.84,1,won,0.84,0.786,2.05,specials_hourly,specials_hourly,selected,2026-08-27 06:11
map2_specials_v1,2026-08-27 21:00,ESL Challenger League South America,Bounty Hunters vs Turma do Pagode,map2_moneyline,Bounty Hunters,3,Sharp,1.935,1,lost,-1.0,-0.214,-0.21,specials_hourly,specials_hourly,selected,2026-08-27 18:08
map2_specials_v1,2026-08-28 09:00,,Aurora vs DENDELE,map2_moneyline,DENDELE,3,Sharp,3.52,1,lost,-1.0,-1.214,0.4,specials_hourly,specials_hourly,selected,2026-08-28 01:07
map2_specials_v1,2026-08-28 11:00,CCT Europe Series,OG vs ex-Zero Tenacity,map2_moneyline,ex-Zero Tenacity,3,Sharp,2.25,1,won,1.25,0.036,4.71,specials_hourly,specials_hourly,selected,2026-08-27 15:11
map2_specials_v1,2026-08-28 11:30,BLAST Open,G2 vs Spirit,map2_moneyline,Spirit,3,Sharp,1.575,1,won,0.575,0.611,-1.63,specials_hourly,specials_hourly,selected,2026-08-28 07:10
map2_specials_v1,2026-08-28 13:00,CCT South America,ODDIK vs ALKA,map2_moneyline,ALKA,3,Sharp,2.35,1,lost,-1.0,-0.389,-0.37,specials_hourly,specials_hourly,selected,2026-08-28 02:07
map2_specials_v1,2026-08-28 14:00,Logitech G Connect Closed Qualifier,Rune Eaters vs 9INE,map2_moneyline,Rune Eaters,3,Sharp,2.37,1,void,0.0,,3.11,specials_hourly,specials_hourly,selected,2026-08-27 15:11
map2_specials_v1,2026-08-28 14:00,BLAST Open,Natus Vincere vs paiN,map2_moneyline,paiN,3,Sharp,3.95,1,lost,-1.0,-1.389,-0.22,specials_hourly,specials_hourly,selected,2026-08-28 01:07
map2_specials_v1,2026-08-28 14:00,NODWIN Clutch Series,SPARTA vs Inner Circle Academy,map2_moneyline,Inner Circle Academy,3,Sharp,2.81,1,lost,-1.0,-2.389,0.0,specials_hourly,specials_hourly,selected,2026-08-28 05:07
map2_specials_v1,2026-08-28 14:30,BLAST Open,Natus Vincere vs paiN,map2_moneyline,paiN,3,Sharp,3.72,1,lost,-1.0,-3.389,,,,selected,2026-08-28 14:08
map2_specials_v1,2026-08-28 16:30,,M80 vs FURIA,map2_moneyline,M80,3,Sharp,3.78,1,lost,-1.0,-4.389,0.25,specials_hourly,specials_hourly,selected,2026-08-28 01:07
map2_specials_v1,2026-08-28 17:00,CCT Europe Series,SINNERS vs Bushido Wildcats,map2_moneyline,Bushido Wildcats,3,Sharp,2.75,1,lost,-1.0,-5.389,2.35,specials_hourly,specials_hourly,selected,2026-08-27 15:11
map2_specials_v1,2026-08-28 17:00,,UPGRADE vs Black Phoenix,map2_moneyline,Black Phoenix,3,Sharp,2.06,1,lost,-1.0,-6.389,2.4,specials_hourly,specials_hourly,selected,2026-08-28 09:09
map2_specials_v1,2026-08-28 17:10,BLAST Open,M80 vs FURIA,map2_moneyline,M80,3,Sharp,3.67,1,lost,-1.0,-7.389,,,,selected,2026-08-28 17:08
map2_specials_v1,2026-08-28 19:00,CCT South America,Peladona vs Procyon,map2_moneyline,Procyon,3,Sharp,2.64,1,lost,-1.0,-8.389,-6.14,specials_hourly,specials_hourly,selected,2026-08-27 15:11
map2_specials_v1,2026-08-28 21:00,ESL Challenger League South America,Fluxo vs Galorys,map2_moneyline,Galorys,3,Sharp,2.63,1,won,1.63,-6.759,2.44,specials_hourly,specials_hourly,selected,2026-08-27 23:09
map2_specials_v1,2026-08-28 21:00,,Turma do Pagode vs Isurus,map2_moneyline,Isurus,3,Sharp,2.75,1,lost,-1.0,-7.759,1.73,specials_hourly,specials_hourly,selected,2026-08-28 08:07
map2_specials_v1,2026-08-28 22:00,CCT South America,BORRACHEIROS vs BESTIA Academy,map2_moneyline,BESTIA Academy,3,Sharp,1.98,1,lost,-1.0,-8.759,1.18,specials_hourly,specials_hourly,selected,2026-08-28 09:09
map2_specials_v1,2026-08-29 01:00,,Voca vs Overtake Sector,map2_moneyline,Overtake Sector,3,Sharp,3.68,1,lost,-1.0,-9.759,-4.65,specials_hourly,specials_hourly,selected,2026-08-28 06:12
map2_specials_v1,2026-08-29 09:00,BLAST Open,Vitality vs 9z,map2_moneyline,9z,3,Sharp,3.36,1,lost,-1.0,-10.759,-2.14,specials_hourly,specials_hourly,selected,2026-08-28 22:08
map2_specials_v1,2026-08-29 11:30,BLAST Open,Inner Circle vs MOUZ,map2_moneyline,Inner Circle,3,Sharp,3.3,1,lost,-1.0,-11.759,-1.26,specials_hourly,specials_hourly,selected,2026-08-28 22:08
map2_specials_v1,2026-08-29 14:00,BLAST Open,FUT vs Lynn Vision,map2_moneyline,Lynn Vision,3,Sharp,3.68,1,lost,-1.0,,-2.37,specials_hourly,specials_hourly,quarantined,2026-08-28 22:08
map2_specials_v1,2026-08-29 14:00,,SINNERS vs ex-Zero Tenacity,map2_moneyline,ex-Zero Tenacity,3,Sharp,2.36,1,won,1.36,-10.399,,,,selected,2026-08-29 08:08
map2_specials_v1,2026-08-29 21:00,ESL Challenger League South America,ShindeN vs Isurus,map2_moneyline,Isurus,3,Sharp,2.72,1,lost,-1.0,-11.399,2.0,specials_hourly,specials_hourly,selected,2026-08-29 10:08
map2_specials_v1,2026-08-29 21:00,ESL Challenger League South America,Fluxo vs ex-MIBR Academy,map2_moneyline,ex-MIBR Academy,3,Sharp,3.16,1,lost,-1.0,-12.399,0.0,specials_hourly,specials_hourly,selected,2026-08-29 11:12
map2_specials_v1,2026-08-30 09:00,BLAST Open,M80 vs Aurora,map2_moneyline,M80,3,Sharp,3.16,1,lost,-1.0,-13.399,7.54,specials_hourly,specials_hourly,selected,2026-08-29 23:09
map2_specials_v1,2026-08-30 09:00,BLAST Open,G2 vs Natus Vincere,map2_moneyline,Natus Vincere,3,Sharp,2.03,1,lost,-1.0,-14.399,3.5,specials_hourly,specials_hourly,selected,2026-08-30 06:12
map2_specials_v1,2026-08-30 11:30,BLAST Open,M80 vs Aurora,map2_moneyline,M80,3,Sharp,3.16,1,lost,-1.0,-15.399,7.26,specials_hourly,specials_hourly,selected,2026-08-29 23:10
map2_specials_v1,2026-08-30 11:30,BLAST Open,G2 vs Natus Vincere,map2_moneyline,Natus Vincere,3,Sharp,2.03,1,lost,-1.0,-16.399,0.22,specials_hourly,specials_hourly,selected,2026-08-30 06:12
map2_specials_v1,2026-08-30 13:00,CCT South America,BESTIA Academy vs ALKA,map2_moneyline,BESTIA Academy,3,Sharp,2.5,1,lost,-1.0,,1.18,specials_hourly,specials_hourly,quarantined,2026-08-29 18:08
map2_specials_v1,2026-08-30 13:00,ESL Challenger League Europe,Strael Bora vs Inner Circle Academy,map2_moneyline,Strael Bora,3,Sharp,3.54,1,lost,-1.0,-17.399,-4.56,specials_hourly,specials_hourly,selected,2026-08-29 23:10
map2_specials_v1,2026-08-30 13:00,ESL Challenger League Europe,Virtus.pro vs Fire Flux,map2_moneyline,Fire Flux,3,Sharp,3.83,1,lost,-1.0,-18.399,4.65,specials_hourly,specials_hourly,selected,2026-08-29 23:10
map2_specials_v1,2026-08-30 13:00,ESL Challenger League Europe,BERG vs WBT,map2_moneyline,BERG,3,Sharp,2.79,1,won,1.79,-16.609,-0.64,specials_hourly,specials_hourly,selected,2026-08-30 10:10
map2_specials_v1,2026-08-30 14:00,Stake Ranked Open Qualifier,Eternal Fire vs ENCE,map2_moneyline,ENCE,3,Sharp,3.1,1,lost,-1.0,-17.609,-0.06,specials_hourly,specials_hourly,selected,2026-08-29 23:10
map2_specials_v1,2026-08-30 14:00,BLAST Open,Legacy vs Vitality,map2_moneyline,Legacy,3,Sharp,2.68,1,won,1.68,-15.929,0.73,specials_hourly,specials_hourly,selected,2026-08-29 23:10
map2_specials_v1,2026-08-30 14:00,BLAST Open,Inner Circle vs FUT,map2_moneyline,Inner Circle,3,Sharp,2.99,1,lost,-1.0,-16.929,6.46,specials_hourly,specials_hourly,selected,2026-08-29 23:10
map2_specials_v1,2026-08-30 16:30,BLAST Open,Inner Circle vs FUT,map2_moneyline,Inner Circle,3,Sharp,2.99,1,lost,-1.0,-17.929,6.46,specials_hourly,specials_hourly,selected,2026-08-29 23:10
map2_specials_v1,2026-08-30 16:30,BLAST Open,Legacy vs Vitality,map2_moneyline,Legacy,3,Sharp,2.68,1,won,1.68,-16.249,0.04,specials_hourly,specials_hourly,selected,2026-08-29 23:10
map2_specials_v1,2026-08-30 17:00,,OG vs LP,map2_moneyline,LP,3,Sharp,2.3,1,lost,-1.0,-17.249,,,,selected,2026-08-30 16:11
map2_specials_v1,2026-08-30 17:10,BLAST Open,Legacy vs Vitality,map2_moneyline,Legacy,3,Sharp,2.68,1,won,1.68,-15.569,,,,selected,2026-08-30 17:08
map2_specials_v1,2026-08-30 19:00,CCT South America,BORRACHEIROS vs Peladona,map2_moneyline,BORRACHEIROS,3,Sharp,3.25,1,won,2.25,,-5.56,specials_hourly,specials_hourly,quarantined,2026-08-29 18:08
map2_specials_v1,2026-08-30 21:00,,Fluxo vs ShindeN,map2_moneyline,Fluxo,3,Sharp,1.98,1,lost,-1.0,-16.569,7.79,specials_hourly,specials_hourly,selected,2026-08-30 04:07
map2_specials_v1,2026-08-30 21:00,ESL Challenger League South America,Galorys vs Imperial,map2_moneyline,Galorys,3,Sharp,2.72,1,won,1.72,-14.849,-0.27,specials_hourly,specials_hourly,selected,2026-08-30 10:10
map2_specials_v1,2026-08-30 22:00,CCT South America,ODDIK vs Grêmio,map2_moneyline,Grêmio,3,Sharp,3.5,1,lost,-1.0,-15.849,4.25,specials_hourly,specials_hourly,selected,2026-08-29 18:08
map2_specials_v1,2026-08-31 09:00,BLAST Open,Spirit vs FURIA,map2_moneyline,Spirit,3,Sharp,1.752,1,won,0.752,-15.097,2.41,specials_hourly,specials_hourly,selected,2026-08-30 07:10
map2_specials_v1,2026-08-31 11:00,Logitech G Connect Closed Qualifier,Metizport vs PCIFIC,map2_moneyline,PCIFIC,3,Sharp,3.5,1,lost,-1.0,,-2.09,specials_hourly,specials_hourly,quarantined,2026-08-30 16:11
map2_specials_v1,2026-08-31 11:30,BLAST Open,G2 vs Aurora,map2_moneyline,Aurora,3,Sharp,2.25,1,lost,-1.0,-16.097,0.62,specials_hourly,specials_hourly,selected,2026-08-30 22:07
map2_specials_v1,2026-08-31 13:00,ESL Challenger League Europe,Misa vs BAKS,map2_moneyline,Misa,3,Sharp,2.54,1,won,1.54,-14.557,-3.26,specials_hourly,specials_hourly,selected,2026-08-31 06:08
map2_specials_v1,2026-08-31 16:00,,BESTIA Academy vs Blitzkrieg,map2_moneyline,Blitzkrieg,3,Sharp,5.29,1,lost,-1.0,,0.29,specials_hourly,specials_hourly,quarantined,2026-08-31 06:08
map2_specials_v1,2026-08-31 16:30,,Vitality vs FUT,map2_moneyline,FUT,3,Sharp,2.71,1,lost,-1.0,-15.557,0.16,specials_hourly,specials_hourly,selected,2026-08-30 22:07
map2_specials_v1,2026-08-31 17:00,,Metizport vs ASTRAL,map2_moneyline,ASTRAL,3,Sharp,2.87,1,lost,-1.0,,-0.45,specials_hourly,specials_hourly,quarantined,2026-08-31 15:08
map2_specials_v1,2026-08-31 18:10,BLAST Open,Vitality vs FUT,map2_moneyline,FUT,3,Sharp,2.84,1,lost,-1.0,-16.557,0.35,specials_hourly,specials_hourly,selected,2026-08-31 17:06
map2_specials_v1,2026-08-31 19:00,,DAMAJUANA vs Zetta,map2_moneyline,Zetta,3,Sharp,2.36,1,lost,-1.0,,-5.75,specials_hourly,specials_hourly,quarantined,2026-08-31 06:08
map2_specials_v1,2026-09-01 08:00,NODWIN Clutch Series 11,Nemesis vs SPARTA,map2_moneyline,SPARTA,3,Sharp,2.64,1,lost,-1.0,-17.557,-0.75,specials_hourly,specials_hourly,selected,2026-08-31 05:10
map2_specials_v1,2026-09-01 11:00,Logitech G Connect Closed Qualifier,PCIFIC vs BRUTE,map2_moneyline,PCIFIC,3,Sharp,2.51,1,lost,-1.0,-18.557,0.33,specials_hourly,specials_hourly,selected,2026-09-01 01:07
map2_specials_v1,2026-09-01 13:00,,Virtus.pro vs WBT,map2_moneyline,WBT,3,Sharp,3.09,1,lost,-1.0,-19.557,7.34,specials_hourly,specials_hourly,selected,2026-09-01 05:10
map2_specials_v1,2026-09-01 14:00,Logitech G Connect Closed Qualifier,LP vs Eternal Fire,map2_moneyline,LP,3,Sharp,3.16,1,won,2.16,,0.03,specials_hourly,specials_hourly,quarantined,2026-09-01 01:07
map2_specials_v1,2026-09-01 14:30,Logitech G Connect Closed Qualifier,LP vs Eternal Fire,map2_moneyline,LP,3,Sharp,3.29,1,won,2.29,,,,,quarantined,2026-09-01 14:07
map2_specials_v1,2026-09-01 16:00,CCT South America,BORRACHEIROS vs ALKA,map2_moneyline,BORRACHEIROS,3,Sharp,2.41,1,lost,-1.0,-20.557,-1.65,specials_hourly,specials_hourly,selected,2026-09-01 01:07
map2_specials_v1,2026-09-01 17:00,NODWIN Clutch Series 11,Nuclear TigeRES vs Color,map2_moneyline,Color,3,Sharp,2.18,1,lost,-1.0,-21.557,-0.62,specials_hourly,specials_hourly,selected,2026-08-31 06:08
map2_specials_v1,2026-09-01 21:00,ESL Challenger League South America,Galorys vs Imperial,map2_moneyline,Galorys,3,Sharp,2.4,1,lost,-1.0,-22.557,,,,selected,2026-09-01 20:06
map2_specials_v1,2026-09-02 06:00,,FlyQuest vs NEXVOID,map2_moneyline,NEXVOID,3,Sharp,4.54,1,lost,-1.0,,3.31,specials_hourly,specials_hourly,quarantined,2026-09-01 01:07
map2_specials_v1,2026-09-02 08:00,,SINNERS vs EAC,map2_moneyline,EAC,3,Sharp,2.57,1,lost,-1.0,-23.557,-1.36,specials_hourly,specials_hourly,selected,2026-09-02 05:06
map2_specials_v1,2026-09-02 09:00,IEM Beijing Global Closed Qualifier,3DMAX vs HEROIC,map2_moneyline,3DMAX,3,Sharp,2.41,1,lost,-1.0,-24.557,0.74,specials_hourly,specials_hourly,selected,2026-08-31 21:06
map2_specials_v1,2026-09-02 11:00,,Black Phoenix vs ex-Zero Tenacity,map2_moneyline,ex-Zero Tenacity,3,Sharp,1.806,1,won,0.806,-23.751,17.16,specials_hourly,specials_hourly,selected,2026-09-02 05:06
map2_specials_v1,2026-09-02 12:00,IEM Beijing Global Closed Qualifier,HOTU vs paiN,map2_moneyline,HOTU,3,Sharp,2.12,1,won,1.12,-22.631,6.12,specials_hourly,specials_hourly,selected,2026-08-30 12:12
map2_specials_v1,2026-09-02 12:00,IEM Beijing Global Closed Qualifier,Color vs B8,map2_moneyline,Color,3,Sharp,3.29,1,won,2.29,-20.341,9.92,specials_hourly,specials_hourly,selected,2026-08-30 12:12
map2_specials_v1,2026-09-02 12:00,IEM Beijing Global Closed Qualifier,BIG vs Nemiga,map2_moneyline,Nemiga,3,Sharp,3.15,1,won,2.15,-18.191,8.14,specials_hourly,specials_hourly,selected,2026-08-30 12:12
map2_specials_v1,2026-09-02 12:00,,DENDELE vs EYEBALLERS,map2_moneyline,EYEBALLERS,3,Sharp,2.1,1,lost,-1.0,-19.191,-1.6,specials_hourly,specials_hourly,selected,2026-09-01 01:07
map2_specials_v1,2026-09-02 16:00,CCT South America,Grêmio vs MEIA NOITE,map2_moneyline,Grêmio,3,Sharp,2.08,1,won,1.08,-18.111,,,,selected,2026-09-02 15:08
map2_specials_v1,2026-09-02 18:00,,EYEBALLERS vs B8,map2_moneyline,EYEBALLERS,3,Sharp,2.61,1,lost,-1.0,-19.111,,,,selected,2026-09-02 17:08
map2_specials_v1,2026-09-03 06:00,IEM Beijing Asian Closed Qualifier,DEPO vs Lynn Vision,map2_moneyline,DEPO,3,Sharp,3.53,1,lost,-1.0,-20.111,-0.07,specials_hourly,specials_hourly,selected,2026-09-02 23:07
map2_specials_v1,2026-09-03 06:00,,FlyQuest vs Kaleido,map2_moneyline,Kaleido,3,Sharp,4.69,1,lost,-1.0,,0.74,specials_hourly,specials_hourly,quarantined,2026-09-03 01:06
map2_specials_v1,2026-09-03 09:00,Stake Ranked Closed Qualifier,Iberian Soul vs Nemiga,map2_moneyline,Iberian Soul,3,Sharp,1.909,1,lost,-1.0,-21.111,-1.45,specials_hourly,specials_hourly,selected,2026-09-02 20:06
map2_specials_v1,2026-09-03 11:00,,Nemesis vs HOTU,map2_moneyline,HOTU,3,Sharp,1.971,1,void,0.0,,2.58,specials_hourly,specials_hourly,selected,2026-09-02 23:07
map2_specials_v1,2026-09-03 11:30,Stake Ranked Closed Qualifier,FOKUS vs SINNERS,map2_moneyline,SINNERS,3,Sharp,2.17,1,lost,-1.0,-22.111,3.03,specials_hourly,specials_hourly,selected,2026-09-01 20:06
map2_specials_v1,2026-09-03 12:00,IEM Beijing Global Closed Qualifier,EYEBALLERS vs MIBR,map2_moneyline,EYEBALLERS,3,Sharp,2.54,1,lost,-1.0,-23.111,-5.54,specials_hourly,specials_hourly,selected,2026-09-03 04:09
map2_specials_v1,2026-09-03 12:00,IEM Beijing Global Closed Qualifier,HEROIC vs Color,map2_moneyline,Color,3,Sharp,2.62,1,lost,-1.0,-24.111,0.0,specials_hourly,specials_hourly,selected,2026-09-03 10:10
map2_specials_v1,2026-09-03 14:00,,Lavked vs HAVU,map2_moneyline,HAVU,3,Sharp,2.09,1,lost,-1.0,-25.111,-3.76,specials_hourly,specials_hourly,selected,2026-09-02 15:08
map2_specials_v1,2026-09-03 14:00,Logitech G Connect Closed Qualifier,NOVAQ vs Rune Eaters,map2_moneyline,NOVAQ,3,Sharp,1.98,1,lost,-1.0,-26.111,-8.4,specials_hourly,specials_hourly,selected,2026-09-02 23:07
map2_specials_v1,2026-09-03 14:30,Stake Ranked Closed Qualifier,Ninjas in Pyjamas vs Sangal,map2_moneyline,Sangal,3,Sharp,3.89,1,lost,-1.0,,5.58,specials_hourly,specials_hourly,quarantined,2026-09-01 20:06
map2_specials_v1,2026-09-03 15:00,IEM Beijing Global Closed Qualifier,Eternal Fire vs Nuclear TigeRES,map2_moneyline,Nuclear TigeRES,3,Sharp,1.943,1,won,0.943,-25.168,2.68,specials_hourly,specials_hourly,selected,2026-09-02 23:07
map2_specials_v1,2026-09-03 15:00,,HOTU vs B8,map2_moneyline,HOTU,3,Sharp,2.21,1,lost,-1.0,-26.168,3.04,specials_hourly,specials_hourly,selected,2026-09-02 23:07
map2_specials_v1,2026-09-03 16:00,,Bounty Hunters vs MEIA NOITE,map2_moneyline,MEIA NOITE,3,Sharp,3.72,1,lost,-1.0,,1.59,specials_hourly,specials_hourly,quarantined,2026-09-03 06:11
map2_specials_v1,2026-09-03 17:00,,Omega vs QUAZAR,map2_moneyline,Omega,3,Sharp,2.19,1,lost,-1.0,-27.168,5.9,specials_hourly,specials_hourly,selected,2026-09-02 23:07
map2_specials_v1,2026-09-03 17:30,Stake Ranked Closed Qualifier,Virtus.pro vs fnatic,map2_moneyline,fnatic,3,Sharp,1.87,1,lost,-1.0,-28.168,1.67,specials_hourly,specials_hourly,selected,2026-09-02 00:09
map2_specials_v1,2026-09-03 18:00,NODWIN Clutch Series,3DMAX vs HOTU,map2_moneyline,HOTU,3,Sharp,1.719,1,won,0.719,-27.449,0.61,specials_hourly,specials_hourly,selected,2026-09-03 16:07
map2_specials_v1,2026-09-03 19:00,,Yawara vs paiN Academy,map2_moneyline,paiN Academy,3,Sharp,2.42,1,lost,-1.0,-28.449,-1.05,specials_hourly,specials_hourly,selected,2026-09-03 06:11
map2_specials_v1,2026-09-03 22:00,,Keyd Stars vs Procyon,map2_moneyline,Procyon,3,Sharp,3.59,1,won,2.59,,3.9,specials_hourly,specials_hourly,quarantined,2026-09-03 06:11
map2_specials_v1,2026-09-04 08:00,,SINNERS vs QUAZAR,map2_moneyline,QUAZAR,3,Sharp,2.68,1,lost,-1.0,,4.74,specials_hourly,specials_hourly,quarantined,2026-09-04 05:07
map2_specials_v1,2026-09-04 11:30,Stake Ranked Closed Qualifier,HOTU vs Eternal Fire,map2_moneyline,HOTU,3,Sharp,1.806,1,won,0.806,-27.643,-2.11,specials_hourly,specials_hourly,selected,2026-09-04 04:06
map2_specials_v1,2026-09-04 12:00,Stake Ranked Closed Qualifier,HOTU vs Eternal Fire,map2_moneyline,HOTU,3,Sharp,1.877,1,won,0.877,-26.766,,,,selected,2026-09-04 11:09
map2_specials_v1,2026-09-04 13:00,CCT South America,Isurus vs Peladona,map2_moneyline,Isurus,3,Sharp,2.18,1,lost,-1.0,-27.766,-1.76,specials_hourly,specials_hourly,selected,2026-09-04 06:10
map2_specials_v1,2026-09-04 15:00,,Nuclear TigeRES vs B8,map2_moneyline,Nuclear TigeRES,3,Sharp,2.45,1,lost,-1.0,-28.766,5.38,specials_hourly,specials_hourly,selected,2026-09-03 20:06
map2_specials_v1,2026-09-04 15:00,IEM Beijing Global Closed Qualifier,Eternal Fire vs HEROIC,map2_moneyline,Eternal Fire,3,Sharp,2.58,1,won,1.58,-27.186,3.94,specials_hourly,specials_hourly,selected,2026-09-04 01:06
map2_specials_v1,2026-09-04 16:00,CCT South America,METANOIA Wolves vs ODDIK,map2_moneyline,METANOIA Wolves,3,Sharp,4.32,1,lost,-1.0,-28.186,0.15,specials_hourly,specials_hourly,selected,2026-09-03 15:08
map2_specials_v1,2026-09-04 17:00,,SPARTA vs HAVU,map2_moneyline,HAVU,3,Sharp,2.73,1,lost,-1.0,-29.186,-4.97,specials_hourly,specials_hourly,selected,2026-09-04 02:06
map2_specials_v1,2026-09-04 17:30,Stake Ranked Closed Qualifier,Nemesis vs ASTRAL,map2_moneyline,ASTRAL,3,Sharp,3.65,1,lost,-1.0,-30.186,-1.63,specials_hourly,specials_hourly,selected,2026-09-03 15:08
map2_specials_v1,2026-09-04 22:00,,Imperial vs ALKA,map2_moneyline,ALKA,3,Sharp,3.28,1,lost,-1.0,-31.186,-9.77,specials_hourly,specials_hourly,selected,2026-09-04 07:11
map2_specials_v1,2026-09-04 22:00,,Fluxo vs Back to Back,map2_moneyline,Back to Back,3,Sharp,3.22,1,lost,-1.0,-32.186,8.59,specials_hourly,specials_hourly,selected,2026-09-04 07:11
map2_specials_v1,2026-09-05 13:00,,Bounty Hunters vs Yawara,map2_moneyline,Yawara,3,Sharp,2.24,1,lost,-1.0,-33.186,-2.02,specials_hourly,specials_hourly,selected,2026-09-05 03:07
map2_specials_v1,2026-09-05 13:45,CCT Europe Challengers,Inner Circle Academy vs Privateer,map2_moneyline,Privateer,3,Sharp,3.67,1,won,2.67,-30.516,-0.42,specials_hourly,specials_hourly,selected,2026-09-05 07:08
map2_specials_v1,2026-09-05 14:00,Logitech G Connect Closed Qualifier,9INE vs Metizport,map2_moneyline,9INE,3,Sharp,1.99,1,lost,-1.0,-31.516,2.13,specials_hourly,specials_hourly,selected,2026-09-04 22:08
map2_specials_v1,2026-09-05 14:30,Stake Ranked Closed Qualifier,Ninjas in Pyjamas vs Nuclear TigeRES,map2_moneyline,Nuclear TigeRES,3,Sharp,2.2,1,lost,-1.0,-32.516,0.44,specials_hourly,specials_hourly,selected,2026-09-04 15:08
map2_specials_v1,2026-09-05 16:00,,Procyon vs ALKA,map2_moneyline,Procyon,3,Sharp,2.7,1,lost,-1.0,-33.516,5.63,specials_hourly,specials_hourly,selected,2026-09-05 03:07
map2_specials_v1,2026-09-05 17:30,,Falcons Force vs ZOTIX,map2_moneyline,ZOTIX,3,Sharp,2.75,1,lost,-1.0,,4.3,specials_hourly,specials_hourly,quarantined,2026-09-04 15:08
map2_specials_v1,2026-09-05 17:30,BLAST Open,MOUZ vs Vitality,map2_moneyline,MOUZ,3,Sharp,2.27,1,won,1.27,-32.246,2.26,specials_hourly,specials_hourly,selected,2026-09-05 00:07
map2_specials_v1,2026-09-05 17:30,Stake Ranked Closed Qualifier,Nemiga vs Nemesis,map2_moneyline,Nemesis,3,Sharp,1.719,1,lost,-1.0,-33.246,1.6,specials_hourly,specials_hourly,selected,2026-09-05 06:07
map2_specials_v1,2026-09-05 19:00,,Peladona vs Imperial,map2_moneyline,Peladona,3,Sharp,3.12,1,lost,-1.0,-34.246,2.56,specials_hourly,specials_hourly,selected,2026-09-05 05:09
map2_specials_v1,2026-09-05 22:00,,ODDIK vs Galorys,map2_moneyline,ODDIK,3,Sharp,2.09,1,lost,-1.0,-35.246,-0.39,specials_hourly,specials_hourly,selected,2026-09-05 05:09
map2_specials_v1,2026-09-05 22:30,CCT South America,ODDIK vs Galorys,map2_moneyline,ODDIK,3,Sharp,2.12,1,lost,-1.0,-36.246,,,,selected,2026-09-05 22:08
map2_specials_v1,2026-09-06 09:00,,Ninjas in Pyjamas vs fnatic,map2_moneyline,fnatic,3,Sharp,2.18,1,lost,-1.0,-37.246,0.2,specials_hourly,specials_hourly,selected,2026-09-05 19:07
map2_specials_v1,2026-09-06 11:00,CCT Europe Series,Black Phoenix vs HAVU,map2_moneyline,HAVU,3,Sharp,2.44,1,void,0.0,,-1.48,specials_hourly,specials_hourly,selected,2026-09-06 07:10
map2_specials_v1,2026-09-06 13:00,ESL Challenger League Europe,Privateer vs HAVU,map2_moneyline,Privateer,3,Sharp,2.78,1,lost,-1.0,-38.246,-5.23,specials_hourly,specials_hourly,selected,2026-09-06 06:10
map2_specials_v1,2026-09-06 13:00,ESL Challenger League Europe,PCIFIC vs KUUSAMO,map2_moneyline,KUUSAMO,3,Sharp,3.37,1,won,2.37,-35.876,0.0,specials_hourly,specials_hourly,selected,2026-09-06 08:07
map2_specials_v1,2026-09-06 13:00,ESL Challenger League Europe,Misa vs MOUZ NXT,map2_moneyline,Misa,3,Sharp,2.21,1,lost,-1.0,-36.876,0.01,specials_hourly,specials_hourly,selected,2026-09-06 10:07
map2_specials_v1,2026-09-06 13:00,,BERG vs mellren,map2_moneyline,mellren,3,Sharp,1.556,1,won,0.556,-36.32,,,,selected,2026-09-06 12:11
map2_specials_v1,2026-09-06 13:45,CCT Europe Challengers,Strael Bora vs megoshort,map2_moneyline,Strael Bora,3,Sharp,2.35,1,lost,-1.0,-37.32,-6.29,specials_hourly,specials_hourly,selected,2026-09-05 16:09
map2_specials_v1,2026-09-06 14:00,BLAST Open,Spirit vs MOUZ,map2_moneyline,Spirit,5,Sharp,1.645,1,lost,-1.0,-38.32,-1.42,specials_hourly,specials_hourly,selected,2026-09-06 03:06
map2_specials_v1,2026-09-06 15:00,CCT South America,Bounty Hunters vs Imperial,map2_moneyline,Bounty Hunters,3,Sharp,3.28,1,won,2.28,-36.04,1.02,specials_hourly,specials_hourly,selected,2026-09-06 04:07
map2_specials_v1,2026-09-06 17:00,,Privateer vs BERG,map2_moneyline,Privateer,3,Sharp,2.26,1,lost,-1.0,-37.04,,,,selected,2026-09-06 16:08
map2_specials_v1,2026-09-06 18:00,CCT South America,Galorys vs ALKA,map2_moneyline,ALKA,3,Sharp,2.7,1,lost,-1.0,-38.04,-4.56,specials_hourly,specials_hourly,selected,2026-09-06 04:07
map2_specials_v1,2026-09-06 18:15,CCT South America,Galorys vs ALKA,map2_moneyline,ALKA,3,Sharp,2.9,1,lost,-1.0,,,,,quarantined,2026-09-06 18:07
map2_specials_v1,2026-09-07 09:00,Private Club Closed Qualifier,Nemesis vs FORZE Reload,map2_moneyline,FORZE Reload,3,Sharp,2.59,1,lost,-1.0,-39.04,4.2,specials_hourly,specials_hourly,selected,2026-09-06 21:06
map2_specials_v1,2026-09-07 11:00,CCT Europe Challengers,Strael Bora vs Fire Flux,map2_moneyline,Strael Bora,3,Sharp,3.33,1,lost,-1.0,-40.04,-3.0,specials_hourly,specials_hourly,selected,2026-09-07 00:08
map2_specials_v1,2026-09-07 13:00,ESL Challenger League Europe,MOUZ NXT vs KUUSAMO,map2_moneyline,KUUSAMO,3,Sharp,2.79,1,lost,-1.0,,1.2,specials_hourly,specials_hourly,quarantined,2026-09-07 06:10
map2_specials_v1,2026-09-07 17:30,Private Club Closed Qualifier,Nuclear TigeRES vs CYBERSHOKE,map2_moneyline,CYBERSHOKE,3,Sharp,2.39,1,won,1.39,-38.65,5.28,specials_hourly,specials_hourly,selected,2026-09-06 21:06
map2_specials_v1,2026-09-08 03:00,Fissure Playground,9z vs 5star,map2_moneyline,5star,3,Sharp,5.57,1,lost,-1.0,-39.65,-1.02,specials_hourly,specials_hourly,selected,2026-09-06 19:08
map2_specials_v1,2026-09-08 06:00,Fissure Playground,MIBR vs The MongolZ,map2_moneyline,The MongolZ,3,Sharp,1.794,1,lost,-1.0,-40.65,0.44,specials_hourly,specials_hourly,selected,2026-09-07 19:07
map2_specials_v1,2026-09-08 11:00,NODWIN Clutch Series Closed Qualifier,Fortress vs ENCE,map2_moneyline,Fortress,3,Sharp,4.21,1,lost,-1.0,,-3.06,specials_hourly,specials_hourly,quarantined,2026-09-08 06:08
map2_specials_v1,2026-09-08 12:00,Fissure Playground,G2 vs Astralis,map2_moneyline,Astralis,3,Sharp,2.61,1,lost,-1.0,-41.65,0.3,specials_hourly,specials_hourly,selected,2026-09-06 20:08
map2_specials_v1,2026-09-08 12:00,Fissure Playground,GamerLegion vs FURIA,map2_moneyline,GamerLegion,3,Sharp,4.07,1,lost,-1.0,-42.65,-0.08,specials_hourly,specials_hourly,selected,2026-09-07 18:06
map2_specials_v1,2026-09-08 13:00,,MOUZ NXT vs Dark Moon,map2_moneyline,Dark Moon,3,Sharp,2.37,1,lost,-1.0,-43.65,-0.15,specials_hourly,specials_hourly,selected,2026-09-07 22:07
map2_specials_v1,2026-09-08 13:00,Fissure Playground,GamerLegion vs FURIA,map2_moneyline,GamerLegion,3,Sharp,3.97,1,lost,-1.0,-44.65,2.27,specials_hourly,specials_hourly,selected,2026-09-08 11:08
map2_specials_v1,2026-09-08 13:00,Fissure Playground,G2 vs Astralis,map2_moneyline,Astralis,3,Sharp,2.66,1,lost,-1.0,-45.65,,,,selected,2026-09-08 12:10
map2_specials_v1,2026-09-08 13:30,Fissure Playground,G2 vs Astralis,map2_moneyline,Astralis,3,Sharp,2.7,1,lost,-1.0,-46.65,,,,selected,2026-09-08 13:08
map2_specials_v1,2026-09-08 13:45,,Bushido Wildcats vs NAVI Junior,map2_moneyline,NAVI Junior,3,Sharp,2.77,1,lost,-1.0,-47.65,1.46,specials_hourly,specials_hourly,selected,2026-09-07 15:08
map2_specials_v1,2026-09-08 17:30,Private Club Closed Qualifier,WW vs NOVAQ,map2_moneyline,NOVAQ,3,Sharp,2.58,1,lost,-1.0,-48.65,-3.08,specials_hourly,specials_hourly,selected,2026-09-07 15:08
map2_specials_v1,2026-09-09 03:00,Fissure Playground,5star vs The MongolZ,map2_moneyline,5star,3,Sharp,5.6,1,won,4.6,-44.05,-2.0,specials_hourly,specials_hourly,selected,2026-09-08 19:07
map2_specials_v1,2026-09-09 08:10,Fissure Playground,G2 vs BIG,map2_moneyline,BIG,3,Sharp,2.99,1,lost,-1.0,-45.05,,,,selected,2026-09-09 08:09
map2_specials_v1,2026-09-09 09:00,Private Club Closed Qualifier,SINNERS vs Nemesis,map2_moneyline,SINNERS,3,Sharp,2.26,1,won,1.26,-43.79,-0.58,specials_hourly,specials_hourly,selected,2026-09-08 19:07
map2_specials_v1,2026-09-09 09:00,,G2 vs BIG,map2_moneyline,BIG,3,Sharp,3.01,1,lost,-1.0,-44.79,0.21,specials_hourly,specials_hourly,selected,2026-09-08 19:07
map2_specials_v1,2026-09-09 11:00,TP World Championship Closed Qualifier,HEROIC vs BESTIA,map2_moneyline,BESTIA,3,Sharp,3.16,1,lost,-1.0,-45.79,-3.3,specials_hourly,specials_hourly,selected,2026-09-08 20:07
map2_specials_v1,2026-09-09 11:30,TP World Championship Closed Qualifier,HEROIC vs BESTIA,map2_moneyline,BESTIA,3,Sharp,3.89,1,lost,-1.0,-46.79,,,,selected,2026-09-09 11:08
map2_specials_v1,2026-09-09 12:00,,Astralis vs BetBoom,map2_moneyline,Astralis,3,Sharp,2.1,1,lost,-1.0,-47.79,2.26,specials_hourly,specials_hourly,selected,2026-09-08 19:07
map2_specials_v1,2026-09-09 12:00,,HOTU vs Nemiga,map2_moneyline,HOTU,3,Sharp,2.1,1,lost,-1.0,-48.79,3.94,specials_hourly,specials_hourly,selected,2026-09-09 06:13
map2_specials_v1,2026-09-09 13:45,,Phantom Academy vs ex-Zero Tenacity,map2_moneyline,Phantom Academy,3,Sharp,3.15,1,lost,-1.0,-49.79,2.67,specials_hourly,specials_hourly,selected,2026-09-09 04:12
map2_specials_v1,2026-09-09 13:45,CCT Europe Challengers,NAVI Junior vs Fire Flux,map2_moneyline,NAVI Junior,3,Sharp,2.15,1,lost,-1.0,-50.79,0.55,specials_hourly,specials_hourly,selected,2026-09-09 11:08
map2_specials_v1,2026-09-09 14:00,PGL Masters Bucharest Europe Closed Qualifier,Ninjas in Pyjamas vs SINNERS,map2_moneyline,SINNERS,3,Sharp,2.29,1,lost,-1.0,-51.79,-1.64,specials_hourly,specials_hourly,selected,2026-09-08 06:09
map2_specials_v1,2026-09-09 14:00,TP World Championship Closed Qualifier,100 Thieves vs BBL,map2_moneyline,BBL,3,Sharp,2.84,1,lost,-1.0,-52.79,-0.51,specials_hourly,specials_hourly,selected,2026-09-09 05:08
map2_specials_v1,2026-09-09 14:00,PGL Masters Bucharest South America Closed Qualifier,ShindeN vs Fluxo,map2_moneyline,Fluxo,3,Sharp,1.971,1,won,0.971,-51.819,2.14,specials_hourly,specials_hourly,selected,2026-09-09 08:09
map2_specials_v1,2026-09-09 17:00,,Turma do Pagode vs DENDELE,map2_moneyline,Turma do Pagode,3,Sharp,3.21,1,lost,-1.0,,-1.71,specials_hourly,specials_hourly,quarantined,2026-09-08 06:09
map2_specials_v1,2026-09-09 17:30,ESEA Advanced Europe,WBT Academy vs eSuba,map2_moneyline,eSuba,3,Sharp,3.0,1,lost,-1.0,-52.819,-4.6,specials_hourly,specials_hourly,selected,2026-09-09 04:12
map2_specials_v1,2026-09-09 17:30,ESEA Advanced Europe,Falcons Force vs BERG,map2_moneyline,BERG,3,Sharp,2.39,1,lost,-1.0,-53.819,-2.24,specials_hourly,specials_hourly,selected,2026-09-09 11:08
map2_specials_v1,2026-09-09 20:00,PGL Masters Bucharest South America Closed Qualifier,Imperial vs Galorys,map2_moneyline,Galorys,3,Sharp,2.47,1,lost,-1.0,-54.819,0.92,specials_hourly,specials_hourly,selected,2026-09-08 06:09
map2_specials_v1,2026-09-09 23:00,PGL Masters Bucharest North America Closed Qualifier,NRG vs Without a Roof,map2_moneyline,Without a Roof,3,Sharp,4.69,1,lost,-1.0,,3.92,specials_hourly,specials_hourly,quarantined,2026-09-08 06:09
map2_specials_v1,2026-09-09 23:00,PGL Masters Bucharest South America Closed Qualifier,paiN vs Back to Back,map2_moneyline,Back to Back,3,Sharp,3.75,1,won,2.75,,2.12,specials_hourly,specials_hourly,quarantined,2026-09-08 06:09
map2_specials_v1,2026-09-10 03:00,Fissure Playground,9z vs G2,map2_moneyline,9z,3,Sharp,2.71,1,lost,-1.0,-55.819,-3.18,specials_hourly,specials_hourly,selected,2026-09-09 15:10
map2_specials_v1,2026-09-10 06:00,,Astralis vs 5star,map2_moneyline,5star,3,Sharp,5.25,1,lost,-1.0,-56.819,-3.14,specials_hourly,specials_hourly,selected,2026-09-09 15:10
map2_specials_v1,2026-09-10 07:00,Fissure Playground,Astralis vs 5star,map2_moneyline,5star,3,Sharp,7.22,1,lost,-1.0,,,,,quarantined,2026-09-10 06:11
map2_specials_v1,2026-09-10 07:20,Fissure Playground,Astralis vs 5star,map2_moneyline,5star,3,Sharp,6.6,1,lost,-1.0,-57.819,,,,selected,2026-09-10 07:11
map2_specials_v1,2026-09-10 08:00,TP World Championship Closed Qualifier,BESTIA vs Virtus.pro,map2_moneyline,BESTIA,3,Sharp,2.53,1,lost,-1.0,-58.819,1.56,specials_hourly,specials_hourly,selected,2026-09-09 22:11
map2_specials_v1,2026-09-10 09:00,Fissure Playground,MIBR vs BetBoom,map2_moneyline,MIBR,3,Sharp,2.27,1,lost,-1.0,-59.819,1.06,specials_hourly,specials_hourly,selected,2026-09-09 22:11
map2_specials_v1,2026-09-10 10:00,Private Club Closed Qualifier,SINNERS vs Nuclear TigeRES,map2_moneyline,SINNERS,3,Sharp,1.98,1,won,0.98,-58.839,0.23,specials_hourly,specials_hourly,selected,2026-09-10 01:10
map2_specials_v1,2026-09-10 11:00,,Bebop vs WBT Academy,map2_moneyline,WBT Academy,3,Sharp,1.694,1,lost,-1.0,-59.839,-2.98,specials_hourly,specials_hourly,selected,2026-09-09 05:08
map2_specials_v1,2026-09-10 11:00,TP World Championship Closed Qualifier,HOTU vs Nemesis,map2_moneyline,HOTU,3,Sharp,2.01,1,won,1.01,-58.829,1.48,specials_hourly,specials_hourly,selected,2026-09-10 01:10
map2_specials_v1,2026-09-10 11:00,Private Club Closed Qualifier,SINNERS vs Nuclear TigeRES,map2_moneyline,SINNERS,3,Sharp,1.943,1,won,0.943,-57.886,-0.77,specials_hourly,specials_hourly,selected,2026-09-10 07:11
map2_specials_v1,2026-09-10 12:00,,G2 vs 5star,map2_moneyline,5star,3,Sharp,6.33,1,lost,-1.0,-58.886,,,,selected,2026-09-10 11:11
map2_specials_v1,2026-09-10 13:00,,G2 vs 5star,map2_moneyline,5star,3,Sharp,5.8,1,lost,-1.0,-59.886,,,,selected,2026-09-10 12:13
map2_specials_v1,2026-09-10 13:30,Fissure Playground,G2 vs 5star,map2_moneyline,5star,3,Sharp,6.02,1,lost,-1.0,-60.886,,,,selected,2026-09-10 13:09
map2_specials_v1,2026-09-10 14:00,PGL Masters Bucharest Europe Closed Qualifier,1win vs B8,map2_moneyline,B8,3,Sharp,1.775,1,lost,-1.0,-61.886,-2.2,specials_hourly,specials_hourly,selected,2026-09-09 22:11
map2_specials_v1,2026-09-10 14:00,PGL Masters Bucharest South America Closed Qualifier,ShindeN vs Turma do Pagode,map2_moneyline,Turma do Pagode,3,Sharp,2.14,1,won,1.14,-60.746,-6.18,specials_hourly,specials_hourly,selected,2026-09-10 06:11
map2_specials_v1,2026-09-10 17:00,PGL Masters Bucharest South America Closed Qualifier,Back to Back vs Galorys,map2_moneyline,Back to Back,3,Sharp,3.67,1,lost,-1.0,-61.746,14.81,specials_hourly,specials_hourly,selected,2026-09-10 06:11
map2_specials_v1,2026-09-10 20:00,,Fluxo vs DENDELE,map2_moneyline,Fluxo,3,Sharp,2.62,1,lost,-1.0,-62.746,1.58,specials_hourly,specials_hourly,selected,2026-09-10 06:11
map2_specials_v1,2026-09-11 02:00,,Voca vs NRG,map2_moneyline,Voca,3,Sharp,3.0,1,lost,-1.0,,3.75,specials_hourly,specials_hourly,quarantined,2026-09-10 13:10
map2_specials_v1,2026-09-11 06:00,Fissure Playground,MIBR vs Alliance,map2_moneyline,Alliance,3,Sharp,2.21,1,lost,-1.0,-63.746,-1.32,specials_hourly,specials_hourly,selected,2026-09-11 01:08
map2_specials_v1,2026-09-11 09:00,Fissure Playground,FURIA vs G2,map2_moneyline,G2,3,Sharp,2.42,1,won,1.42,-62.326,2.12,specials_hourly,specials_hourly,selected,2026-09-10 22:11
map2_specials_v1,2026-09-11 11:00,,SINNERS vs Nuclear TigeRES,map2_moneyline,SINNERS,3,Sharp,1.971,1,lost,-1.0,-63.326,-0.32,specials_hourly,specials_hourly,selected,2026-09-10 22:11
map2_specials_v1,2026-09-11 11:00,CCT Europe Series,Metizport vs Lavked,map2_moneyline,Lavked,3,Sharp,2.6,1,lost,-1.0,-64.326,1.14,specials_hourly,specials_hourly,selected,2026-09-11 06:11
map2_specials_v1,2026-09-11 11:00,CCT Europe Challengers,megoshort vs Inner Circle Academy,map2_moneyline,megoshort,3,Sharp,2.83,1,won,1.83,-62.496,-2.4,specials_hourly,specials_hourly,selected,2026-09-11 06:11
map2_specials_v1,2026-09-11 14:00,TP World Championship Closed Qualifier,3DMAX vs 100 Thieves,map2_moneyline,3DMAX,3,Sharp,2.02,1,lost,-1.0,-63.496,0.13,specials_hourly,specials_hourly,selected,2026-09-10 22:11
map2_specials_v1,2026-09-11 14:00,,1win vs Nemiga,map2_moneyline,Nemiga,3,Sharp,2.25,1,won,1.25,-62.246,5.37,specials_hourly,specials_hourly,selected,2026-09-10 22:11
map2_specials_v1,2026-09-11 14:00,PGL Masters Bucharest South America Closed Qualifier,Fluxo vs Back to Back,map2_moneyline,Back to Back,3,Sharp,2.7,1,lost,-1.0,-63.246,4.59,specials_hourly,specials_hourly,selected,2026-09-11 04:09
map2_specials_v1,2026-09-11 17:00,NODWIN Clutch Series,SINQU vs Misa,map2_moneyline,SINQU,3,Sharp,4.04,1,won,3.04,,1.96,specials_hourly,specials_hourly,quarantined,2026-09-11 01:08
map2_specials_v1,2026-09-11 17:00,PGL Masters Bucharest Europe Closed Qualifier,Nuclear TigeRES vs B8,map2_moneyline,B8,3,Sharp,1.629,1,won,0.629,-62.617,,,,selected,2026-09-11 16:11
map2_specials_v1,2026-09-11 20:00,,Imperial vs DENDELE,map2_moneyline,Imperial,3,Sharp,2.05,1,lost,-1.0,-63.617,0.22,specials_hourly,specials_hourly,selected,2026-09-11 09:11
map2_specials_v1,2026-09-11 23:00,,Voca vs antivalue,map2_moneyline,antivalue,3,Sharp,3.56,1,lost,-1.0,-64.617,-4.07,specials_hourly,specials_hourly,selected,2026-09-11 07:11
map2_specials_v1,2026-09-12 02:00,PGL Masters Bucharest North America Closed Qualifier,Liquid vs NRG,map2_moneyline,NRG,3,Sharp,2.27,1,won,1.27,-63.347,-3.26,specials_hourly,specials_hourly,selected,2026-09-11 11:09
map2_specials_v1,2026-09-12 08:00,NODWIN Clutch Series Closed Qualifier,ReThink vs Misa,map2_moneyline,ReThink,3,Sharp,2.72,1,lost,-1.0,,,,,quarantined,2026-09-12 07:10
map2_specials_v1,2026-09-12 10:00,PGL Masters Bucharest Europe Closed Qualifier,1win vs B8,map2_moneyline,B8,3,Sharp,1.714,1,won,0.714,-62.633,-0.61,specials_hourly,specials_hourly,selected,2026-09-12 00:10
map2_specials_v1,2026-09-12 10:30,,Saint Sinners vs mellren,map2_moneyline,mellren,3,Sharp,2.09,1,lost,-1.0,-63.633,0.93,specials_hourly,specials_hourly,selected,2026-09-12 07:10
map2_specials_v1,2026-09-12 11:00,,Bushido Wildcats vs Misa,map2_moneyline,Misa,3,Sharp,2.75,1,won,1.75,-61.883,-3.23,specials_hourly,specials_hourly,selected,2026-09-11 16:11
map2_specials_v1,2026-09-12 11:00,CCT Europe Series,Color vs SPARTA,map2_moneyline,SPARTA,3,Sharp,2.0,1,won,1.0,-60.883,-5.69,specials_hourly,specials_hourly,selected,2026-09-11 16:11
map2_specials_v1,2026-09-12 13:30,Roman Imperium Cup,Luminosity vs SAW,map2_moneyline,SAW,3,Sharp,2.87,1,lost,-1.0,-61.883,3.61,specials_hourly,specials_hourly,selected,2026-09-12 09:11
map2_specials_v1,2026-09-12 14:00,,HOTU vs 100 Thieves,map2_moneyline,HOTU,3,Sharp,2.08,1,won,1.08,-60.803,0.87,specials_hourly,specials_hourly,selected,2026-09-11 21:11
map2_specials_v1,2026-09-12 16:00,PGL Masters Bucharest South America Closed Qualifier,Imperial vs Fluxo,map2_moneyline,Fluxo,3,Sharp,2.36,1,won,1.36,-59.443,1.57,specials_hourly,specials_hourly,selected,2026-09-12 08:10
map2_specials_v1,2026-09-12 17:00,CCT Europe Series,Nemiga vs Just Players,map2_moneyline,Nemiga,3,Sharp,1.515,1,won,0.515,-58.928,6.39,specials_hourly,specials_hourly,selected,2026-09-12 00:10
map2_specials_v1,2026-09-12 17:00,CCT Europe Series Closed Qualifier,NAVI Junior vs Bushido Wildcats,map2_moneyline,NAVI Junior,3,Sharp,2.57,1,lost,-1.0,-59.928,0.0,specials_hourly,specials_hourly,selected,2026-09-12 07:10
map2_specials_v1,2026-09-12 19:00,,Liquid vs Voca,map2_moneyline,Voca,3,Sharp,2.74,1,lost,-1.0,-60.928,-4.51,specials_hourly,specials_hourly,selected,2026-09-12 07:10
map2_specials_v1,2026-09-13 08:00,,Enjoy vs mellren,map2_moneyline,mellren,3,Sharp,2.09,1,won,1.09,-59.838,12.09,specials_hourly,specials_hourly,selected,2026-09-12 17:09
map2_specials_v1,2026-09-13 10:30,,Bebop vs Misa,map2_moneyline,Misa,3,Sharp,1.99,1,lost,-1.0,,-0.54,specials_hourly,specials_hourly,quarantined,2026-09-13 07:09
map2_specials_v1,2026-09-13 11:00,ESEA Advanced Europe,NAVI Junior vs Falcons Force,map2_moneyline,NAVI Junior,3,Sharp,2.3,1,lost,-1.0,-60.838,7.35,specials_hourly,specials_hourly,selected,2026-09-12 21:09
map2_specials_v1,2026-09-13 11:00,CCT Europe Challengers,Bushido Wildcats vs megoshort,map2_moneyline,megoshort,3,Sharp,2.69,1,lost,-1.0,-61.838,-5.42,specials_hourly,specials_hourly,selected,2026-09-13 00:10
map2_specials_v1,2026-09-13 17:00,NODWIN Clutch Series,ex-RUSTEC vs Misa,map2_moneyline,Misa,3,Sharp,2.4,1,lost,-1.0,-62.838,-9.58,specials_hourly,specials_hourly,selected,2026-09-13 00:10
map2_specials_v1,2026-09-14 08:00,European Pro League,ex-RUSTEC vs Azuolas,map2_moneyline,Azuolas,3,Sharp,2.51,1,lost,-1.0,-63.838,-1.28,specials_hourly,specials_hourly,selected,2026-09-13 21:07
map2_specials_v1,2026-09-14 08:00,Fiesta Series,ENCE vs Falcons Force,map2_moneyline,Falcons Force,3,Sharp,1.826,1,won,0.826,-63.012,-2.7,specials_hourly,specials_hourly,selected,2026-09-14 05:08
map2_specials_v1,2026-09-14 08:00,,Bushido Wildcats vs Enjoy,map2_moneyline,Enjoy,3,Sharp,2.44,1,lost,-1.0,-64.012,,,,selected,2026-09-14 07:08
map2_specials_v1,2026-09-14 10:00,CCT Europe Series 8,Metizport vs Nemiga,map2_moneyline,Metizport,3,Sharp,2.93,1,lost,-1.0,-65.012,3.3,specials_hourly,specials_hourly,selected,2026-09-14 02:07
map2_specials_v1,2026-09-14 10:30,European Pro League,Bushido Wildcats vs NAVI Junior,map2_moneyline,NAVI Junior,3,Sharp,2.62,1,won,1.62,-63.392,1.71,specials_hourly,specials_hourly,selected,2026-09-13 18:08
map2_specials_v1,2026-09-14 14:00,,Falcons Force vs NAVI Junior,map2_moneyline,Falcons Force,3,Sharp,1.87,1,won,0.87,-62.522,3.54,specials_hourly,specials_hourly,selected,2026-09-14 05:08
map2_specials_v1,2026-09-14 17:00,Fiesta Series,KAMUI vs Fortress,map2_moneyline,KAMUI,3,Sharp,2.01,1,won,1.01,,8.54,specials_hourly,specials_hourly,quarantined,2026-09-14 05:08
map2_specials_v1,2026-09-14 17:30,ESEA Advanced Europe,OLDBOYS PL vs LPH,map2_moneyline,LPH,3,Sharp,2.29,1,lost,-1.0,-63.522,-3.32,specials_hourly,specials_hourly,selected,2026-09-14 05:08
map2_specials_v1,2026-09-15 11:00,NODWIN Clutch Series,Black Phoenix vs Just Players,map2_moneyline,Black Phoenix,3,Sharp,2.0,1,lost,-1.0,-64.522,-0.22,specials_hourly,specials_hourly,selected,2026-09-15 01:08
map2_specials_v1,2026-09-16 08:00,,Black Phoenix vs ENCE,map2_moneyline,Black Phoenix,3,Sharp,1.99,1,won,0.99,-63.532,0.69,specials_hourly,specials_hourly,selected,2026-09-15 06:09
map2_specials_v1,2026-09-16 08:00,,SPARTA vs BAKS,map2_moneyline,BAKS,3,Sharp,2.27,1,lost,-1.0,-64.532,1.48,specials_hourly,specials_hourly,selected,2026-09-16 02:08
map2_specials_v1,2026-09-16 11:00,,Just Players vs NAVI Junior,map2_moneyline,NAVI Junior,3,Sharp,2.42,1,won,1.42,-63.112,0.74,specials_hourly,specials_hourly,selected,2026-09-15 06:09
map2_specials_v1,2026-09-16 13:00,Circuit X Curitiba,ALKA vs Turma do Pagode,map2_moneyline,ALKA,3,Sharp,2.37,1,won,1.37,-61.742,-3.36,specials_hourly,specials_hourly,selected,2026-09-16 03:08
map2_specials_v1,2026-09-16 14:00,NODWIN Clutch Series,QUAZAR vs ex-RUSTEC,map2_moneyline,ex-RUSTEC,3,Sharp,2.09,1,lost,-1.0,-62.742,8.67,specials_hourly,specials_hourly,selected,2026-09-14 18:07
map2_specials_v1,2026-09-16 17:00,,UPGRADE vs PCIFIC,map2_moneyline,PCIFIC,3,Sharp,2.7,1,lost,-1.0,,-1.78,specials_hourly,specials_hourly,quarantined,2026-09-14 18:07
map2_specials_v1,2026-09-16 20:00,Circuit X Curitiba,Bounty Hunters vs Yawara,map2_moneyline,Yawara,3,Sharp,2.9,1,lost,-1.0,,6.53,specials_hourly,specials_hourly,quarantined,2026-09-16 03:08
map2_specials_v1,2026-09-16 20:30,Circuit X Curitiba,Bounty Hunters vs Yawara,map2_moneyline,Yawara,3,Sharp,2.45,1,lost,-1.0,-63.742,,,,selected,2026-09-16 20:09
map2_specials_v1,2026-09-17 08:00,NODWIN Clutch Series 12,BRUTE vs QUAZAR,map2_moneyline,QUAZAR,3,Sharp,1.826,1,lost,-1.0,-64.742,0.6,specials_hourly,specials_hourly,selected,2026-09-17 03:09
map2_specials_v1,2026-09-17 10:00,StarLadder StarSeries Fall,MOUZ vs NRG,map2_moneyline,NRG,3,Sharp,4.25,1,lost,-1.0,-65.742,0.35,specials_hourly,specials_hourly,selected,2026-09-14 10:07
map2_specials_v1,2026-09-17 12:30,StarLadder StarSeries Fall,Vitality vs Magic,map2_moneyline,Magic,3,Sharp,4.14,1,lost,-1.0,-66.742,-6.5,specials_hourly,specials_hourly,selected,2026-09-14 20:07
map2_specials_v1,2026-09-17 13:00,Circuit X Curitiba,ShindeN vs EHISTO BASE,map2_moneyline,EHISTO BASE,3,Sharp,2.94,1,lost,-1.0,-67.742,-0.49,specials_hourly,specials_hourly,selected,2026-09-17 02:09
map2_specials_v1,2026-09-17 14:00,NODWIN Clutch Series 12,Black Phoenix vs ex-RUSTEC,map2_moneyline,ex-RUSTEC,3,Sharp,1.806,1,won,0.806,-66.936,2.53,specials_hourly,specials_hourly,selected,2026-09-17 06:11
map2_specials_v1,2026-09-17 15:00,StarLadder StarSeries Fall,Natus Vincere vs Aurora,map2_moneyline,Aurora,3,Sharp,2.14,1,won,1.14,-65.796,0.27,specials_hourly,specials_hourly,selected,2026-09-14 15:08
map2_specials_v1,2026-09-17 17:00,CCT Europe Series 9,Nexus vs Spirit Academy,map2_moneyline,Spirit Academy,3,Sharp,2.13,1,won,1.13,-64.666,-0.2,specials_hourly,specials_hourly,selected,2026-09-17 07:11
map2_specials_v1,2026-09-17 17:30,StarLadder StarSeries Fall,FURIA vs MIBR,map2_moneyline,MIBR,3,Sharp,2.77,1,lost,-1.0,-65.666,,,,selected,2026-09-14 18:07
map2_specials_v1,2026-09-18 08:00,Circuito Retake,SAW Youngsters vs REVENIX,map2_moneyline,REVENIX,3,Sharp,3.25,1,lost,-1.0,,0.7,specials_hourly,specials_hourly,quarantined,2026-09-18 00:15
map2_specials_v1,2026-09-18 10:30,European Pro League,ex-RUSTEC vs NAVI Junior,map2_moneyline,NAVI Junior,3,Sharp,2.52,1,lost,-1.0,-66.666,-0.46,specials_hourly,specials_hourly,selected,2026-09-18 00:15
map2_specials_v1,2026-09-18 11:00,CCT Europe Series,Black Phoenix vs Lavked,map2_moneyline,Lavked,3,Sharp,2.08,1,lost,-1.0,-67.666,-11.75,specials_hourly,specials_hourly,selected,2026-09-18 01:11
map2_specials_v1,2026-09-18 12:30,,Magic vs MIBR,map2_moneyline,Magic,3,Sharp,2.81,1,won,1.81,,1.18,specials_hourly,specials_hourly,quarantined,2026-09-17 21:09
map2_specials_v1,2026-09-18 14:00,CCT Europe Series,QUAZAR vs NAVI Junior,map2_moneyline,NAVI Junior,3,Sharp,2.51,1,lost,-1.0,-68.666,-4.74,specials_hourly,specials_hourly,selected,2026-09-18 00:15
map2_specials_v1,2026-09-18 15:00,StarLadder StarSeries Fall,NRG vs Aurora,map2_moneyline,NRG,3,Sharp,3.36,1,lost,-1.0,-69.666,-0.76,specials_hourly,specials_hourly,selected,2026-09-17 21:09
map2_specials_v1,2026-09-18 17:00,NODWIN Clutch Series,Color vs SPARTA,map2_moneyline,SPARTA,3,Sharp,2.42,1,lost,-1.0,-70.666,-0.34,specials_hourly,specials_hourly,selected,2026-09-18 00:15
map2_specials_v1,2026-09-18 17:00,CCT Europe Series,BAKS vs ex-RUSTEC,map2_moneyline,ex-RUSTEC,3,Sharp,2.05,1,lost,-1.0,-71.666,2.71,specials_hourly,specials_hourly,selected,2026-09-18 00:15
map2_specials_v1,2026-09-18 17:30,,Vitality vs FURIA,map2_moneyline,FURIA,3,Sharp,2.81,1,lost,-1.0,-72.666,0.83,specials_hourly,specials_hourly,selected,2026-09-17 21:09
map2_specials_v1,2026-09-18 18:20,StarLadder StarSeries Fall,Vitality vs FURIA,map2_moneyline,FURIA,3,Sharp,2.75,1,lost,-1.0,-73.666,,,,selected,2026-09-18 18:09
map2_specials_v1,2026-09-18 21:00,,ShindeN vs Turma do Pagode,map2_moneyline,Turma do Pagode,3,Sharp,2.4,1,lost,-1.0,-74.666,-4.84,specials_hourly,specials_hourly,selected,2026-09-18 11:11
map2_specials_v1,2026-09-18 21:20,Circuito Retake,SAW Youngsters vs REVENIX,map2_moneyline,REVENIX,3,Sharp,3.47,1,lost,-1.0,,,,,quarantined,2026-09-18 21:12
map2_specials_v1,2026-09-19 00:00,,Imperial vs BESTIA,map2_moneyline,BESTIA,3,Sharp,2.74,1,lost,-1.0,-75.666,0.48,specials_hourly,specials_hourly,selected,2026-09-18 11:11
map2_specials_v1,2026-09-19 10:00,StarLadder StarSeries Fall,NRG vs MIBR,map2_moneyline,NRG,3,Sharp,2.47,1,lost,-1.0,-76.666,-0.51,specials_hourly,specials_hourly,selected,2026-09-18 21:12
map2_specials_v1,2026-09-19 11:00,Logitech G Connect,Luminosity vs BBL,map2_moneyline,BBL,3,Sharp,2.58,1,lost,-1.0,-77.666,-0.19,specials_hourly,specials_hourly,selected,2026-09-19 00:10
map2_specials_v1,2026-09-19 12:00,Circuito Retake,LP vs SAW Youngsters,map2_moneyline,SAW Youngsters,3,Sharp,3.16,1,lost,-1.0,-78.666,-0.51,specials_hourly,specials_hourly,selected,2026-09-19 07:10
map2_specials_v1,2026-09-19 12:30,Circuito Retake,LP vs SAW Youngsters,map2_moneyline,SAW Youngsters,3,Sharp,3.45,1,lost,-1.0,-79.666,,,,selected,2026-09-19 12:09
map2_specials_v1,2026-09-19 15:00,,Vitality vs Aurora,map2_moneyline,Aurora,3,Sharp,3.02,1,lost,-1.0,-80.666,1.02,specials_hourly,specials_hourly,selected,2026-09-18 21:12
map2_specials_v1,2026-09-19 15:00,Circuito Retake,Eternal Fire vs Nice Try,map2_moneyline,Nice Try,3,Sharp,4.11,1,lost,-1.0,,2.08,specials_hourly,specials_hourly,quarantined,2026-09-19 07:10
map2_specials_v1,2026-09-19 15:30,Circuito Retake,Eternal Fire vs Nice Try,map2_moneyline,Nice Try,3,Sharp,3.8,1,lost,-1.0,,,,,quarantined,2026-09-19 15:09
map2_specials_v1,2026-09-19 16:15,Circuito Retake,Eternal Fire vs Nice Try,map2_moneyline,Nice Try,3,Sharp,4.11,1,lost,-1.0,,,,,quarantined,2026-09-19 16:09
map2_specials_v1,2026-09-19 17:15,CCT Europe Series 9,Just Players vs Spirit Academy,map2_moneyline,Just Players,3,Sharp,1.8,1,won,0.8,-79.866,,,,selected,2026-09-19 17:09
map2_specials_v1,2026-09-19 17:30,,MIBR vs FURIA,map2_moneyline,MIBR,3,Sharp,2.78,1,lost,-1.0,-80.866,,,,selected,2026-09-19 17:09
map2_specials_v1,2026-09-19 18:00,Circuito Retake,GenOne vs BERG,map2_moneyline,BERG,3,Sharp,3.84,1,lost,-1.0,-81.866,-4.76,specials_hourly,specials_hourly,selected,2026-09-19 07:10
map2_specials_v1,2026-09-19 18:30,StarLadder StarSeries Fall,MIBR vs FURIA,map2_moneyline,MIBR,3,Sharp,2.77,1,lost,-1.0,-82.866,,,,selected,2026-09-19 18:08
map2_specials_v1,2026-09-19 20:00,Circuito Retake,GenOne vs BERG,map2_moneyline,BERG,3,Sharp,4.75,1,lost,-1.0,,,,,quarantined,2026-09-19 19:08
map2_specials_v1,2026-09-20 09:00,Circuito Retake,WBT vs SAW Youngsters,map2_moneyline,SAW Youngsters,3,Sharp,2.66,1,won,1.66,-81.206,0.01,specials_hourly,specials_hourly,selected,2026-09-20 07:10
map2_specials_v1,2026-09-20 11:00,,Color vs UPGRADE,map2_moneyline,UPGRADE,3,Sharp,2.41,1,lost,-1.0,-82.206,-0.47,specials_hourly,specials_hourly,selected,2026-09-19 03:09
map2_specials_v1,2026-09-20 12:00,StarLadder StarSeries Fall,Vitality vs FURIA,map2_moneyline,FURIA,3,Sharp,3.08,1,lost,-1.0,,2.84,specials_hourly,specials_hourly,quarantined,2026-09-20 00:09
map2_specials_v1,2026-09-20 12:00,Circuito Retake,Eternal Fire vs GenOne,map2_moneyline,GenOne,3,Sharp,2.67,1,lost,-1.0,,0.48,specials_hourly,specials_hourly,quarantined,2026-09-20 07:10
map2_specials_v1,2026-09-20 15:00,,Aurora vs Vitality,map2_moneyline,Aurora,5,Sharp,2.38,1,won,1.38,-80.826,,,,selected,2026-09-20 14:09
map2_specials_v1,2026-09-20 17:00,NODWIN Clutch Series,INOX Division vs SPARTA,map2_moneyline,SPARTA,3,Sharp,2.02,1,won,1.02,-79.806,-7.88,specials_hourly,specials_hourly,selected,2026-09-20 07:10
map2_specials_v1,2026-09-20 21:00,Circuit X Curitiba,Bounty Hunters vs BESTIA,map2_moneyline,Bounty Hunters,3,Sharp,2.2,1,lost,-1.0,-80.806,0.44,specials_hourly,specials_hourly,selected,2026-09-20 06:09
map2_specials_v1,2026-09-21 14:00,Fiesta Series,INOX Division vs ex-Zero Tenacity,map2_moneyline,ex-Zero Tenacity,3,Sharp,1.98,1,won,0.98,-79.826,-4.58,specials_hourly,specials_hourly,selected,2026-09-21 06:10
map2_specials_v1,2026-09-21 17:00,Fiesta Series,WW vs Phantom Academy,map2_moneyline,Phantom Academy,3,Sharp,2.68,1,lost,-1.0,-80.826,1.04,specials_hourly,specials_hourly,selected,2026-09-20 19:08
map2_specials_v1,2026-09-21 17:00,CCT Europe Series 9,Lavked vs NAVI Junior,map2_moneyline,NAVI Junior,3,Sharp,1.917,1,won,0.917,-79.909,-3.39,specials_hourly,specials_hourly,selected,2026-09-21 04:07
map2_specials_v1,2026-09-22 08:00,,Saint Sinners vs KUUSAMO,map2_moneyline,KUUSAMO,3,Sharp,3.15,1,void,0.0,,3.0,specials_hourly,specials_hourly,selected,2026-09-21 06:10
map2_specials_v1,2026-09-22 13:00,,Fortress vs LPH,map2_moneyline,Fortress,3,Sharp,3.4,1,lost,-1.0,-80.909,-1.96,specials_hourly,specials_hourly,selected,2026-09-21 22:08
map2_specials_v1,2026-09-22 13:00,,mellren vs KUUSAMO,map2_moneyline,KUUSAMO,3,Sharp,3.31,1,won,2.31,-78.599,2.0,specials_hourly,specials_hourly,selected,2026-09-22 00:11
map2_specials_v1,2026-09-22 16:00,CCT South America,BORRACHEIROS vs DAMAJUANA,map2_moneyline,DAMAJUANA,3,Sharp,4.31,1,lost,-1.0,,-0.28,specials_hourly,specials_hourly,quarantined,2026-09-22 00:11
map2_specials_v1,2026-09-22 17:00,,UPGRADE vs Just Players,map2_moneyline,Just Players,3,Sharp,2.07,1,won,1.07,-77.529,1.22,specials_hourly,specials_hourly,selected,2026-09-22 00:11
map2_specials_v1,2026-09-22 21:00,ESL Challenger League South America,Grêmio vs Keyd Stars,map2_moneyline,Grêmio,3,Sharp,2.9,1,lost,-1.0,-78.529,-2.73,specials_hourly,specials_hourly,selected,2026-09-21 19:07
map2_specials_v1,2026-09-22 21:00,ESL Challenger League South America,Procyon vs ALKA,map2_moneyline,Procyon,3,Sharp,2.35,1,lost,-1.0,-79.529,2.76,specials_hourly,specials_hourly,selected,2026-09-21 19:07
map2_specials_v1,2026-09-22 21:00,ESL Challenger League South America,Isurus vs METANOIA Wolves,map2_moneyline,METANOIA Wolves,3,Sharp,3.5,1,lost,-1.0,-80.529,1.44,specials_hourly,specials_hourly,selected,2026-09-21 19:07
map2_specials_v1,2026-09-22 21:00,ESL Challenger League South America,DAMAJUANA vs Bounty Hunters,map2_moneyline,DAMAJUANA,3,Sharp,5.24,1,lost,-1.0,,-2.37,specials_hourly,specials_hourly,quarantined,2026-09-22 05:08
map2_specials_v1,2026-09-22 22:00,,BESTIA Academy vs Zetta,map2_moneyline,Zetta,3,Sharp,5.01,1,lost,-1.0,,-3.62,specials_hourly,specials_hourly,quarantined,2026-09-22 15:10
map2_specials_v1,2026-09-23 08:00,,QUAZAR vs Misa,map2_moneyline,Misa,3,Sharp,2.65,1,won,1.65,-78.879,0.01,specials_hourly,specials_hourly,selected,2026-09-23 06:10
map2_specials_v1,2026-09-23 10:00,Pulse Beat,100 Thieves vs EAC,map2_moneyline,EAC,3,Sharp,3.23,1,lost,-1.0,-79.879,0.85,specials_hourly,specials_hourly,selected,2026-09-20 10:09
map2_specials_v1,2026-09-23 13:00,FERJEE In House,paiN vs Turma do Pagode,map2_moneyline,Turma do Pagode,3,Sharp,2.87,1,lost,-1.0,-80.879,9.33,specials_hourly,specials_hourly,selected,2026-09-21 06:10
map2_specials_v1,2026-09-23 13:00,FERJEE In House,Bounty Hunters vs Keyd Stars,map2_moneyline,Keyd Stars,3,Sharp,2.47,1,lost,-1.0,-81.879,0.47,specials_hourly,specials_hourly,selected,2026-09-21 09:09
map2_specials_v1,2026-09-23 13:00,CCT South America,ALKA vs Grêmio,map2_moneyline,Grêmio,3,Sharp,2.43,1,lost,-1.0,-82.879,0.96,specials_hourly,specials_hourly,selected,2026-09-22 16:12
map2_specials_v1,2026-09-23 16:00,Logitech G Connect,Luminosity vs 3DMAX,map2_moneyline,3DMAX,5,Sharp,2.19,1,won,1.19,-81.689,-0.2,specials_hourly,specials_hourly,selected,2026-09-23 07:12
map2_specials_v1,2026-09-23 16:30,FERJEE In House,Galorys vs Yawara,map2_moneyline,Yawara,3,Sharp,2.97,1,lost,-1.0,-82.689,-0.03,specials_hourly,specials_hourly,selected,2026-09-23 01:09
map2_specials_v1,2026-09-23 21:00,ESL Challenger League South America,Isurus vs Grêmio,map2_moneyline,Grêmio,3,Sharp,2.68,1,lost,-1.0,-83.689,-0.43,specials_hourly,specials_hourly,selected,2026-09-23 08:11
map2_specials_v1,2026-09-23 21:00,ESL Challenger League South America,METANOIA Wolves vs Keyd Stars,map2_moneyline,METANOIA Wolves,3,Sharp,3.79,1,lost,-1.0,-84.689,0.0,specials_hourly,specials_hourly,selected,2026-09-23 08:11
map2_specials_v1,2026-09-23 21:00,ESL Challenger League South America,Turma do Pagode vs Bounty Hunters,map2_moneyline,Turma do Pagode,3,Sharp,2.14,1,won,1.14,-83.549,1.4,specials_hourly,specials_hourly,selected,2026-09-23 10:10
map2_specials_v1,2026-09-24 01:00,ESL Challenger League North America,Wanted Goons vs FlyQuest RED,map2_moneyline,FlyQuest RED,3,Sharp,3.84,1,lost,-1.0,,,,,quarantined,2026-09-24 00:10
map2_specials_v1,2026-09-24 08:00,,Nemiga vs Just Players,map2_moneyline,Just Players,3,Sharp,4.23,1,lost,-1.0,-84.549,2.0,specials_hourly,specials_hourly,selected,2026-09-24 01:09
map2_specials_v1,2026-09-24 09:00,Stake Ranked Qualifier,Rune Eaters vs Nemesis,map2_moneyline,Rune Eaters,3,Sharp,3.42,1,lost,-1.0,-85.549,-0.83,specials_hourly,specials_hourly,selected,2026-09-23 06:10
map2_specials_v1,2026-09-24 11:00,CCT Europe Series 10,Spirit Academy vs Phantom Academy,map2_moneyline,Phantom Academy,3,Sharp,2.43,1,lost,-1.0,-86.549,1.69,specials_hourly,specials_hourly,selected,2026-09-21 11:07
map2_specials_v1,2026-09-24 11:00,CCT Europe Series 9,Iberian Soul vs NAVI Junior,map2_moneyline,NAVI Junior,3,Sharp,2.88,1,lost,-1.0,,-0.66,specials_hourly,specials_hourly,quarantined,2026-09-24 07:11
map2_specials_v1,2026-09-24 12:00,Stake Ranked Qualifier,fnatic vs Just Players,map2_moneyline,Just Players,3,Sharp,3.89,1,lost,-1.0,-87.549,2.71,specials_hourly,specials_hourly,selected,2026-09-23 06:10
map2_specials_v1,2026-09-24 13:00,FERJEE In House,paiN vs Bounty Hunters,map2_moneyline,Bounty Hunters,3,Sharp,2.59,1,lost,-1.0,-88.549,3.54,specials_hourly,specials_hourly,selected,2026-09-23 22:09
map2_specials_v1,2026-09-24 13:00,FERJEE In House,Imperial vs Galorys,map2_moneyline,Galorys,3,Sharp,2.64,1,lost,-1.0,-89.549,-1.56,specials_hourly,specials_hourly,selected,2026-09-24 06:12
map2_specials_v1,2026-09-24 13:00,,WBT Academy vs Ryvex,map2_moneyline,Ryvex,3,Sharp,2.92,1,lost,-1.0,-90.549,0.86,specials_hourly,specials_hourly,selected,2026-09-24 06:12
map2_specials_v1,2026-09-24 14:00,CCT Europe Series 10,ex-Zero Tenacity vs BIG Academy,map2_moneyline,BIG Academy,3,Sharp,2.53,1,lost,-1.0,-91.549,1.7,specials_hourly,specials_hourly,selected,2026-09-21 14:08
map2_specials_v1,2026-09-24 16:30,FERJEE In House,Juventus vs Yawara,map2_moneyline,Juventus,3,Sharp,2.21,1,lost,-1.0,-92.549,-4.55,specials_hourly,specials_hourly,selected,2026-09-24 03:09
map2_specials_v1,2026-09-24 19:00,CCT South America,Grêmio vs your end,map2_moneyline,your end,3,Sharp,2.23,1,lost,-1.0,-93.549,-0.4,specials_hourly,specials_hourly,selected,2026-09-24 06:12
map3_specials_v1,2026-07-22 11:00,CCT Europe Series,SPARTA vs SAW Youngsters,map3_moneyline,SAW Youngsters,3,Sharp,2.57,1,lost,-1.0,,,,,quarantined,2026-07-22 00:04
map3_specials_v1,2026-07-22 11:00,,Enjoy vs Fortress,map3_moneyline,Fortress,3,Sharp,4.03,1,lost,-1.0,,,,,quarantined,2026-07-22 02:05
map3_specials_v1,2026-07-22 16:00,,Nuclear TigeRES vs Echo,map3_moneyline,Echo,3,Sharp,2.16,1,void,0.0,,,,,selected,2026-07-22 00:04
map3_specials_v1,2026-07-22 17:00,,QUAZAR vs SAW Youngsters,map3_moneyline,SAW Youngsters,3,Sharp,2.57,1,lost,-1.0,-1.0,,,,selected,2026-07-22 03:04
map3_specials_v1,2026-07-23 11:00,,NEW VISION vs benched gods,map3_moneyline,benched gods,3,Sharp,1.82,1,void,0.0,,,,,quarantined,2026-07-23 02:07
map3_specials_v1,2026-07-23 13:00,,Ninjas in Pyjamas vs Echo,map3_moneyline,Echo,3,Sharp,2.69,1,void,0.0,,,,,selected,2026-07-23 02:07
map3_specials_v1,2026-07-23 14:00,,megoshort vs Privateer,map3_moneyline,Privateer,3,Sharp,1.741,1,won,0.741,-0.259,,,,selected,2026-07-23 02:07
map3_specials_v1,2026-07-23 16:00,StarLadder StarSeries Fall Europe Qualifier,HEROIC vs FOKUS,map3_moneyline,FOKUS,3,Sharp,2.59,1,void,0.0,,,,,selected,2026-07-22 19:03
map3_specials_v1,2026-07-23 16:00,,Fluxo vs paiN Academy,map3_moneyline,paiN Academy,3,Sharp,3.84,1,void,0.0,,,,,selected,2026-07-23 02:07
map3_specials_v1,2026-07-23 17:00,CCT Europe Series Closed Qualifier,Misa vs Rounds,map3_moneyline,Rounds,3,Sharp,2.79,1,void,0.0,,,,,selected,2026-07-23 02:07
map3_specials_v1,2026-07-23 19:00,,Imperial vs BESTIA Academy,map3_moneyline,BESTIA Academy,3,Sharp,4.69,1,won,3.69,,,,,quarantined,2026-07-23 02:07
map3_specials_v1,2026-07-24 11:00,,megoshort vs Rounds,map3_moneyline,Rounds,3,Sharp,1.98,1,won,0.98,0.721,,,,selected,2026-07-24 05:05
map3_specials_v1,2026-07-24 16:00,,Bounty Hunters vs ODDIK,map3_moneyline,ODDIK,3,Sharp,2.19,1,won,1.19,1.911,,,,selected,2026-07-23 19:05
map3_specials_v1,2026-07-24 17:00,,Privateer vs Misa,map3_moneyline,Privateer,3,Sharp,2.23,1,void,0.0,,,,,selected,2026-07-24 07:05
map3_specials_v1,2026-07-24 19:00,CCT South America,Keyd Stars vs ALKA,map3_moneyline,ALKA,3,Sharp,2.04,1,void,0.0,,,,,selected,2026-07-24 00:04
map3_specials_v1,2026-07-24 22:00,,LP vs MAGICOS,map3_moneyline,MAGICOS,3,Sharp,4.69,1,void,0.0,,,,,selected,2026-07-23 02:07
map3_specials_v1,2026-07-25 11:00,CCT Europe Series 6,Enjoy vs SAW Youngsters,map3_moneyline,SAW Youngsters,3,Sharp,2.07,1,lost,-1.0,0.911,,,,selected,2026-07-25 02:04
map3_specials_v1,2026-07-25 13:00,,BORRACHEIROS vs ODDIK,map3_moneyline,BORRACHEIROS,3,Sharp,3.02,1,lost,-1.0,-0.089,,,,selected,2026-07-25 08:04
map3_specials_v1,2026-07-25 14:00,CCT Europe Series 6,Enjoy vs SAW Youngsters,map3_moneyline,SAW Youngsters,3,Sharp,2.07,1,lost,-1.0,-1.089,,,,selected,2026-07-25 02:04
map3_specials_v1,2026-07-25 14:00,CCT Europe Series 5,Black Phoenix vs Just Players,map3_moneyline,Black Phoenix,3,Sharp,2.08,1,void,0.0,,,,,selected,2026-07-25 04:06
map3_specials_v1,2026-07-25 16:00,,BESTIA Academy vs Isurus,map3_moneyline,BESTIA Academy,3,Sharp,2.22,1,void,0.0,,,,,selected,2026-07-25 05:05
map3_specials_v1,2026-07-25 16:00,,ODDIK vs BORRACHEIROS,map3_moneyline,BORRACHEIROS,3,Sharp,3.02,1,lost,-1.0,-2.089,,,,selected,2026-07-25 05:05
map3_specials_v1,2026-07-25 17:00,,ex-RUSTEC vs Rune Eaters,map3_moneyline,Rune Eaters,3,Sharp,1.806,1,lost,-1.0,-3.089,,,,selected,2026-07-25 02:04
map3_specials_v1,2026-07-25 19:00,CCT South America,Fluxo vs Keyd Stars,map3_moneyline,Keyd Stars,3,Sharp,2.78,1,void,0.0,,,,,selected,2026-07-25 05:05
map3_specials_v1,2026-07-25 22:00,CCT South America,BESTIA Academy vs Isurus,map3_moneyline,BESTIA Academy,3,Sharp,2.22,1,void,0.0,,,,,selected,2026-07-25 05:05
map3_specials_v1,2026-07-26 18:00,,Fluxo vs Isurus,map3_moneyline,Isurus,3,Sharp,2.76,1,won,1.76,-1.329,,,,selected,2026-07-26 04:04
map3_specials_v1,2026-07-27 14:00,TP World Championship Europe,Black Phoenix vs Misa,map3_moneyline,Misa,3,Sharp,2.45,1,won,1.45,,,,,quarantined,2026-07-26 20:03
map3_specials_v1,2026-07-27 14:00,CCT Europe Series,ex-RUSTEC vs Inner Circle Academy,map3_moneyline,Inner Circle Academy,3,Sharp,2.15,1,void,0.0,,,,,selected,2026-07-27 03:05
map3_specials_v1,2026-07-27 17:00,NODWIN Clutch Series,Just Players vs Inner Circle Academy,map3_moneyline,Inner Circle Academy,3,Sharp,2.36,1,void,0.0,,,,,selected,2026-07-27 13:05
map3_specials_v1,2026-07-28 08:00,CCT Europe Series 6,Black Phoenix vs Enjoy,map3_moneyline,Enjoy,3,Sharp,1.952,1,lost,-1.0,-2.329,,,,selected,2026-07-27 22:05
map3_specials_v1,2026-07-28 14:00,CCT Europe Series 6,GenOne vs NEW VISION,map3_moneyline,NEW VISION,3,Sharp,3.46,1,won,2.46,0.131,,,,selected,2026-07-27 22:05
map3_specials_v1,2026-07-28 15:00,StarLadder StarSeries Fall SA Closed Qualifier,MIBR vs Fluxo,map3_moneyline,Fluxo,3,Sharp,2.63,1,void,0.0,,,,,selected,2026-07-27 04:05
map3_specials_v1,2026-07-28 18:00,StarLadder StarSeries Fall SA Closed Qualifier,Bounty Hunters vs LP,map3_moneyline,LP,3,Sharp,1.885,1,won,0.885,1.016,,,,selected,2026-07-27 04:05
map3_specials_v1,2026-07-28 21:00,StarLadder StarSeries Fall SA Closed Qualifier,Imperial vs BESTIA,map3_moneyline,BESTIA,3,Sharp,2.17,1,void,0.0,,,,,selected,2026-07-27 04:05
map3_specials_v1,2026-07-29 01:00,,regain vs Voca,map3_moneyline,regain,3,Sharp,2.74,1,void,0.0,,,,,selected,2026-07-27 04:05
map3_specials_v1,2026-07-29 15:00,StarLadder StarSeries Fall SA Closed Qualifier,ShindeN vs Galorys,map3_moneyline,Galorys,3,Sharp,2.1,1,void,0.0,,,,,selected,2026-07-28 05:07
map3_specials_v1,2026-07-29 17:00,TP World Championship Europe,Bebop vs Misa,map3_moneyline,Misa,3,Sharp,2.37,1,void,0.0,,,,,selected,2026-07-29 02:04
map3_specials_v1,2026-07-29 18:00,StarLadder StarSeries Fall SA Closed Qualifier,MIBR vs LP,map3_moneyline,LP,3,Sharp,3.24,1,lost,-1.0,,,,,quarantined,2026-07-29 03:05
map3_specials_v1,2026-07-29 21:00,StarLadder StarSeries Fall SA Closed Qualifier,Bounty Hunters vs Fluxo,map3_moneyline,Bounty Hunters,3,Sharp,2.5,1,lost,-1.0,0.016,,,,selected,2026-07-29 03:05
map3_specials_v1,2026-07-29 22:00,StarLadder StarSeries Fall SA Closed Qualifier,Bounty Hunters vs Fluxo,map3_moneyline,Bounty Hunters,3,Sharp,2.33,1,lost,-1.0,-0.984,,,,selected,2026-07-29 21:06
map3_specials_v1,2026-07-30 08:00,NODWIN Clutch Series,SPARTA vs Just Players,map3_moneyline,SPARTA,3,Sharp,1.862,1,lost,-1.0,-1.984,,,,selected,2026-07-30 07:07
map3_specials_v1,2026-07-30 14:00,CCT Europe Series 6,SPARTA vs NEW VISION,map3_moneyline,NEW VISION,3,Sharp,2.67,1,void,0.0,,,,,selected,2026-07-30 04:06
map3_specials_v1,2026-07-30 17:00,CCT Europe Series 6,Just Players vs Inner Circle Academy,map3_moneyline,Inner Circle Academy,3,Sharp,2.21,1,void,0.0,,,,,selected,2026-07-30 06:10
map3_specials_v1,2026-07-30 18:00,StarLadder StarSeries Fall SA Closed Qualifier,ShindeN vs Imperial,map3_moneyline,ShindeN,3,Sharp,2.37,1,won,1.37,-0.614,,,,selected,2026-07-30 05:06
map3_specials_v1,2026-07-30 20:30,StarLadder StarSeries Fall SA Closed Qualifier,Galorys vs BESTIA,map3_moneyline,Galorys,3,Sharp,2.25,1,lost,-1.0,-1.614,,,,selected,2026-07-30 09:07
map3_specials_v1,2026-07-30 21:00,StarLadder StarSeries Fall SA Closed Qualifier,Galorys vs BESTIA,map3_moneyline,Galorys,3,Sharp,2.3,1,lost,-1.0,-2.614,,,,selected,2026-07-30 08:06
map3_specials_v1,2026-07-30 21:30,StarLadder StarSeries Fall SA Closed Qualifier,Galorys vs BESTIA,map3_moneyline,Galorys,3,Sharp,2.25,1,lost,-1.0,-3.614,,,,selected,2026-07-30 21:05
map3_specials_v1,2026-07-31 11:00,CCT Europe Series 5,SINNERS vs Rune Eaters,map3_moneyline,Rune Eaters,3,Sharp,2.5,1,void,0.0,,,,,quarantined,2026-07-31 01:05
map3_specials_v1,2026-07-31 14:00,TP World Championship Europe,Lavked vs megoshort,map3_moneyline,megoshort,3,Sharp,2.5,1,void,0.0,,,,,selected,2026-07-31 01:05
map3_specials_v1,2026-07-31 15:30,CCT Europe Series Contenders,Banda Chuya vs mellren,map3_moneyline,mellren,3,Sharp,1.826,1,void,0.0,,,,,selected,2026-07-31 14:06
map3_specials_v1,2026-07-31 17:00,CCT Europe Series 6,GenOne vs Enjoy,map3_moneyline,Enjoy,3,Sharp,2.86,1,void,0.0,,,,,selected,2026-07-31 07:07
map3_specials_v1,2026-07-31 18:30,,Banda Chuya vs mellren,map3_moneyline,mellren,3,Sharp,1.826,1,void,0.0,,,,,selected,2026-07-31 14:06
map3_specials_v1,2026-07-31 20:30,StarLadder StarSeries Fall SA Closed Qualifier,LP vs BESTIA,map3_moneyline,LP,3,Sharp,2.05,1,void,0.0,,,,,selected,2026-07-31 06:07
map3_specials_v1,2026-08-01 00:30,StarLadder StarSeries Fall NA Closed Qualifier,Marsborne vs regain,map3_moneyline,regain,3,Sharp,2.76,1,void,0.0,,,,,selected,2026-07-31 09:07
map3_specials_v1,2026-08-01 01:00,StarLadder StarSeries Fall NA Closed Qualifier,Marsborne vs regain,map3_moneyline,regain,3,Sharp,2.76,1,void,0.0,,,,,selected,2026-07-31 06:07
map3_specials_v1,2026-08-01 11:00,,megoshort vs CYBERSHOKE,map3_moneyline,megoshort,3,Sharp,3.57,1,lost,-1.0,-4.614,,,,selected,2026-08-01 03:04
map3_specials_v1,2026-08-01 14:00,CCT Europe Series 6,SPARTA vs Rune Eaters,map3_moneyline,Rune Eaters,3,Sharp,2.04,1,won,1.04,-3.574,,,,selected,2026-07-31 19:05
map3_specials_v1,2026-08-01 17:00,TP World Championship Europe,megoshort vs CYBERSHOKE,map3_moneyline,megoshort,3,Sharp,3.57,1,lost,-1.0,-4.574,,,,selected,2026-08-01 03:05
map3_specials_v1,2026-08-01 17:00,CCT Europe Series 6,Black Phoenix vs Just Players,map3_moneyline,Black Phoenix,3,Sharp,2.24,1,void,0.0,,,,,selected,2026-08-01 13:05
map3_specials_v1,2026-08-01 17:00,CCT Europe Series 5,ex-RUSTEC vs SPARTA,map3_moneyline,SPARTA,3,Sharp,1.943,1,void,0.0,,,,,selected,2026-08-01 14:06
map3_specials_v1,2026-08-01 17:00,,ENCE vs BC.Game,map3_moneyline,ENCE,3,Sharp,3.97,1,void,0.0,,,,,quarantined,2026-08-01 15:07
map3_specials_v1,2026-08-01 17:15,TP World Championship Europe,megoshort vs CYBERSHOKE,map3_moneyline,megoshort,3,Sharp,3.63,1,lost,-1.0,-5.574,,,,selected,2026-08-01 17:07
map3_specials_v1,2026-08-01 18:00,StarLadder StarSeries Fall SA Closed Qualifier,MIBR vs ShindeN,map3_moneyline,ShindeN,3,Sharp,2.57,1,void,0.0,,,,,selected,2026-07-31 19:05
map3_specials_v1,2026-08-01 22:00,,NRG vs Voca,map3_moneyline,Voca,3,Sharp,2.58,1,won,1.58,-3.994,,,,selected,2026-08-01 03:05
map3_specials_v1,2026-08-02 10:00,,GenOne vs CYBERSHOKE,map3_moneyline,GenOne,3,Sharp,2.14,1,void,0.0,,,,,selected,2026-08-01 22:05
map3_specials_v1,2026-08-02 10:00,,SINNERS vs SPARTA,map3_moneyline,SPARTA,3,Sharp,2.2,1,lost,-1.0,-4.994,,,,selected,2026-08-01 22:05
map3_specials_v1,2026-08-02 10:30,BLAST Bounty,Spirit vs MOUZ,map3_moneyline,MOUZ,5,Sharp,3.0,1,lost,-1.0,-5.994,,,,selected,2026-08-01 21:04
map3_specials_v1,2026-08-02 13:00,ESL Challenger League Europe,MOUZ NXT vs WBT,map3_moneyline,WBT,3,Sharp,1.885,1,won,0.885,-5.109,,,,selected,2026-08-01 22:05
map3_specials_v1,2026-08-02 13:00,,GenOne vs CYBERSHOKE,map3_moneyline,GenOne,3,Sharp,2.14,1,void,0.0,,,,,selected,2026-08-02 02:04
map3_specials_v1,2026-08-02 13:00,CCT Europe Series 5,SINNERS vs SPARTA,map3_moneyline,SPARTA,3,Sharp,2.24,1,lost,-1.0,-6.109,,,,selected,2026-08-02 06:05
map3_specials_v1,2026-08-03 08:00,NODWIN Clutch Series,WW vs CYBERSHOKE Prospects,map3_moneyline,CYBERSHOKE Prospects,3,Sharp,2.35,1,void,0.0,,,,,selected,2026-08-03 05:04
map3_specials_v1,2026-08-03 14:00,CCT Europe Series 6,SPARTA vs ex-Young Ninjas,map3_moneyline,ex-Young Ninjas,3,Sharp,2.32,1,lost,-1.0,-7.109,,,,selected,2026-08-02 23:04
map3_specials_v1,2026-08-03 17:00,BB Storm,Keyd Stars vs BORRACHEIROS,map3_moneyline,BORRACHEIROS,3,Sharp,2.76,1,won,1.76,,,,,quarantined,2026-07-31 17:05
map3_specials_v1,2026-08-04 08:00,NODWIN Clutch Series,Nuclear TigeRES vs Just Players,map3_moneyline,Just Players,3,Sharp,2.69,1,void,0.0,,,,,selected,2026-08-04 04:04
map3_specials_v1,2026-08-04 11:00,CCT Europe Series,ex-RUSTEC vs NEW VISION,map3_moneyline,NEW VISION,3,Sharp,2.78,1,lost,-1.0,-8.109,,,,selected,2026-08-04 06:06
map3_specials_v1,2026-08-04 14:00,NODWIN Clutch Series,Nemiga vs GenOne,map3_moneyline,GenOne,3,Sharp,2.09,1,void,0.0,,,,,selected,2026-08-03 16:04
map3_specials_v1,2026-08-04 14:00,,Just Players vs Enjoy,map3_moneyline,Enjoy,3,Sharp,2.24,1,void,0.0,,,,,selected,2026-08-04 03:06
map3_specials_v1,2026-08-04 14:00,Pulse Beat,Liquid vs 9INE,map3_moneyline,9INE,3,Sharp,2.95,1,void,0.0,,,,,selected,2026-08-04 04:04
map3_specials_v1,2026-08-04 17:00,,fnatic vs EAC,map3_moneyline,EAC,3,Sharp,2.99,1,void,0.0,,,,,selected,2026-08-04 04:04
map3_specials_v1,2026-08-04 23:00,BB Storm,BESTIA vs METANOIA Wolves,map3_moneyline,METANOIA Wolves,3,Sharp,3.84,1,void,0.0,,,,,selected,2026-08-04 06:06
map3_specials_v1,2026-08-05 08:00,NODWIN Clutch Series,CYBERSHOKE Prospects vs Nuclear TigeRES,map3_moneyline,CYBERSHOKE Prospects,3,Sharp,2.47,1,void,0.0,,,,,selected,2026-08-05 04:05
map3_specials_v1,2026-08-05 13:00,Pulse Beat,Liquid vs fnatic,map3_moneyline,fnatic,3,Sharp,2.24,1,void,0.0,,,,,selected,2026-08-05 04:05
map3_specials_v1,2026-08-05 14:00,NODWIN Clutch Series,CYBERSHOKE Prospects vs Nuclear TigeRES,map3_moneyline,CYBERSHOKE Prospects,3,Sharp,2.47,1,void,0.0,,,,,selected,2026-08-05 04:05
map3_specials_v1,2026-08-05 20:00,,Imperial vs ALKA,map3_moneyline,ALKA,3,Sharp,3.78,1,lost,-1.0,-9.109,,,,selected,2026-08-05 04:05
map3_specials_v1,2026-08-05 23:00,,BESTIA vs Grêmio,map3_moneyline,Grêmio,3,Sharp,4.38,1,void,0.0,,,,,quarantined,2026-08-05 04:05
map3_specials_v1,2026-08-06 08:00,CCT Europe Series 6,Lavked vs Black Phoenix,map3_moneyline,Black Phoenix,3,Sharp,1.73,1,won,0.73,-8.379,,,,selected,2026-08-05 22:05
map3_specials_v1,2026-08-06 14:00,BB Storm,paiN Academy vs MEIA NOITE,map3_moneyline,paiN Academy,3,Sharp,2.57,1,won,1.57,-6.809,,,,selected,2026-08-05 23:05
map3_specials_v1,2026-08-06 17:00,CCT Europe Series 6,WW vs ex-RUSTEC,map3_moneyline,ex-RUSTEC,3,Sharp,2.05,1,void,0.0,,,,,selected,2026-08-05 22:05
map3_specials_v1,2026-08-06 17:00,BB Storm,Yawara vs Isurus,map3_moneyline,Isurus,3,Sharp,1.794,1,lost,-1.0,-7.809,,,,selected,2026-08-06 09:06
map3_specials_v1,2026-08-06 23:00,BB Storm,Galorys vs BORRACHEIROS,map3_moneyline,BORRACHEIROS,3,Sharp,2.97,1,void,0.0,,,,,quarantined,2026-08-05 23:05
map3_specials_v1,2026-08-07 09:00,,SAW vs EAC,map3_moneyline,EAC,3,Sharp,2.3,1,void,0.0,,,,,quarantined,2026-08-06 23:06
map3_specials_v1,2026-08-07 11:00,CCT Europe Series 6,GenOne vs CYBERSHOKE,map3_moneyline,GenOne,3,Sharp,1.769,1,void,0.0,,,,,selected,2026-08-07 06:08
map3_specials_v1,2026-08-07 16:00,Esports World Cup Last Chance Qualifier,Prestige vs Metizport,map3_moneyline,Prestige,3,Sharp,2.98,1,void,0.0,,,,,selected,2026-08-07 08:08
map3_specials_v1,2026-08-07 17:00,BB Storm,Grêmio vs Keyd Stars,map3_moneyline,Grêmio,3,Sharp,2.74,1,void,0.0,,,,,selected,2026-08-07 05:07
map3_specials_v1,2026-08-07 17:00,CCT Europe Series 6,GenOne vs CYBERSHOKE,map3_moneyline,GenOne,3,Sharp,1.769,1,void,0.0,,,,,selected,2026-08-07 06:08
map3_specials_v1,2026-08-07 20:00,BB Storm,BESTIA vs Yawara,map3_moneyline,Yawara,3,Sharp,2.95,1,void,0.0,,,,,selected,2026-08-07 05:07
map3_specials_v1,2026-08-07 23:00,BB Storm,Imperial vs Galorys,map3_moneyline,Galorys,3,Sharp,2.54,1,lost,-1.0,-8.809,,,,selected,2026-08-07 09:10
map3_specials_v1,2026-08-08 10:00,,Black Phoenix vs CYBERSHOKE,map3_moneyline,Black Phoenix,3,Sharp,2.3,1,lost,-1.0,-9.809,,,,selected,2026-08-08 07:13
map3_specials_v1,2026-08-08 13:00,CCT Europe Series 6,Black Phoenix vs CYBERSHOKE,map3_moneyline,Black Phoenix,3,Sharp,2.3,1,lost,-1.0,-10.809,,,,selected,2026-08-08 07:13
map3_specials_v1,2026-08-08 15:00,BB Storm,Procyon vs ODDIK Academy,map3_moneyline,ODDIK Academy,3,Sharp,1.862,1,void,0.0,,,,,selected,2026-08-08 00:05
map3_specials_v1,2026-08-08 20:00,BB Storm,ALKA vs paiN Academy,map3_moneyline,paiN Academy,3,Sharp,2.54,1,void,0.0,,,,,selected,2026-08-07 22:05
map3_specials_v1,2026-08-09 09:00,Esports World Cup Qualifier,HEROIC vs ASTRAL,map3_moneyline,ASTRAL,3,Sharp,4.01,1,void,0.0,,,,,selected,2026-08-08 23:06
map3_specials_v1,2026-08-09 09:00,Esports World Cup Qualifier,BC.Game vs OG,map3_moneyline,OG,3,Sharp,2.46,1,void,0.0,,,,,selected,2026-08-08 23:06
map3_specials_v1,2026-08-09 09:00,,Echo vs GenOne,map3_moneyline,Echo,3,Sharp,1.794,1,lost,-1.0,-11.809,,,,selected,2026-08-09 01:06
map3_specials_v1,2026-08-09 09:00,Esports World Cup Qualifier,1win vs Liquid,map3_moneyline,Liquid,3,Sharp,1.617,1,lost,-1.0,-12.809,,,,selected,2026-08-09 04:06
map3_specials_v1,2026-08-10 20:00,,paiN Academy vs Keyd Stars,map3_moneyline,paiN Academy,3,Sharp,2.63,1,lost,-1.0,-13.809,,,,selected,2026-08-10 04:05
map3_specials_v1,2026-08-10 23:00,BB Storm,Isurus vs Grêmio,map3_moneyline,Grêmio,3,Sharp,3.24,1,void,0.0,,,,,selected,2026-08-10 15:05
map3_specials_v1,2026-08-13 08:00,NODWIN Clutch Series Closed Qualifier,Just Players vs MOUZ NXT,map3_moneyline,MOUZ NXT,3,Sharp,2.77,1,void,0.0,,,,,selected,2026-08-13 01:05
map3_specials_v1,2026-08-13 14:00,CCT Europe Series Closed Qualifier,Bushido Wildcats vs ex-RUSTEC,map3_moneyline,Bushido Wildcats,3,Sharp,2.04,1,void,0.0,,,,,selected,2026-08-13 08:06
map3_specials_v1,2026-08-13 20:00,,Imperial vs Isurus,map3_moneyline,Isurus,3,Sharp,2.82,1,void,0.0,,,,,selected,2026-08-11 19:05
map3_specials_v1,2026-08-13 20:00,BB Storm,Yawara vs Keyd Stars,map3_moneyline,Yawara,3,Sharp,1.909,1,lost,-1.0,-14.809,,,,selected,2026-08-11 21:06
map3_specials_v1,2026-08-13 23:00,BB Storm,Imperial vs Isurus,map3_moneyline,Isurus,3,Sharp,2.82,1,void,0.0,,,,,selected,2026-08-11 19:05
map3_specials_v1,2026-08-13 23:45,,Pugdesonesto vs ALKA,map3_moneyline,Pugdesonesto,3,Sharp,2.81,1,void,0.0,,,,,selected,2026-08-13 01:05
map3_specials_v1,2026-08-14 13:00,ESL Challenger League Europe,BAKS vs Fire Flux,map3_moneyline,Fire Flux,3,Sharp,2.37,1,lost,-1.0,-15.809,,,,selected,2026-08-14 07:08
map3_specials_v1,2026-08-14 13:00,ESL Challenger League Europe,Lavked vs SINQU,map3_moneyline,SINQU,3,Sharp,3.2,1,lost,-1.0,,,,,quarantined,2026-08-14 07:08
map3_specials_v1,2026-08-14 17:00,NODWIN Clutch Series Closed Qualifier,Just Players vs ENCE,map3_moneyline,ENCE,3,Sharp,2.27,1,won,1.27,-14.539,,,,selected,2026-08-14 07:08
map3_specials_v1,2026-08-14 20:00,BB Storm,Galorys vs BORRACHEIROS,map3_moneyline,BORRACHEIROS,3,Sharp,3.0,1,void,0.0,,,,,selected,2026-08-11 20:05
map3_specials_v1,2026-08-14 23:00,BB Storm,BESTIA vs ALKA,map3_moneyline,ALKA,3,Sharp,2.98,1,lost,-1.0,-15.539,,,,selected,2026-08-11 23:06
map3_specials_v1,2026-08-14 23:45,CCT South America Challengers,METANOIA Wolves vs MEIA NOITE,map3_moneyline,METANOIA Wolves,3,Sharp,2.62,1,won,1.62,-13.919,,,,selected,2026-08-14 18:05
map3_specials_v1,2026-08-15 13:00,ESL Challenger League Europe,Fire Flux vs OG,map3_moneyline,Fire Flux,3,Sharp,3.25,1,lost,-1.0,,4.69,specials_hourly,specials_hourly,quarantined,2026-08-15 06:06
map3_specials_v1,2026-08-15 13:45,,ex-Sashi Academy vs SAW Youngsters,map3_moneyline,ex-Sashi Academy,3,Sharp,1.952,1,void,0.0,,-4.81,specials_hourly,specials_hourly,selected,2026-08-15 01:05
map3_specials_v1,2026-08-16 11:00,,ENCE vs WBT,map3_moneyline,WBT,3,Sharp,2.14,1,void,0.0,,8.17,specials_hourly,specials_hourly,selected,2026-08-15 18:05
map3_specials_v1,2026-08-16 11:00,CCT Europe Series Closed Qualifier,BERG vs HAVU,map3_moneyline,BERG,3,Sharp,2.04,1,void,0.0,,-0.79,specials_hourly,specials_hourly,selected,2026-08-15 22:06
map3_specials_v1,2026-08-16 11:00,NODWIN Clutch Series Closed Qualifier,ex-RUSTEC vs Inner Circle Academy,map3_moneyline,Inner Circle Academy,3,Sharp,2.38,1,void,0.0,,1.17,specials_hourly,specials_hourly,selected,2026-08-16 00:05
map3_specials_v1,2026-08-16 11:00,CCT Europe Challengers,Bushido Wildcats vs Fortress,map3_moneyline,Fortress,3,Sharp,4.49,1,void,0.0,,3.4,specials_hourly,specials_hourly,selected,2026-08-16 00:05
map3_specials_v1,2026-08-16 13:00,,EAC vs Lavked,map3_moneyline,EAC,3,Sharp,1.885,1,void,0.0,,0.0,specials_hourly,specials_hourly,selected,2026-08-16 11:05
map3_specials_v1,2026-08-16 17:00,,Keyd Stars vs Imperial,map3_moneyline,Keyd Stars,3,Sharp,2.93,1,void,0.0,,0.64,specials_hourly,specials_hourly,selected,2026-08-16 07:06
map3_specials_v1,2026-08-16 23:00,,Keyd Stars vs Imperial,map3_moneyline,Keyd Stars,3,Sharp,2.72,1,void,0.0,,-2.1,specials_hourly,specials_hourly,selected,2026-08-16 02:05
map3_specials_v1,2026-08-17 11:00,CCT Europe Challengers,ENCE vs BERG,map3_moneyline,BERG,3,Sharp,2.57,1,void,0.0,,-4.33,specials_hourly,specials_hourly,selected,2026-08-17 00:05
map3_specials_v1,2026-08-17 11:00,,Inner Circle Academy vs ex-Zero Tenacity,map3_moneyline,Inner Circle Academy,3,Sharp,2.14,1,void,0.0,,-3.73,specials_hourly,specials_hourly,selected,2026-08-17 05:05
map3_specials_v1,2026-08-17 13:45,CCT Europe Challengers,LPH vs SAW Youngsters,map3_moneyline,LPH,3,Sharp,2.04,1,void,0.0,,3.39,specials_hourly,specials_hourly,selected,2026-08-16 23:05
map3_specials_v1,2026-08-17 14:00,,Bushido Wildcats vs Inner Circle Academy,map3_moneyline,Bushido Wildcats,3,Sharp,1.794,1,won,0.794,-13.125,8.5,specials_hourly,specials_hourly,selected,2026-08-16 20:05
map3_specials_v1,2026-08-18 08:00,CCT Europe Series,PCIFIC vs Just Players,map3_moneyline,PCIFIC,3,Sharp,2.39,1,void,0.0,,-2.54,specials_hourly,specials_hourly,selected,2026-08-18 04:06
map3_specials_v1,2026-08-18 11:00,CCT Europe Series,MASONIC vs Bebop,map3_moneyline,MASONIC,3,Sharp,2.07,1,void,0.0,,-3.91,specials_hourly,specials_hourly,selected,2026-08-18 04:06
map3_specials_v1,2026-08-18 13:00,ESL Challenger League Europe,Metizport vs DONSTU,map3_moneyline,DONSTU,3,Sharp,3.46,1,void,0.0,,0.67,specials_hourly,specials_hourly,selected,2026-08-18 03:06
map3_specials_v1,2026-08-18 13:00,,Omega vs Fire Flux,map3_moneyline,Omega,3,Sharp,1.719,1,void,0.0,,-1.43,specials_hourly,specials_hourly,selected,2026-08-18 03:06
map3_specials_v1,2026-08-18 13:00,,EAC vs Fortress,map3_moneyline,Fortress,3,Sharp,4.88,1,void,0.0,,1.89,specials_hourly,specials_hourly,selected,2026-08-18 03:06
map3_specials_v1,2026-08-18 13:00,ESL Challenger League Europe,SPARTA vs MOUZ NXT,map3_moneyline,MOUZ NXT,3,Sharp,2.63,1,lost,-1.0,-14.125,-5.06,specials_hourly,specials_hourly,selected,2026-08-18 04:06
map3_specials_v1,2026-08-18 13:45,CCT Europe Challengers,Bushido Wildcats vs Misa,map3_moneyline,Bushido Wildcats,3,Sharp,1.5,1,void,0.0,,-1.24,specials_hourly,specials_hourly,selected,2026-08-18 02:06
map3_specials_v1,2026-08-18 17:00,CCT Europe Series,Lavked vs HAVU,map3_moneyline,HAVU,3,Sharp,2.26,1,void,0.0,,0.6,specials_hourly,specials_hourly,selected,2026-08-18 15:06
map3_specials_v1,2026-08-18 17:20,CCT Europe Series,Lavked vs HAVU,map3_moneyline,HAVU,3,Sharp,2.22,1,void,0.0,,,,,selected,2026-08-18 17:06
map3_specials_v1,2026-08-19 08:00,NODWIN Clutch Series Closed Qualifier,Inner Circle Academy vs MOUZ NXT,map3_moneyline,MOUZ NXT,3,Sharp,2.31,1,lost,-1.0,-15.125,1.01,specials_hourly,specials_hourly,selected,2026-08-19 01:06
map3_specials_v1,2026-08-19 13:00,,SPARTA vs MOUZ NXT,map3_moneyline,MOUZ NXT,3,Sharp,2.86,1,void,0.0,,0.64,specials_hourly,specials_hourly,selected,2026-08-18 22:07
map3_specials_v1,2026-08-19 14:00,CCT Europe Series,Black Phoenix vs Bushido Wildcats,map3_moneyline,Bushido Wildcats,3,Sharp,1.952,1,lost,-1.0,-16.125,-0.67,specials_hourly,specials_hourly,selected,2026-08-18 15:06
map3_specials_v1,2026-08-20 13:00,,SPARTA vs OG,map3_moneyline,SPARTA,3,Sharp,2.18,1,lost,-1.0,-17.125,3.43,specials_hourly,specials_hourly,selected,2026-08-20 02:10
map3_specials_v1,2026-08-20 13:00,ESL Challenger League Europe,Metizport vs Color,map3_moneyline,Metizport,3,Sharp,1.855,1,won,0.855,-16.27,-1.56,specials_hourly,specials_hourly,selected,2026-08-20 03:10
map3_specials_v1,2026-08-20 13:45,,mellren vs Bushido Wildcats,map3_moneyline,mellren,3,Sharp,2.31,1,won,1.31,-14.96,-3.97,specials_hourly,specials_hourly,selected,2026-08-19 23:10
map3_specials_v1,2026-08-20 13:45,CCT Europe Challengers,LPH vs WBT,map3_moneyline,LPH,3,Sharp,2.29,1,void,0.0,,0.23,specials_hourly,specials_hourly,selected,2026-08-20 06:07
map3_specials_v1,2026-08-20 14:00,,PCIFIC vs Drip Too Hard,map3_moneyline,PCIFIC,3,Sharp,2.14,1,void,0.0,,-2.57,specials_hourly,specials_hourly,selected,2026-08-19 23:10
map3_specials_v1,2026-08-20 18:15,CCT Europe Series Contenders,FORZE Reload vs Younglings,map3_moneyline,Younglings,3,Sharp,2.51,1,void,0.0,,-6.24,specials_hourly,specials_hourly,selected,2026-08-20 05:10
map3_specials_v1,2026-08-21 11:00,CCT Europe Series 7,GenOne vs HAVU,map3_moneyline,HAVU,3,Sharp,3.15,1,lost,-1.0,-15.96,1.76,specials_hourly,specials_hourly,selected,2026-08-21 04:05
map3_specials_v1,2026-08-21 11:00,NODWIN Clutch Series,Color vs Inner Circle Academy,map3_moneyline,Inner Circle Academy,3,Sharp,2.83,1,void,0.0,,0.0,specials_hourly,specials_hourly,quarantined,2026-08-21 08:06
map3_specials_v1,2026-08-21 14:00,,MASONIC vs ex-Zero Tenacity,map3_moneyline,MASONIC,3,Sharp,2.17,1,void,0.0,,-8.4,specials_hourly,specials_hourly,selected,2026-08-21 04:05
map3_specials_v1,2026-08-21 14:15,CCT Europe Series 7,MASONIC vs ex-Zero Tenacity,map3_moneyline,MASONIC,3,Sharp,2.77,1,void,0.0,,,,,quarantined,2026-08-21 14:05
map3_specials_v1,2026-08-22 11:00,CCT Europe Series 7,Lavked vs Bushido Wildcats,map3_moneyline,Bushido Wildcats,3,Sharp,1.645,1,won,0.645,-15.315,-2.0,specials_hourly,specials_hourly,selected,2026-08-22 05:06
map3_specials_v1,2026-08-23 08:00,NODWIN Clutch Series,Color vs SPARTA,map3_moneyline,SPARTA,3,Sharp,2.05,1,void,0.0,,-0.08,specials_hourly,specials_hourly,selected,2026-08-22 20:05
map3_specials_v1,2026-08-23 11:00,CCT Europe Series 7,Drip Too Hard vs MASONIC,map3_moneyline,MASONIC,3,Sharp,2.25,1,void,0.0,,0.0,specials_hourly,specials_hourly,selected,2026-08-23 09:10
map3_specials_v1,2026-08-23 17:00,CCT Europe Series 7,Just Players vs ex-Zero Tenacity,map3_moneyline,ex-Zero Tenacity,3,Sharp,1.877,1,won,0.877,-14.438,1.21,specials_hourly,specials_hourly,selected,2026-08-22 22:06
map3_specials_v1,2026-08-24 14:00,CCT Europe Series 7,PCIFIC vs Bushido Wildcats,map3_moneyline,PCIFIC,3,Sharp,2.4,1,lost,-1.0,-15.438,-1.26,specials_hourly,specials_hourly,selected,2026-08-24 06:23
map3_specials_v1,2026-08-24 17:00,CCT Europe Series 7,Black Phoenix vs HAVU,map3_moneyline,HAVU,3,Sharp,2.36,1,void,0.0,,2.61,specials_hourly,specials_hourly,selected,2026-08-24 06:23
map3_specials_v1,2026-08-24 17:00,NODWIN Clutch Series 11,CYBERSHOKE Prospects vs ex-Zero Tenacity,map3_moneyline,CYBERSHOKE Prospects,3,Sharp,2.02,1,won,1.02,-14.418,-0.2,specials_hourly,specials_hourly,selected,2026-08-24 09:10
map3_specials_v1,2026-08-25 21:00,ESL Challenger League South America,BORRACHEIROS vs Galorys,map3_moneyline,BORRACHEIROS,3,Sharp,2.78,1,lost,-1.0,-15.418,-6.34,specials_hourly,specials_hourly,selected,2026-08-24 22:06
map3_specials_v1,2026-08-25 21:00,ESL Challenger League South America,ShindeN vs ALKA,map3_moneyline,ALKA,3,Sharp,2.45,1,void,0.0,,-7.01,specials_hourly,specials_hourly,selected,2026-08-24 22:06
map3_specials_v1,2026-08-25 21:00,ESL Challenger League South America,Bounty Hunters vs MEIA NOITE,map3_moneyline,MEIA NOITE,3,Sharp,2.7,1,void,0.0,,-3.08,specials_hourly,specials_hourly,selected,2026-08-25 08:07
map3_specials_v1,2026-08-25 21:00,ESL Challenger League South America,Yawara vs Keyd Stars,map3_moneyline,Yawara,3,Sharp,2.12,1,lost,-1.0,-16.418,-1.09,specials_hourly,specials_hourly,selected,2026-08-25 16:08
map3_specials_v1,2026-08-25 22:00,CCT South America,ALKA vs Pugdesonesto,map3_moneyline,Pugdesonesto,3,Sharp,3.16,1,lost,-1.0,-17.418,-2.34,specials_hourly,specials_hourly,selected,2026-08-25 08:07
map3_specials_v1,2026-08-26 13:00,,MEIA NOITE vs ODDIK,map3_moneyline,MEIA NOITE,3,Sharp,2.88,1,void,0.0,,-1.4,specials_hourly,specials_hourly,selected,2026-08-25 15:08
map3_specials_v1,2026-08-26 14:00,,GenOne vs Nordic Partners,map3_moneyline,Nordic Partners,3,Sharp,2.46,1,void,0.0,,-2.0,specials_hourly,specials_hourly,selected,2026-08-25 16:08
map3_specials_v1,2026-08-26 16:00,CCT South America,ALKA vs Pugdesonesto,map3_moneyline,Pugdesonesto,3,Sharp,3.4,1,lost,-1.0,-18.418,-0.39,specials_hourly,specials_hourly,selected,2026-08-25 21:06
map3_specials_v1,2026-08-26 21:00,ESL Challenger League South America,ODDIK vs Imperial,map3_moneyline,ODDIK,3,Sharp,3.0,1,lost,-1.0,-19.418,-0.42,specials_hourly,specials_hourly,selected,2026-08-26 06:08
map3_specials_v1,2026-08-26 21:00,ESL Challenger League South America,ALKA vs Turma do Pagode,map3_moneyline,ALKA,3,Sharp,1.98,1,lost,-1.0,-20.418,-15.94,specials_hourly,specials_hourly,selected,2026-08-26 07:10
map3_specials_v1,2026-08-26 21:00,ESL Challenger League South America,MEIA NOITE vs BORRACHEIROS,map3_moneyline,BORRACHEIROS,3,Sharp,1.926,1,void,0.0,,0.42,specials_hourly,specials_hourly,selected,2026-08-26 09:09
map3_specials_v1,2026-08-26 21:00,ESL Challenger League South America,Bounty Hunters vs Galorys,map3_moneyline,Galorys,3,Sharp,1.98,1,void,0.0,,0.97,specials_hourly,specials_hourly,selected,2026-08-26 10:08
map3_specials_v1,2026-08-26 21:00,ESL Challenger League South America,Isurus vs paiN Academy,map3_moneyline,paiN Academy,3,Sharp,2.91,1,lost,-1.0,-21.418,-1.12,specials_hourly,specials_hourly,selected,2026-08-26 19:08
map3_specials_v1,2026-08-27 11:00,CCT Europe Series,Nemiga vs Black Phoenix,map3_moneyline,Black Phoenix,3,Sharp,2.43,1,void,0.0,,3.17,specials_hourly,specials_hourly,selected,2026-08-27 06:11
map3_specials_v1,2026-08-27 14:00,,EAC vs QUAZAR,map3_moneyline,EAC,3,Sharp,1.909,1,void,0.0,,4.41,specials_hourly,specials_hourly,selected,2026-08-27 00:07
map3_specials_v1,2026-08-27 21:00,,ODDIK vs Yawara,map3_moneyline,ODDIK,3,Sharp,1.746,1,void,0.0,,1.02,specials_hourly,specials_hourly,selected,2026-08-27 06:11
map3_specials_v1,2026-08-27 21:00,ESL Challenger League South America,Keyd Stars vs Isurus,map3_moneyline,Isurus,3,Sharp,2.33,1,won,1.33,-20.088,-0.15,specials_hourly,specials_hourly,selected,2026-08-27 08:08
map3_specials_v1,2026-08-27 21:00,ESL Challenger League South America,Bounty Hunters vs Turma do Pagode,map3_moneyline,Bounty Hunters,3,Sharp,2.01,1,void,0.0,,-0.72,specials_hourly,specials_hourly,selected,2026-08-27 17:09
map3_specials_v1,2026-08-28 11:00,CCT Europe Series,OG vs ex-Zero Tenacity,map3_moneyline,ex-Zero Tenacity,3,Sharp,2.1,1,void,0.0,,2.5,specials_hourly,specials_hourly,selected,2026-08-28 01:07
map3_specials_v1,2026-08-28 13:00,CCT South America,ODDIK vs ALKA,map3_moneyline,ALKA,3,Sharp,2.5,1,void,0.0,,2.28,specials_hourly,specials_hourly,selected,2026-08-28 03:07
map3_specials_v1,2026-08-28 14:00,NODWIN Clutch Series,SPARTA vs Inner Circle Academy,map3_moneyline,Inner Circle Academy,3,Sharp,2.74,1,won,1.74,-18.348,0.0,specials_hourly,specials_hourly,selected,2026-08-28 05:07
map3_specials_v1,2026-08-28 17:00,CCT Europe Series,SINNERS vs Bushido Wildcats,map3_moneyline,Bushido Wildcats,3,Sharp,2.7,1,lost,-1.0,-19.348,3.54,specials_hourly,specials_hourly,selected,2026-08-27 15:11
map3_specials_v1,2026-08-28 17:00,,UPGRADE vs Black Phoenix,map3_moneyline,Black Phoenix,3,Sharp,1.98,1,won,0.98,-18.368,5.72,specials_hourly,specials_hourly,selected,2026-08-28 06:12
map3_specials_v1,2026-08-28 19:00,CCT South America,Peladona vs Procyon,map3_moneyline,Procyon,3,Sharp,2.59,1,void,0.0,,-6.6,specials_hourly,specials_hourly,selected,2026-08-27 15:11
map3_specials_v1,2026-08-28 21:00,,Turma do Pagode vs Isurus,map3_moneyline,Isurus,3,Sharp,2.75,1,won,1.75,-16.618,1.73,specials_hourly,specials_hourly,selected,2026-08-28 08:07
map3_specials_v1,2026-08-28 21:00,ESL Challenger League South America,ODDIK vs ex-MIBR Academy,map3_moneyline,ex-MIBR Academy,3,Sharp,2.47,1,won,1.47,-15.148,0.0,specials_hourly,specials_hourly,selected,2026-08-28 17:08
map3_specials_v1,2026-08-28 22:00,CCT South America,BORRACHEIROS vs BESTIA Academy,map3_moneyline,BESTIA Academy,3,Sharp,2.04,1,lost,-1.0,-16.148,1.47,specials_hourly,specials_hourly,selected,2026-08-28 09:09
map3_specials_v1,2026-08-29 01:00,,Voca vs Overtake Sector,map3_moneyline,Overtake Sector,3,Sharp,3.51,1,lost,-1.0,-17.148,-5.02,specials_hourly,specials_hourly,selected,2026-08-28 06:12
map3_specials_v1,2026-08-29 14:00,,SINNERS vs ex-Zero Tenacity,map3_moneyline,ex-Zero Tenacity,3,Sharp,2.53,1,void,0.0,,,,,selected,2026-08-29 08:08
map3_specials_v1,2026-08-29 21:00,ESL Challenger League South America,ShindeN vs Isurus,map3_moneyline,ShindeN,3,Sharp,1.719,1,void,0.0,,10.45,specials_hourly,specials_hourly,selected,2026-08-29 08:08
map3_specials_v1,2026-08-29 21:00,ESL Challenger League South America,Fluxo vs ex-MIBR Academy,map3_moneyline,ex-MIBR Academy,3,Sharp,3.16,1,lost,-1.0,-18.148,0.0,specials_hourly,specials_hourly,selected,2026-08-29 11:12
map3_specials_v1,2026-08-30 11:00,Logitech G Connect Closed Qualifier,OG vs Eternal Fire,map3_moneyline,OG,3,Sharp,2.18,1,won,1.18,-16.968,0.0,specials_hourly,specials_hourly,selected,2026-08-29 23:10
map3_specials_v1,2026-08-30 13:00,CCT South America,BESTIA Academy vs ALKA,map3_moneyline,BESTIA Academy,3,Sharp,2.45,1,void,0.0,,1.04,specials_hourly,specials_hourly,selected,2026-08-29 18:08
map3_specials_v1,2026-08-30 13:00,ESL Challenger League Europe,Strael Bora vs Inner Circle Academy,map3_moneyline,Strael Bora,3,Sharp,3.48,1,void,0.0,,-4.51,specials_hourly,specials_hourly,selected,2026-08-29 23:10
map3_specials_v1,2026-08-30 13:00,ESL Challenger League Europe,Virtus.pro vs Fire Flux,map3_moneyline,Fire Flux,3,Sharp,3.78,1,lost,-1.0,-17.968,5.42,specials_hourly,specials_hourly,selected,2026-08-29 23:10
map3_specials_v1,2026-08-30 13:00,ESL Challenger League Europe,BERG vs WBT,map3_moneyline,BERG,3,Sharp,2.73,1,lost,-1.0,-18.968,-0.65,specials_hourly,specials_hourly,selected,2026-08-30 10:10
map3_specials_v1,2026-08-30 14:00,Stake Ranked Open Qualifier,Eternal Fire vs ENCE,map3_moneyline,ENCE,3,Sharp,2.92,1,void,0.0,,-0.38,specials_hourly,specials_hourly,selected,2026-08-29 23:10
map3_specials_v1,2026-08-30 17:00,,OG vs LP,map3_moneyline,LP,3,Sharp,2.45,1,void,0.0,,,,,selected,2026-08-30 16:11
map3_specials_v1,2026-08-30 19:00,CCT South America,BORRACHEIROS vs Peladona,map3_moneyline,BORRACHEIROS,3,Sharp,3.2,1,lost,-1.0,-19.968,-5.53,specials_hourly,specials_hourly,selected,2026-08-29 18:08
map3_specials_v1,2026-08-30 21:00,,Fluxo vs ShindeN,map3_moneyline,Fluxo,3,Sharp,1.926,1,lost,-1.0,-20.968,2.28,specials_hourly,specials_hourly,selected,2026-08-30 04:07
map3_specials_v1,2026-08-30 21:00,ESL Challenger League South America,Galorys vs Imperial,map3_moneyline,Galorys,3,Sharp,2.7,1,void,0.0,,0.0,specials_hourly,specials_hourly,selected,2026-08-30 18:07
map3_specials_v1,2026-08-30 22:00,CCT South America,ODDIK vs Grêmio,map3_moneyline,Grêmio,3,Sharp,3.4,1,void,0.0,,3.91,specials_hourly,specials_hourly,selected,2026-08-29 18:08
map3_specials_v1,2026-08-31 11:00,Logitech G Connect Closed Qualifier,Metizport vs PCIFIC,map3_moneyline,PCIFIC,3,Sharp,3.25,1,void,0.0,,-2.91,specials_hourly,specials_hourly,quarantined,2026-08-30 16:11
map3_specials_v1,2026-08-31 16:00,,BESTIA Academy vs Blitzkrieg,map3_moneyline,Blitzkrieg,3,Sharp,4.88,1,void,0.0,,-0.32,specials_hourly,specials_hourly,quarantined,2026-08-31 06:08
map3_specials_v1,2026-08-31 17:00,,Metizport vs ASTRAL,map3_moneyline,ASTRAL,3,Sharp,2.57,1,won,1.57,,-0.48,specials_hourly,specials_hourly,quarantined,2026-08-31 15:08
map3_specials_v1,2026-08-31 19:00,,DAMAJUANA vs Zetta,map3_moneyline,Zetta,3,Sharp,2.32,1,void,0.0,,-6.57,specials_hourly,specials_hourly,quarantined,2026-08-31 06:08
map3_specials_v1,2026-09-01 11:00,Logitech G Connect Closed Qualifier,PCIFIC vs BRUTE,map3_moneyline,PCIFIC,3,Sharp,2.45,1,won,1.45,-19.518,-0.32,specials_hourly,specials_hourly,selected,2026-09-01 01:07
map3_specials_v1,2026-09-01 13:00,,Virtus.pro vs WBT,map3_moneyline,WBT,3,Sharp,2.97,1,lost,-1.0,-20.518,6.47,specials_hourly,specials_hourly,selected,2026-09-01 05:10
map3_specials_v1,2026-09-01 14:00,Logitech G Connect Closed Qualifier,LP vs Eternal Fire,map3_moneyline,LP,3,Sharp,3.12,1,lost,-1.0,,-0.63,specials_hourly,specials_hourly,quarantined,2026-09-01 01:07
map3_specials_v1,2026-09-01 14:30,Logitech G Connect Closed Qualifier,LP vs Eternal Fire,map3_moneyline,LP,3,Sharp,3.31,1,lost,-1.0,,,,,quarantined,2026-09-01 14:07
map3_specials_v1,2026-09-01 16:00,CCT South America,BORRACHEIROS vs ALKA,map3_moneyline,BORRACHEIROS,3,Sharp,2.35,1,void,0.0,,-1.65,specials_hourly,specials_hourly,selected,2026-09-01 01:07
map3_specials_v1,2026-09-01 21:00,ESL Challenger League South America,Galorys vs Imperial,map3_moneyline,Galorys,3,Sharp,2.4,1,void,0.0,,,,,selected,2026-09-01 20:06
map3_specials_v1,2026-09-02 06:00,,FlyQuest vs NEXVOID,map3_moneyline,NEXVOID,3,Sharp,4.21,1,void,0.0,,3.25,specials_hourly,specials_hourly,quarantined,2026-09-01 01:07
map3_specials_v1,2026-09-02 08:00,,SINNERS vs EAC,map3_moneyline,EAC,3,Sharp,2.39,1,lost,-1.0,-21.518,-1.6,specials_hourly,specials_hourly,selected,2026-09-02 05:06
map3_specials_v1,2026-09-02 11:00,,Black Phoenix vs ex-Zero Tenacity,map3_moneyline,ex-Zero Tenacity,3,Sharp,1.806,1,void,0.0,,16.96,specials_hourly,specials_hourly,selected,2026-09-02 05:06
map3_specials_v1,2026-09-02 11:00,NODWIN Clutch Series 11,Nemesis vs 1win,map3_moneyline,Nemesis,3,Sharp,2.01,1,void,0.0,,0.34,specials_hourly,specials_hourly,selected,2026-09-02 06:16
map3_specials_v1,2026-09-02 14:00,NODWIN Clutch Series 11,Nemesis vs 1win,map3_moneyline,Nemesis,3,Sharp,2.01,1,void,0.0,,0.34,specials_hourly,specials_hourly,selected,2026-09-02 06:16
map3_specials_v1,2026-09-02 16:00,CCT South America,Grêmio vs MEIA NOITE,map3_moneyline,Grêmio,3,Sharp,2.08,1,lost,-1.0,-22.518,,,,selected,2026-09-02 15:08
map3_specials_v1,2026-09-02 18:00,,Nemiga vs HOTU,map3_moneyline,HOTU,3,Sharp,1.649,1,void,0.0,,,,,selected,2026-09-02 17:08
map3_specials_v1,2026-09-03 06:00,IEM Beijing Asian Closed Qualifier,DEPO vs Lynn Vision,map3_moneyline,DEPO,3,Sharp,3.49,1,won,2.49,-20.028,-1.95,specials_hourly,specials_hourly,selected,2026-09-02 23:07
map3_specials_v1,2026-09-03 06:00,,FlyQuest vs Kaleido,map3_moneyline,Kaleido,3,Sharp,4.21,1,void,0.0,,-0.89,specials_hourly,specials_hourly,selected,2026-09-03 01:06
map3_specials_v1,2026-09-03 09:00,Stake Ranked Closed Qualifier,Iberian Soul vs Nemiga,map3_moneyline,Iberian Soul,3,Sharp,1.98,1,lost,-1.0,-21.028,-6.14,specials_hourly,specials_hourly,selected,2026-09-02 20:06
map3_specials_v1,2026-09-03 11:00,NODWIN Clutch Series 11,Nemesis vs HOTU,map3_moneyline,HOTU,3,Sharp,1.98,1,void,0.0,,4.31,specials_hourly,specials_hourly,selected,2026-09-03 00:07
map3_specials_v1,2026-09-03 11:30,Stake Ranked Closed Qualifier,FOKUS vs SINNERS,map3_moneyline,SINNERS,3,Sharp,2.07,1,void,0.0,,4.03,specials_hourly,specials_hourly,selected,2026-09-01 20:06
map3_specials_v1,2026-09-03 12:00,IEM Beijing Global Closed Qualifier,EYEBALLERS vs MIBR,map3_moneyline,EYEBALLERS,3,Sharp,2.69,1,void,0.0,,0.87,specials_hourly,specials_hourly,selected,2026-09-03 06:11
map3_specials_v1,2026-09-03 14:00,,Lavked vs HAVU,map3_moneyline,HAVU,3,Sharp,2.05,1,void,0.0,,-4.0,specials_hourly,specials_hourly,selected,2026-09-02 15:08
map3_specials_v1,2026-09-03 14:00,Logitech G Connect Closed Qualifier,NOVAQ vs Rune Eaters,map3_moneyline,NOVAQ,3,Sharp,2.15,1,void,0.0,,-6.69,specials_hourly,specials_hourly,selected,2026-09-02 23:07
map3_specials_v1,2026-09-03 14:30,Stake Ranked Closed Qualifier,Ninjas in Pyjamas vs Sangal,map3_moneyline,Sangal,3,Sharp,3.68,1,lost,-1.0,-22.028,5.85,specials_hourly,specials_hourly,selected,2026-09-01 20:06
map3_specials_v1,2026-09-03 15:00,IEM Beijing Global Closed Qualifier,Eternal Fire vs Nuclear TigeRES,map3_moneyline,Nuclear TigeRES,3,Sharp,2.03,1,void,0.0,,3.18,specials_hourly,specials_hourly,selected,2026-09-02 23:07
map3_specials_v1,2026-09-03 15:00,,HOTU vs B8,map3_moneyline,HOTU,3,Sharp,2.09,1,void,0.0,,2.55,specials_hourly,specials_hourly,selected,2026-09-02 23:07
map3_specials_v1,2026-09-03 16:00,,Bounty Hunters vs MEIA NOITE,map3_moneyline,MEIA NOITE,3,Sharp,3.53,1,void,0.0,,4.98,specials_hourly,specials_hourly,quarantined,2026-09-03 06:11
map3_specials_v1,2026-09-03 17:00,,Omega vs QUAZAR,map3_moneyline,Omega,3,Sharp,2.45,1,void,0.0,,9.49,specials_hourly,specials_hourly,selected,2026-09-02 23:07
map3_specials_v1,2026-09-03 18:00,NODWIN Clutch Series,3DMAX vs HOTU,map3_moneyline,HOTU,3,Sharp,1.741,1,lost,-1.0,-23.028,0.61,specials_hourly,specials_hourly,selected,2026-09-03 16:07
map3_specials_v1,2026-09-03 19:00,,Yawara vs paiN Academy,map3_moneyline,paiN Academy,3,Sharp,2.33,1,lost,-1.0,-24.028,-1.43,specials_hourly,specials_hourly,selected,2026-09-03 06:11
map3_specials_v1,2026-09-03 22:00,,Keyd Stars vs Procyon,map3_moneyline,Procyon,3,Sharp,3.42,1,void,0.0,,3.46,specials_hourly,specials_hourly,quarantined,2026-09-03 06:11
map3_specials_v1,2026-09-04 08:00,,SINNERS vs QUAZAR,map3_moneyline,QUAZAR,3,Sharp,2.45,1,won,1.45,-22.578,4.14,specials_hourly,specials_hourly,selected,2026-09-04 05:07
map3_specials_v1,2026-09-04 11:30,Stake Ranked Closed Qualifier,HOTU vs Eternal Fire,map3_moneyline,HOTU,3,Sharp,1.69,1,void,0.0,,-8.32,specials_hourly,specials_hourly,selected,2026-09-03 15:08
map3_specials_v1,2026-09-04 12:00,Stake Ranked Closed Qualifier,HOTU vs Eternal Fire,map3_moneyline,HOTU,3,Sharp,1.971,1,void,0.0,,,,,selected,2026-09-04 11:09
map3_specials_v1,2026-09-04 13:00,CCT South America,Isurus vs Peladona,map3_moneyline,Isurus,3,Sharp,2.13,1,lost,-1.0,-23.578,-3.47,specials_hourly,specials_hourly,selected,2026-09-04 06:10
map3_specials_v1,2026-09-04 15:00,IEM Beijing Global Closed Qualifier,Nuclear TigeRES vs B8,map3_moneyline,B8,3,Sharp,1.826,1,void,0.0,,0.98,specials_hourly,specials_hourly,selected,2026-09-04 06:10
map3_specials_v1,2026-09-04 16:00,CCT South America,METANOIA Wolves vs ODDIK,map3_moneyline,METANOIA Wolves,3,Sharp,4.27,1,void,0.0,,0.07,specials_hourly,specials_hourly,selected,2026-09-03 15:08
map3_specials_v1,2026-09-04 17:00,,SPARTA vs HAVU,map3_moneyline,HAVU,3,Sharp,2.6,1,void,0.0,,-5.32,specials_hourly,specials_hourly,selected,2026-09-04 02:06
map3_specials_v1,2026-09-04 17:30,Stake Ranked Closed Qualifier,Nemesis vs ASTRAL,map3_moneyline,ASTRAL,3,Sharp,3.32,1,lost,-1.0,-24.578,-1.13,specials_hourly,specials_hourly,selected,2026-09-03 15:08
map3_specials_v1,2026-09-04 22:00,,Imperial vs ALKA,map3_moneyline,ALKA,3,Sharp,3.28,1,void,0.0,,-9.6,specials_hourly,specials_hourly,selected,2026-09-04 07:11
map3_specials_v1,2026-09-04 22:00,,Fluxo vs Back to Back,map3_moneyline,Back to Back,3,Sharp,3.22,1,void,0.0,,8.59,specials_hourly,specials_hourly,selected,2026-09-04 07:11
map3_specials_v1,2026-09-05 13:00,,Bounty Hunters vs Yawara,map3_moneyline,Yawara,3,Sharp,2.26,1,void,0.0,,0.0,specials_hourly,specials_hourly,selected,2026-09-05 05:09
map3_specials_v1,2026-09-05 13:45,CCT Europe Challengers,Inner Circle Academy vs Privateer,map3_moneyline,Privateer,3,Sharp,3.52,1,lost,-1.0,-25.578,-0.57,specials_hourly,specials_hourly,selected,2026-09-05 07:08
map3_specials_v1,2026-09-05 14:00,Logitech G Connect Closed Qualifier,9INE vs Metizport,map3_moneyline,9INE,3,Sharp,1.962,1,void,0.0,,3.59,specials_hourly,specials_hourly,selected,2026-09-04 23:09
map3_specials_v1,2026-09-05 14:30,Stake Ranked Closed Qualifier,Ninjas in Pyjamas vs Nuclear TigeRES,map3_moneyline,Nuclear TigeRES,3,Sharp,2.06,1,void,0.0,,1.71,specials_hourly,specials_hourly,selected,2026-09-04 15:08
map3_specials_v1,2026-09-05 16:00,,Procyon vs ALKA,map3_moneyline,Procyon,3,Sharp,2.62,1,void,0.0,,5.19,specials_hourly,specials_hourly,selected,2026-09-05 03:07
map3_specials_v1,2026-09-05 17:30,,Falcons Force vs ZOTIX,map3_moneyline,ZOTIX,3,Sharp,2.69,1,void,0.0,,4.22,specials_hourly,specials_hourly,quarantined,2026-09-04 15:08
map3_specials_v1,2026-09-05 19:00,,Peladona vs Imperial,map3_moneyline,Peladona,3,Sharp,3.0,1,lost,-1.0,-26.578,2.51,specials_hourly,specials_hourly,selected,2026-09-05 05:09
map3_specials_v1,2026-09-06 11:00,CCT Europe Challengers,SAW Youngsters vs Misa,map3_moneyline,Misa,3,Sharp,1.98,1,won,0.98,-25.598,2.14,specials_hourly,specials_hourly,selected,2026-09-06 05:09
map3_specials_v1,2026-09-06 11:00,CCT Europe Series,Black Phoenix vs HAVU,map3_moneyline,HAVU,3,Sharp,2.44,1,void,0.0,,-1.48,specials_hourly,specials_hourly,selected,2026-09-06 07:10
map3_specials_v1,2026-09-06 13:00,ESL Challenger League Europe,Privateer vs HAVU,map3_moneyline,Privateer,3,Sharp,2.71,1,void,0.0,,-5.04,specials_hourly,specials_hourly,selected,2026-09-06 06:10
map3_specials_v1,2026-09-06 13:00,ESL Challenger League Europe,PCIFIC vs KUUSAMO,map3_moneyline,KUUSAMO,3,Sharp,3.02,1,lost,-1.0,-26.598,0.0,specials_hourly,specials_hourly,selected,2026-09-06 08:07
map3_specials_v1,2026-09-06 13:00,,BERG vs mellren,map3_moneyline,mellren,3,Sharp,1.556,1,void,0.0,,,,,selected,2026-09-06 12:11
map3_specials_v1,2026-09-06 13:45,CCT Europe Challengers,Strael Bora vs megoshort,map3_moneyline,Strael Bora,3,Sharp,2.3,1,lost,-1.0,-27.598,-6.74,specials_hourly,specials_hourly,selected,2026-09-05 16:09
map3_specials_v1,2026-09-06 14:00,BLAST Open,Spirit vs MOUZ,map3_moneyline,Spirit,5,Sharp,1.645,1,won,0.645,-26.953,-0.17,specials_hourly,specials_hourly,selected,2026-09-06 03:06
map3_specials_v1,2026-09-06 15:00,CCT South America,Bounty Hunters vs Imperial,map3_moneyline,Bounty Hunters,3,Sharp,3.19,1,won,2.19,-24.763,0.77,specials_hourly,specials_hourly,selected,2026-09-06 04:07
map3_specials_v1,2026-09-06 18:00,CCT South America,Galorys vs ALKA,map3_moneyline,ALKA,3,Sharp,2.62,1,void,0.0,,-4.77,specials_hourly,specials_hourly,selected,2026-09-06 04:07
map3_specials_v1,2026-09-06 18:15,CCT South America,Galorys vs ALKA,map3_moneyline,ALKA,3,Sharp,2.97,1,void,0.0,,,,,selected,2026-09-06 18:07
map3_specials_v1,2026-09-07 11:00,CCT Europe Challengers,Strael Bora vs Fire Flux,map3_moneyline,Strael Bora,3,Sharp,3.29,1,void,0.0,,-3.08,specials_hourly,specials_hourly,selected,2026-09-07 00:08
map3_specials_v1,2026-09-07 13:00,ESL Challenger League Europe,MOUZ NXT vs KUUSAMO,map3_moneyline,KUUSAMO,3,Sharp,2.6,1,void,0.0,,0.8,specials_hourly,specials_hourly,selected,2026-09-07 06:10
map3_specials_v1,2026-09-08 11:00,NODWIN Clutch Series Closed Qualifier,Fortress vs ENCE,map3_moneyline,Fortress,3,Sharp,3.84,1,lost,-1.0,-25.763,-3.52,specials_hourly,specials_hourly,selected,2026-09-08 06:09
map3_specials_v1,2026-09-08 13:00,,MOUZ NXT vs Dark Moon,map3_moneyline,Dark Moon,3,Sharp,2.33,1,void,0.0,,-0.23,specials_hourly,specials_hourly,selected,2026-09-07 22:07
map3_specials_v1,2026-09-08 13:45,,Bushido Wildcats vs NAVI Junior,map3_moneyline,NAVI Junior,3,Sharp,2.72,1,void,0.0,,1.32,specials_hourly,specials_hourly,selected,2026-09-07 15:08
map3_specials_v1,2026-09-08 17:30,Private Club Closed Qualifier,WW vs NOVAQ,map3_moneyline,NOVAQ,3,Sharp,2.44,1,void,0.0,,-4.34,specials_hourly,specials_hourly,selected,2026-09-07 15:08
map3_specials_v1,2026-09-09 09:00,Private Club Closed Qualifier,SINNERS vs Nemesis,map3_moneyline,SINNERS,3,Sharp,2.11,1,won,1.11,-24.653,-0.96,specials_hourly,specials_hourly,selected,2026-09-08 19:07
map3_specials_v1,2026-09-09 11:00,TP World Championship Closed Qualifier,HEROIC vs BESTIA,map3_moneyline,BESTIA,3,Sharp,3.09,1,void,0.0,,-4.44,specials_hourly,specials_hourly,selected,2026-09-08 20:07
map3_specials_v1,2026-09-09 12:00,,HOTU vs Nemiga,map3_moneyline,HOTU,3,Sharp,2.12,1,lost,-1.0,-25.653,3.66,specials_hourly,specials_hourly,selected,2026-09-09 06:13
map3_specials_v1,2026-09-09 13:45,,Phantom Academy vs ex-Zero Tenacity,map3_moneyline,Phantom Academy,3,Sharp,3.0,1,void,0.0,,2.57,specials_hourly,specials_hourly,selected,2026-09-09 04:12
map3_specials_v1,2026-09-09 14:00,PGL Masters Bucharest Europe Closed Qualifier,Ninjas in Pyjamas vs SINNERS,map3_moneyline,SINNERS,3,Sharp,2.22,1,won,1.22,-24.433,-2.39,specials_hourly,specials_hourly,selected,2026-09-08 06:09
map3_specials_v1,2026-09-09 14:00,TP World Championship Closed Qualifier,EYEBALLERS vs Nemesis,map3_moneyline,EYEBALLERS,3,Sharp,2.37,1,void,0.0,,-1.5,specials_hourly,specials_hourly,selected,2026-09-09 00:08
map3_specials_v1,2026-09-09 14:00,TP World Championship Closed Qualifier,100 Thieves vs BBL,map3_moneyline,BBL,3,Sharp,2.86,1,won,1.86,-22.573,0.32,specials_hourly,specials_hourly,selected,2026-09-09 07:11
map3_specials_v1,2026-09-09 14:00,PGL Masters Bucharest South America Closed Qualifier,ShindeN vs Fluxo,map3_moneyline,Fluxo,3,Sharp,1.962,1,won,0.962,-21.611,2.07,specials_hourly,specials_hourly,selected,2026-09-09 08:09
map3_specials_v1,2026-09-09 17:00,,Turma do Pagode vs DENDELE,map3_moneyline,Turma do Pagode,3,Sharp,3.07,1,void,0.0,,-1.98,specials_hourly,specials_hourly,selected,2026-09-08 06:09
map3_specials_v1,2026-09-09 17:30,ESEA Advanced Europe,WBT Academy vs eSuba,map3_moneyline,eSuba,3,Sharp,2.85,1,void,0.0,,-4.98,specials_hourly,specials_hourly,selected,2026-09-09 04:12
map3_specials_v1,2026-09-09 17:30,ESEA Advanced Europe,Falcons Force vs BERG,map3_moneyline,BERG,3,Sharp,2.47,1,void,0.0,,0.39,specials_hourly,specials_hourly,selected,2026-09-09 15:10
map3_specials_v1,2026-09-09 20:00,PGL Masters Bucharest South America Closed Qualifier,Imperial vs Galorys,map3_moneyline,Galorys,3,Sharp,2.4,1,void,0.0,,0.56,specials_hourly,specials_hourly,selected,2026-09-08 06:09
map3_specials_v1,2026-09-09 23:00,PGL Masters Bucharest North America Closed Qualifier,NRG vs Without a Roof,map3_moneyline,Without a Roof,3,Sharp,4.03,1,void,0.0,,3.69,specials_hourly,specials_hourly,selected,2026-09-08 06:09
map3_specials_v1,2026-09-09 23:00,PGL Masters Bucharest South America Closed Qualifier,paiN vs Back to Back,map3_moneyline,Back to Back,3,Sharp,3.59,1,lost,-1.0,,1.28,specials_hourly,specials_hourly,quarantined,2026-09-08 06:09
map3_specials_v1,2026-09-10 08:00,TP World Championship Closed Qualifier,BESTIA vs Virtus.pro,map3_moneyline,BESTIA,3,Sharp,2.36,1,void,0.0,,0.39,specials_hourly,specials_hourly,selected,2026-09-09 22:11
map3_specials_v1,2026-09-10 11:00,,Bebop vs WBT Academy,map3_moneyline,WBT Academy,3,Sharp,1.741,1,lost,-1.0,-22.611,-2.75,specials_hourly,specials_hourly,selected,2026-09-09 05:08
map3_specials_v1,2026-09-10 11:00,TP World Championship Closed Qualifier,Wildcard vs EYEBALLERS,map3_moneyline,EYEBALLERS,3,Sharp,2.2,1,lost,-1.0,-23.611,1.93,specials_hourly,specials_hourly,selected,2026-09-10 06:11
map3_specials_v1,2026-09-10 14:00,PGL Masters Bucharest Europe Closed Qualifier,1win vs B8,map3_moneyline,B8,3,Sharp,1.775,1,void,0.0,,-2.2,specials_hourly,specials_hourly,selected,2026-09-09 22:11
map3_specials_v1,2026-09-10 14:00,PGL Masters Bucharest South America Closed Qualifier,ShindeN vs Turma do Pagode,map3_moneyline,Turma do Pagode,3,Sharp,2.4,1,lost,-1.0,-24.611,-0.41,specials_hourly,specials_hourly,selected,2026-09-10 08:12
map3_specials_v1,2026-09-10 17:00,PGL Masters Bucharest South America Closed Qualifier,Back to Back vs Galorys,map3_moneyline,Back to Back,3,Sharp,3.3,1,won,2.3,-22.311,15.45,specials_hourly,specials_hourly,selected,2026-09-10 06:11
map3_specials_v1,2026-09-10 20:00,,Fluxo vs DENDELE,map3_moneyline,Fluxo,3,Sharp,2.52,1,lost,-1.0,-23.311,1.35,specials_hourly,specials_hourly,selected,2026-09-10 06:11
map3_specials_v1,2026-09-11 02:00,,Voca vs NRG,map3_moneyline,Voca,3,Sharp,2.74,1,void,0.0,,1.2,specials_hourly,specials_hourly,quarantined,2026-09-10 13:10
map3_specials_v1,2026-09-11 11:00,,SINNERS vs Nuclear TigeRES,map3_moneyline,SINNERS,3,Sharp,1.909,1,void,0.0,,0.23,specials_hourly,specials_hourly,selected,2026-09-11 00:10
map3_specials_v1,2026-09-11 11:00,CCT Europe Challengers,megoshort vs Inner Circle Academy,map3_moneyline,megoshort,3,Sharp,2.74,1,void,0.0,,-2.5,specials_hourly,specials_hourly,selected,2026-09-11 06:11
map3_specials_v1,2026-09-11 14:00,TP World Championship Closed Qualifier,3DMAX vs 100 Thieves,map3_moneyline,3DMAX,3,Sharp,2.15,1,void,0.0,,0.11,specials_hourly,specials_hourly,selected,2026-09-10 22:11
map3_specials_v1,2026-09-11 14:00,,1win vs Nemiga,map3_moneyline,Nemiga,3,Sharp,2.13,1,void,0.0,,5.06,specials_hourly,specials_hourly,selected,2026-09-10 22:11
map3_specials_v1,2026-09-11 14:00,PGL Masters Bucharest South America Closed Qualifier,Fluxo vs Back to Back,map3_moneyline,Back to Back,3,Sharp,2.62,1,lost,-1.0,-24.311,10.72,specials_hourly,specials_hourly,selected,2026-09-11 04:09
map3_specials_v1,2026-09-11 17:00,NODWIN Clutch Series,SINQU vs Misa,map3_moneyline,SINQU,3,Sharp,3.92,1,lost,-1.0,,1.93,specials_hourly,specials_hourly,quarantined,2026-09-11 01:08
map3_specials_v1,2026-09-11 17:00,PGL Masters Bucharest Europe Closed Qualifier,Nuclear TigeRES vs B8,map3_moneyline,B8,3,Sharp,1.694,1,won,0.694,-23.617,,,,selected,2026-09-11 16:11
map3_specials_v1,2026-09-11 20:00,,Imperial vs DENDELE,map3_moneyline,Imperial,3,Sharp,2.05,1,void,0.0,,0.22,specials_hourly,specials_hourly,selected,2026-09-11 09:11
map3_specials_v1,2026-09-11 23:00,,Voca vs antivalue,map3_moneyline,antivalue,3,Sharp,3.45,1,void,0.0,,-3.64,specials_hourly,specials_hourly,selected,2026-09-11 07:11
map3_specials_v1,2026-09-12 02:00,PGL Masters Bucharest North America Closed Qualifier,Liquid vs NRG,map3_moneyline,NRG,3,Sharp,2.27,1,void,0.0,,-1.0,specials_hourly,specials_hourly,selected,2026-09-11 16:11
map3_specials_v1,2026-09-12 08:00,NODWIN Clutch Series Closed Qualifier,ReThink vs Misa,map3_moneyline,ReThink,3,Sharp,2.72,1,void,0.0,,,,,selected,2026-09-12 07:10
map3_specials_v1,2026-09-12 10:00,PGL Masters Bucharest Europe Closed Qualifier,1win vs B8,map3_moneyline,B8,3,Sharp,1.746,1,void,0.0,,-0.52,specials_hourly,specials_hourly,selected,2026-09-12 00:10
map3_specials_v1,2026-09-12 10:30,,Saint Sinners vs mellren,map3_moneyline,mellren,3,Sharp,2.09,1,won,1.09,-22.527,0.93,specials_hourly,specials_hourly,selected,2026-09-12 07:10
map3_specials_v1,2026-09-12 11:00,,Bushido Wildcats vs Misa,map3_moneyline,Misa,3,Sharp,2.75,1,void,0.0,,-3.21,specials_hourly,specials_hourly,selected,2026-09-11 16:11
map3_specials_v1,2026-09-12 11:00,CCT Europe Series,Color vs SPARTA,map3_moneyline,SPARTA,3,Sharp,1.952,1,lost,-1.0,-23.527,-6.64,specials_hourly,specials_hourly,selected,2026-09-11 16:11
map3_specials_v1,2026-09-12 14:00,,HOTU vs 100 Thieves,map3_moneyline,HOTU,3,Sharp,2.03,1,void,0.0,,0.32,specials_hourly,specials_hourly,selected,2026-09-11 21:11
map3_specials_v1,2026-09-12 16:00,PGL Masters Bucharest South America Closed Qualifier,Imperial vs Fluxo,map3_moneyline,Fluxo,3,Sharp,2.31,1,void,0.0,,1.42,specials_hourly,specials_hourly,selected,2026-09-12 08:10
map3_specials_v1,2026-09-12 17:00,CCT Europe Series,Nemiga vs Just Players,map3_moneyline,Nemiga,3,Sharp,1.529,1,void,0.0,,5.35,specials_hourly,specials_hourly,selected,2026-09-11 16:11
map3_specials_v1,2026-09-12 17:00,CCT Europe Series Closed Qualifier,NAVI Junior vs Bushido Wildcats,map3_moneyline,NAVI Junior,3,Sharp,2.57,1,void,0.0,,0.0,specials_hourly,specials_hourly,selected,2026-09-12 07:10
map3_specials_v1,2026-09-12 17:15,,Iberian Soul vs LP,map3_moneyline,LP,3,Sharp,2.92,1,lost,-1.0,-24.527,,,,selected,2026-09-12 17:09
map3_specials_v1,2026-09-12 19:00,,Liquid vs Voca,map3_moneyline,Voca,3,Sharp,3.01,1,lost,-1.0,-25.527,-1.03,specials_hourly,specials_hourly,selected,2026-09-12 08:10
map3_specials_v1,2026-09-13 08:00,,Enjoy vs mellren,map3_moneyline,mellren,3,Sharp,2.04,1,lost,-1.0,-26.527,11.55,specials_hourly,specials_hourly,selected,2026-09-12 17:09
map3_specials_v1,2026-09-13 10:00,Roman Imperium Cup,M80 vs Luminosity,map3_moneyline,M80,3,Sharp,2.06,1,lost,-1.0,-27.527,1.81,specials_hourly,specials_hourly,selected,2026-09-13 07:09
map3_specials_v1,2026-09-13 10:30,,Bebop vs Misa,map3_moneyline,Misa,3,Sharp,1.99,1,void,0.0,,-0.54,specials_hourly,specials_hourly,quarantined,2026-09-13 07:09
map3_specials_v1,2026-09-13 11:00,ESEA Advanced Europe,NAVI Junior vs Falcons Force,map3_moneyline,NAVI Junior,3,Sharp,2.26,1,void,0.0,,7.32,specials_hourly,specials_hourly,selected,2026-09-12 21:09
map3_specials_v1,2026-09-13 11:00,CCT Europe Challengers,Bushido Wildcats vs megoshort,map3_moneyline,megoshort,3,Sharp,2.65,1,void,0.0,,-5.61,specials_hourly,specials_hourly,selected,2026-09-13 00:10
map3_specials_v1,2026-09-13 11:00,CCT Europe Series 8,SINNERS vs Nemiga,map3_moneyline,Nemiga,3,Sharp,1.676,1,void,0.0,,-0.64,specials_hourly,specials_hourly,selected,2026-09-13 01:08
map3_specials_v1,2026-09-13 11:20,CCT Europe Series 8,SINNERS vs Nemiga,map3_moneyline,Nemiga,3,Sharp,1.676,1,void,0.0,,,,,selected,2026-09-13 11:09
map3_specials_v1,2026-09-13 17:00,NODWIN Clutch Series,ex-RUSTEC vs Misa,map3_moneyline,Misa,3,Sharp,2.36,1,lost,-1.0,-28.527,-9.67,specials_hourly,specials_hourly,selected,2026-09-13 00:10
map3_specials_v1,2026-09-14 08:00,,ex-RUSTEC vs Azuolas,map3_moneyline,ex-RUSTEC,3,Sharp,1.833,1,void,0.0,,12.49,specials_hourly,specials_hourly,selected,2026-09-13 18:08
map3_specials_v1,2026-09-14 08:00,Fiesta Series,ENCE vs Falcons Force,map3_moneyline,Falcons Force,3,Sharp,1.862,1,lost,-1.0,-29.527,-2.47,specials_hourly,specials_hourly,selected,2026-09-14 05:08
map3_specials_v1,2026-09-14 08:00,,Bushido Wildcats vs Enjoy,map3_moneyline,Enjoy,3,Sharp,2.37,1,void,0.0,,,,,selected,2026-09-14 06:09
map3_specials_v1,2026-09-14 10:30,European Pro League,Bushido Wildcats vs NAVI Junior,map3_moneyline,NAVI Junior,3,Sharp,2.57,1,won,1.57,-27.957,1.77,specials_hourly,specials_hourly,selected,2026-09-13 18:08
map3_specials_v1,2026-09-14 14:00,,Falcons Force vs NAVI Junior,map3_moneyline,Falcons Force,3,Sharp,1.87,1,lost,-1.0,-28.957,3.54,specials_hourly,specials_hourly,selected,2026-09-14 05:08
map3_specials_v1,2026-09-14 17:00,Fiesta Series,KAMUI vs Fortress,map3_moneyline,KAMUI,3,Sharp,1.87,1,void,0.0,,7.68,specials_hourly,specials_hourly,selected,2026-09-14 05:08
map3_specials_v1,2026-09-14 17:30,ESEA Advanced Europe,OLDBOYS PL vs LPH,map3_moneyline,LPH,3,Sharp,2.43,1,lost,-1.0,-29.957,0.0,specials_hourly,specials_hourly,selected,2026-09-14 06:09
map3_specials_v1,2026-09-15 11:00,NODWIN Clutch Series,Black Phoenix vs Just Players,map3_moneyline,Black Phoenix,3,Sharp,1.87,1,void,0.0,,-3.54,specials_hourly,specials_hourly,selected,2026-09-15 00:10
map3_specials_v1,2026-09-16 08:00,,Black Phoenix vs ENCE,map3_moneyline,Black Phoenix,3,Sharp,1.952,1,void,0.0,,-2.61,specials_hourly,specials_hourly,selected,2026-09-15 06:09
map3_specials_v1,2026-09-16 08:00,,SPARTA vs BAKS,map3_moneyline,BAKS,3,Sharp,2.11,1,lost,-1.0,-30.957,1.36,specials_hourly,specials_hourly,selected,2026-09-16 02:08
map3_specials_v1,2026-09-16 11:00,,Just Players vs NAVI Junior,map3_moneyline,NAVI Junior,3,Sharp,2.35,1,won,1.35,-29.607,0.32,specials_hourly,specials_hourly,selected,2026-09-15 06:09
map3_specials_v1,2026-09-16 13:00,Circuit X Curitiba,ALKA vs Turma do Pagode,map3_moneyline,ALKA,3,Sharp,2.62,1,lost,-1.0,-30.607,-1.58,specials_hourly,specials_hourly,selected,2026-09-16 03:08
map3_specials_v1,2026-09-16 17:00,,UPGRADE vs PCIFIC,map3_moneyline,PCIFIC,3,Sharp,2.45,1,void,0.0,,0.67,specials_hourly,specials_hourly,quarantined,2026-09-14 18:07
map3_specials_v1,2026-09-16 20:00,Circuit X Curitiba,Bounty Hunters vs Yawara,map3_moneyline,Yawara,3,Sharp,2.65,1,void,0.0,,4.93,specials_hourly,specials_hourly,selected,2026-09-16 03:08
map3_specials_v1,2026-09-16 20:30,Circuit X Curitiba,Bounty Hunters vs Yawara,map3_moneyline,Yawara,3,Sharp,2.35,1,void,0.0,,,,,selected,2026-09-16 20:10
map3_specials_v1,2026-09-17 08:00,NODWIN Clutch Series 12,BRUTE vs QUAZAR,map3_moneyline,QUAZAR,3,Sharp,1.826,1,void,0.0,,0.6,specials_hourly,specials_hourly,selected,2026-09-17 03:09
map3_specials_v1,2026-09-17 10:00,StarLadder StarSeries Fall,MOUZ vs NRG,map3_moneyline,NRG,3,Sharp,3.89,1,won,2.89,-27.717,0.36,specials_hourly,specials_hourly,selected,2026-09-14 10:07
map3_specials_v1,2026-09-17 14:00,NODWIN Clutch Series 12,Black Phoenix vs ex-RUSTEC,map3_moneyline,ex-RUSTEC,3,Sharp,1.833,1,lost,-1.0,-28.717,2.45,specials_hourly,specials_hourly,selected,2026-09-17 06:11
map3_specials_v1,2026-09-17 17:00,CCT Europe Series 9,Nexus vs Spirit Academy,map3_moneyline,Spirit Academy,3,Sharp,2.14,1,void,0.0,,-0.38,specials_hourly,specials_hourly,selected,2026-09-17 07:11
map3_specials_v1,2026-09-18 08:00,Circuito Retake,SAW Youngsters vs REVENIX,map3_moneyline,REVENIX,3,Sharp,3.1,1,void,0.0,,0.58,specials_hourly,specials_hourly,quarantined,2026-09-18 00:15
map3_specials_v1,2026-09-18 10:30,European Pro League,ex-RUSTEC vs NAVI Junior,map3_moneyline,NAVI Junior,3,Sharp,2.4,1,lost,-1.0,-29.717,-0.72,specials_hourly,specials_hourly,selected,2026-09-18 00:15
map3_specials_v1,2026-09-18 11:00,CCT Europe Series,Black Phoenix vs Lavked,map3_moneyline,Lavked,3,Sharp,2.11,1,void,0.0,,1.43,specials_hourly,specials_hourly,selected,2026-09-18 01:11
map3_specials_v1,2026-09-18 14:00,CCT Europe Series,QUAZAR vs NAVI Junior,map3_moneyline,NAVI Junior,3,Sharp,2.43,1,void,0.0,,-4.94,specials_hourly,specials_hourly,selected,2026-09-18 00:15
map3_specials_v1,2026-09-18 17:00,NODWIN Clutch Series,Color vs SPARTA,map3_moneyline,SPARTA,3,Sharp,2.29,1,void,0.0,,-1.27,specials_hourly,specials_hourly,selected,2026-09-18 00:15
map3_specials_v1,2026-09-18 21:00,,ShindeN vs Turma do Pagode,map3_moneyline,Turma do Pagode,3,Sharp,2.3,1,lost,-1.0,-30.717,-5.13,specials_hourly,specials_hourly,selected,2026-09-18 11:11
map3_specials_v1,2026-09-18 21:20,Circuito Retake,SAW Youngsters vs REVENIX,map3_moneyline,REVENIX,3,Sharp,3.45,1,void,0.0,,,,,quarantined,2026-09-18 21:12
map3_specials_v1,2026-09-19 00:00,,Imperial vs BESTIA,map3_moneyline,BESTIA,3,Sharp,2.72,1,won,1.72,-28.997,2.86,specials_hourly,specials_hourly,selected,2026-09-18 14:10
map3_specials_v1,2026-09-19 11:00,Logitech G Connect,Luminosity vs BBL,map3_moneyline,BBL,3,Sharp,2.47,1,void,0.0,,1.32,specials_hourly,specials_hourly,selected,2026-09-19 00:10
map3_specials_v1,2026-09-19 12:00,Circuito Retake,LP vs SAW Youngsters,map3_moneyline,SAW Youngsters,3,Sharp,3.0,1,won,2.0,-26.997,-0.56,specials_hourly,specials_hourly,selected,2026-09-19 07:10
map3_specials_v1,2026-09-19 12:30,Circuito Retake,LP vs SAW Youngsters,map3_moneyline,SAW Youngsters,3,Sharp,3.28,1,won,2.28,-24.717,,,,selected,2026-09-19 12:09
map3_specials_v1,2026-09-19 15:00,Circuito Retake,Eternal Fire vs Nice Try,map3_moneyline,Nice Try,3,Sharp,3.96,1,void,0.0,,2.03,specials_hourly,specials_hourly,quarantined,2026-09-19 07:10
map3_specials_v1,2026-09-19 15:30,Circuito Retake,Eternal Fire vs Nice Try,map3_moneyline,Nice Try,3,Sharp,3.68,1,void,0.0,,,,,quarantined,2026-09-19 15:09
map3_specials_v1,2026-09-19 16:15,Circuito Retake,Eternal Fire vs Nice Try,map3_moneyline,Nice Try,3,Sharp,3.98,1,void,0.0,,,,,quarantined,2026-09-19 16:09
map3_specials_v1,2026-09-19 17:00,CCT Europe Series 9,Just Players vs Spirit Academy,map3_moneyline,Spirit Academy,3,Sharp,2.07,1,void,0.0,,,,,selected,2026-09-19 16:09
map3_specials_v1,2026-09-19 18:00,Circuito Retake,GenOne vs BERG,map3_moneyline,BERG,3,Sharp,3.68,1,void,0.0,,-5.16,specials_hourly,specials_hourly,selected,2026-09-19 07:10
map3_specials_v1,2026-09-19 20:00,Circuito Retake,GenOne vs BERG,map3_moneyline,BERG,3,Sharp,4.59,1,void,0.0,,,,,selected,2026-09-19 19:08
map3_specials_v1,2026-09-20 11:00,,Color vs UPGRADE,map3_moneyline,UPGRADE,3,Sharp,2.34,1,void,0.0,,-0.72,specials_hourly,specials_hourly,selected,2026-09-19 03:09
map3_specials_v1,2026-09-20 12:00,Circuito Retake,Eternal Fire vs GenOne,map3_moneyline,GenOne,3,Sharp,2.6,1,void,0.0,,0.46,specials_hourly,specials_hourly,selected,2026-09-20 07:10
map3_specials_v1,2026-09-20 15:00,,Aurora vs Vitality,map3_moneyline,Aurora,5,Sharp,2.59,1,lost,-1.0,-25.717,,,,selected,2026-09-20 14:09
map3_specials_v1,2026-09-20 17:00,NODWIN Clutch Series,INOX Division vs SPARTA,map3_moneyline,SPARTA,3,Sharp,2.02,1,void,0.0,,-5.85,specials_hourly,specials_hourly,selected,2026-09-20 07:10
map3_specials_v1,2026-09-20 21:00,Circuit X Curitiba,Bounty Hunters vs BESTIA,map3_moneyline,Bounty Hunters,3,Sharp,2.14,1,void,0.0,,1.58,specials_hourly,specials_hourly,selected,2026-09-20 06:09
map3_specials_v1,2026-09-21 08:00,NODWIN Clutch Series,BRUTE vs SPARTA,map3_moneyline,BRUTE,3,Sharp,2.17,1,void,0.0,,3.61,specials_hourly,specials_hourly,selected,2026-09-21 01:08
map3_specials_v1,2026-09-21 14:00,Fiesta Series,INOX Division vs ex-Zero Tenacity,map3_moneyline,ex-Zero Tenacity,3,Sharp,1.943,1,void,0.0,,-4.93,specials_hourly,specials_hourly,selected,2026-09-21 06:10
map3_specials_v1,2026-09-21 17:00,Fiesta Series,WW vs Phantom Academy,map3_moneyline,Phantom Academy,3,Sharp,2.57,1,void,0.0,,3.72,specials_hourly,specials_hourly,selected,2026-09-20 19:08
map3_specials_v1,2026-09-21 17:00,CCT Europe Series 9,Lavked vs NAVI Junior,map3_moneyline,NAVI Junior,3,Sharp,2.01,1,void,0.0,,-1.26,specials_hourly,specials_hourly,selected,2026-09-21 06:10
map3_specials_v1,2026-09-22 08:00,,Saint Sinners vs KUUSAMO,map3_moneyline,KUUSAMO,3,Sharp,2.97,1,void,0.0,,-0.52,specials_hourly,specials_hourly,selected,2026-09-21 06:10
map3_specials_v1,2026-09-22 10:00,Pulse Beat,Virtus.pro vs BBL,map3_moneyline,Virtus.pro,3,Sharp,1.806,1,void,0.0,,5.74,specials_hourly,specials_hourly,selected,2026-09-21 22:08
map3_specials_v1,2026-09-22 13:00,Logitech G Connect,B8 vs Luminosity,map3_moneyline,B8,3,Sharp,1.775,1,void,0.0,,1.04,specials_hourly,specials_hourly,selected,2026-09-21 20:07
map3_specials_v1,2026-09-22 13:00,,Fortress vs LPH,map3_moneyline,Fortress,3,Sharp,3.32,1,void,0.0,,-2.07,specials_hourly,specials_hourly,selected,2026-09-21 22:08
map3_specials_v1,2026-09-22 13:00,,mellren vs KUUSAMO,map3_moneyline,KUUSAMO,3,Sharp,3.14,1,void,0.0,,1.98,specials_hourly,specials_hourly,selected,2026-09-22 00:11
map3_specials_v1,2026-09-22 16:00,CCT South America,BORRACHEIROS vs DAMAJUANA,map3_moneyline,DAMAJUANA,3,Sharp,4.13,1,void,0.0,,-0.29,specials_hourly,specials_hourly,quarantined,2026-09-22 00:11
map3_specials_v1,2026-09-22 17:00,,UPGRADE vs Just Players,map3_moneyline,Just Players,3,Sharp,2.14,1,lost,-1.0,-26.717,4.94,specials_hourly,specials_hourly,selected,2026-09-22 01:07
map3_specials_v1,2026-09-22 21:00,ESL Challenger League South America,Grêmio vs Keyd Stars,map3_moneyline,Grêmio,3,Sharp,2.85,1,void,0.0,,-2.92,specials_hourly,specials_hourly,selected,2026-09-21 19:07
map3_specials_v1,2026-09-22 21:00,ESL Challenger League South America,Procyon vs ALKA,map3_moneyline,Procyon,3,Sharp,2.3,1,won,1.3,-25.417,2.47,specials_hourly,specials_hourly,selected,2026-09-21 19:07
map3_specials_v1,2026-09-22 21:00,ESL Challenger League South America,Isurus vs METANOIA Wolves,map3_moneyline,METANOIA Wolves,3,Sharp,3.44,1,won,2.44,-22.977,1.31,specials_hourly,specials_hourly,selected,2026-09-21 19:07
map3_specials_v1,2026-09-22 21:00,ESL Challenger League South America,DAMAJUANA vs Bounty Hunters,map3_moneyline,DAMAJUANA,3,Sharp,4.48,1,void,0.0,,-3.15,specials_hourly,specials_hourly,selected,2026-09-22 05:08
map3_specials_v1,2026-09-22 22:00,,BESTIA Academy vs Zetta,map3_moneyline,Zetta,3,Sharp,5.27,1,void,0.0,,-3.1,specials_hourly,specials_hourly,quarantined,2026-09-22 15:10
map3_specials_v1,2026-09-23 10:00,Pulse Beat,100 Thieves vs EAC,map3_moneyline,EAC,3,Sharp,3.06,1,void,0.0,,1.5,specials_hourly,specials_hourly,selected,2026-09-20 10:09
map3_specials_v1,2026-09-23 13:00,FERJEE In House,paiN vs Turma do Pagode,map3_moneyline,Turma do Pagode,3,Sharp,2.77,1,void,0.0,,11.08,specials_hourly,specials_hourly,selected,2026-09-21 06:10
map3_specials_v1,2026-09-23 13:00,CCT South America,ALKA vs Grêmio,map3_moneyline,Grêmio,3,Sharp,2.39,1,lost,-1.0,-23.977,0.87,specials_hourly,specials_hourly,selected,2026-09-22 16:12
map3_specials_v1,2026-09-23 16:00,Logitech G Connect,Luminosity vs 3DMAX,map3_moneyline,3DMAX,5,Sharp,2.19,1,lost,-1.0,-24.977,0.07,specials_hourly,specials_hourly,selected,2026-09-23 07:12
map3_specials_v1,2026-09-23 21:00,ESL Challenger League South America,METANOIA Wolves vs Keyd Stars,map3_moneyline,METANOIA Wolves,3,Sharp,3.49,1,won,2.49,-22.487,0.0,specials_hourly,specials_hourly,selected,2026-09-23 08:11
map3_specials_v1,2026-09-24 01:00,ESL Challenger League North America,Wanted Goons vs FlyQuest RED,map3_moneyline,FlyQuest RED,3,Sharp,3.67,1,void,0.0,,,,,quarantined,2026-09-24 00:10
map3_specials_v1,2026-09-24 08:00,CCT Europe Series 9,Nemiga vs Just Players,map3_moneyline,Just Players,3,Sharp,4.18,1,void,0.0,,2.55,specials_hourly,specials_hourly,selected,2026-09-24 03:09
map3_specials_v1,2026-09-24 09:00,Stake Ranked Qualifier,Rune Eaters vs Nemesis,map3_moneyline,Rune Eaters,3,Sharp,3.15,1,void,0.0,,-2.13,specials_hourly,specials_hourly,selected,2026-09-23 06:10
map3_specials_v1,2026-09-24 11:00,CCT Europe Series 10,Spirit Academy vs Phantom Academy,map3_moneyline,Phantom Academy,3,Sharp,2.36,1,void,0.0,,1.57,specials_hourly,specials_hourly,selected,2026-09-21 11:07
map3_specials_v1,2026-09-24 11:00,CCT Europe Series 9,Iberian Soul vs NAVI Junior,map3_moneyline,NAVI Junior,3,Sharp,2.79,1,void,0.0,,0.0,specials_hourly,specials_hourly,selected,2026-09-24 07:11
map3_specials_v1,2026-09-24 12:00,Stake Ranked Qualifier,fnatic vs Just Players,map3_moneyline,Just Players,3,Sharp,3.42,1,void,0.0,,1.28,specials_hourly,specials_hourly,selected,2026-09-23 06:10
map3_specials_v1,2026-09-24 13:00,FERJEE In House,Imperial vs Galorys,map3_moneyline,Galorys,3,Sharp,2.58,1,void,0.0,,3.41,specials_hourly,specials_hourly,selected,2026-09-24 06:12
map3_specials_v1,2026-09-24 13:00,,WBT Academy vs Ryvex,map3_moneyline,Ryvex,3,Sharp,2.82,1,void,0.0,,0.78,specials_hourly,specials_hourly,selected,2026-09-24 06:12
map3_specials_v1,2026-09-24 14:00,CCT Europe Series 10,ex-Zero Tenacity vs BIG Academy,map3_moneyline,BIG Academy,3,Sharp,2.4,1,void,0.0,,1.5,specials_hourly,specials_hourly,selected,2026-09-21 14:08
map3_specials_v1,2026-09-24 16:30,FERJEE In House,Turma do Pagode vs Keyd Stars,map3_moneyline,Turma do Pagode,3,Sharp,1.826,1,lost,-1.0,-23.487,3.51,specials_hourly,specials_hourly,selected,2026-09-24 03:09
map3_specials_v1,2026-09-24 16:30,FERJEE In House,Juventus vs Yawara,map3_moneyline,Juventus,3,Sharp,2.14,1,void,0.0,,-2.57,specials_hourly,specials_hourly,selected,2026-09-24 03:09
map3_specials_v1,2026-09-24 19:00,CCT South America,Grêmio vs your end,map3_moneyline,your end,3,Sharp,2.16,1,void,0.0,,-0.44,specials_hourly,specials_hourly,selected,2026-09-24 06:12
