strategy,match_time_utc,event,match,market,pick,best_of,book,odds,stake,result,pl,cum_pl,clv_pp,clv_ref,close_quality,status,flagged_at_utc
map1_specials_v1,2026-07-18 08:00,European Pro League,Eternal Fire vs BRUTE,map1_moneyline,BRUTE,3,Sharp,2.57,1,lost,-1.0,-1.0,,,,selected,2026-07-18 03:54
map1_specials_v1,2026-07-19 22:00,CCT South America,Patins da Ferrari vs ODDIK,map1_moneyline,ODDIK,3,Sharp,1.833,1,lost,-1.0,-2.0,,,,selected,2026-07-19 06:04
map1_specials_v1,2026-07-20 14:00,CCT Europe Series Closed Qualifier,SAW Youngsters vs Misa,map1_moneyline,SAW Youngsters,3,Sharp,2.05,1,won,1.05,-0.95,,,,selected,2026-07-20 04:04
map1_specials_v1,2026-07-21 10:00,BLAST Bounty Qualifier,M80 vs Ninjas in Pyjamas,map1_moneyline,M80,3,Sharp,1.943,1,lost,-1.0,-1.95,,,,selected,2026-07-21 00:03
map1_specials_v1,2026-07-21 13:00,StarLadder StarSeries Fall Europe Qualifier,HOTU vs HEROIC,map1_moneyline,HOTU,3,Sharp,2.64,1,lost,-1.0,-2.95,,,,selected,2026-07-20 04:04
map1_specials_v1,2026-07-21 13:00,StarLadder StarSeries Fall Europe Qualifier,3DMAX vs Gentle Mates,map1_moneyline,Gentle Mates,3,Sharp,2.22,1,lost,-1.0,-3.95,,,,selected,2026-07-20 04:04
map1_specials_v1,2026-07-21 15:00,BLAST Bounty Qualifier,Nuclear TigeRES vs MOUZ,map1_moneyline,Nuclear TigeRES,3,Sharp,3.33,1,lost,-1.0,-4.95,,,,selected,2026-07-20 07:04
map1_specials_v1,2026-07-21 15:30,BLAST Bounty Qualifier,Nuclear TigeRES vs MOUZ,map1_moneyline,Nuclear TigeRES,3,Sharp,3.21,1,lost,-1.0,-5.95,,,,selected,2026-07-21 15:05
map1_specials_v1,2026-07-21 16:00,StarLadder StarSeries Fall Europe Qualifier,Astralis vs FOKUS,map1_moneyline,FOKUS,3,Sharp,3.01,1,won,2.01,-3.94,,,,selected,2026-07-20 04:04
map1_specials_v1,2026-07-21 17:00,CCT Europe Series Closed Qualifier,Fortress vs SAW Youngsters,map1_moneyline,Fortress,3,Sharp,2.68,1,lost,-1.0,-4.94,,,,selected,2026-07-21 04:04
map1_specials_v1,2026-07-22 08:00,European Pro League,Just Players vs 1win,map1_moneyline,Just Players,3,Sharp,2.59,1,won,1.59,-3.35,,,,selected,2026-07-22 01:04
map1_specials_v1,2026-07-22 10:30,European Pro League,Eternal Fire vs CYBERSHOKE,map1_moneyline,CYBERSHOKE,3,Sharp,2.0,1,lost,-1.0,-4.35,,,,selected,2026-07-22 06:04
map1_specials_v1,2026-07-22 11:00,CCT Europe Series,SPARTA vs SAW Youngsters,map1_moneyline,SAW Youngsters,3,Sharp,2.7,1,lost,-1.0,,,,,quarantined,2026-07-21 21:04
map1_specials_v1,2026-07-22 11:00,,Enjoy vs Fortress,map1_moneyline,Fortress,3,Sharp,4.38,1,won,3.38,,,,,quarantined,2026-07-22 02:05
map1_specials_v1,2026-07-22 12:30,BLAST Bounty Qualifier,Nemiga vs G2,map1_moneyline,Nemiga,3,Sharp,3.74,1,won,2.74,-1.61,,,,selected,2026-07-21 08:05
map1_specials_v1,2026-07-22 13:00,StarLadder StarSeries Fall Europe Qualifier,Ninjas in Pyjamas vs 100 Thieves,map1_moneyline,Ninjas in Pyjamas,3,Sharp,1.82,1,lost,-1.0,-2.61,,,,selected,2026-07-21 21:04
map1_specials_v1,2026-07-22 15:00,BLAST Bounty Qualifier,HOTU vs GamerLegion,map1_moneyline,HOTU,3,Sharp,2.28,1,won,1.28,-1.33,,,,selected,2026-07-21 08:05
map1_specials_v1,2026-07-22 16:00,,Nuclear TigeRES vs Echo,map1_moneyline,Echo,3,Sharp,2.22,1,won,1.22,-0.11,,,,selected,2026-07-21 21:04
map1_specials_v1,2026-07-22 17:00,,QUAZAR vs SAW Youngsters,map1_moneyline,SAW Youngsters,3,Sharp,2.68,1,lost,-1.0,,,,,quarantined,2026-07-22 03:04
map1_specials_v1,2026-07-22 19:00,CCT South America,Procyon vs MAGICOS,map1_moneyline,MAGICOS,3,Sharp,2.64,1,lost,-1.0,-1.11,,,,selected,2026-07-22 18:04
map1_specials_v1,2026-07-22 19:10,CCT South America,Procyon vs MAGICOS,map1_moneyline,MAGICOS,3,Sharp,2.64,1,lost,-1.0,-2.11,,,,selected,2026-07-22 19:03
map1_specials_v1,2026-07-23 08:00,European Pro League,Just Players vs CYBERSHOKE,map1_moneyline,Just Players,3,Sharp,2.59,1,lost,-1.0,-3.11,,,,selected,2026-07-23 02:07
map1_specials_v1,2026-07-23 10:00,BLAST Bounty Qualifier,Aurora vs FOKUS,map1_moneyline,Aurora,3,Sharp,1.413,1,lost,-1.0,-4.11,,,,selected,2026-07-22 19:03
map1_specials_v1,2026-07-23 11:00,,NEW VISION vs benched gods,map1_moneyline,benched gods,3,Sharp,1.82,1,lost,-1.0,,,,,quarantined,2026-07-23 02:07
map1_specials_v1,2026-07-23 13:00,,Ninjas in Pyjamas vs Echo,map1_moneyline,Echo,3,Sharp,2.5,1,lost,-1.0,-5.11,,,,selected,2026-07-23 02:07
map1_specials_v1,2026-07-23 13:00,StarLadder StarSeries Fall Europe Qualifier,100 Thieves vs Nuclear TigeRES,map1_moneyline,Nuclear TigeRES,3,Sharp,2.44,1,won,1.44,-3.67,,,,selected,2026-07-23 02:07
map1_specials_v1,2026-07-23 14:00,,megoshort vs Privateer,map1_moneyline,Privateer,3,Sharp,1.719,1,won,0.719,-2.951,,,,selected,2026-07-23 03:04
map1_specials_v1,2026-07-23 16:00,StarLadder StarSeries Fall Europe Qualifier,HEROIC vs FOKUS,map1_moneyline,FOKUS,3,Sharp,2.5,1,lost,-1.0,-3.951,,,,selected,2026-07-21 22:03
map1_specials_v1,2026-07-23 16:00,,Fluxo vs paiN Academy,map1_moneyline,paiN Academy,3,Sharp,4.69,1,lost,-1.0,,,,,quarantined,2026-07-23 02:07
map1_specials_v1,2026-07-23 17:00,CCT Europe Series Closed Qualifier,Misa vs Rounds,map1_moneyline,Rounds,3,Sharp,2.9,1,lost,-1.0,-4.951,,,,selected,2026-07-23 02:07
map1_specials_v1,2026-07-23 19:00,,Imperial vs BESTIA Academy,map1_moneyline,BESTIA Academy,3,Sharp,5.32,1,lost,-1.0,,,,,quarantined,2026-07-23 02:07
map1_specials_v1,2026-07-24 09:00,BLAST Bounty Qualifier,Magic vs 3DMAX,map1_moneyline,Magic,3,Sharp,1.741,1,won,0.741,-4.21,,,,selected,2026-07-24 06:06
map1_specials_v1,2026-07-24 11:00,,megoshort vs Rounds,map1_moneyline,Rounds,3,Sharp,1.98,1,lost,-1.0,-5.21,,,,selected,2026-07-24 05:05
map1_specials_v1,2026-07-24 11:30,BLAST Bounty Qualifier,HEROIC vs The MongolZ,map1_moneyline,The MongolZ,3,Sharp,2.27,1,lost,-1.0,,,,,quarantined,2026-07-24 00:04
map1_specials_v1,2026-07-24 12:15,BLAST Bounty Qualifier,HEROIC vs The MongolZ,map1_moneyline,The MongolZ,3,Sharp,2.29,1,lost,-1.0,,,,,quarantined,2026-07-24 12:06
map1_specials_v1,2026-07-24 13:00,,Nuclear TigeRES vs Echo,map1_moneyline,Echo,3,Sharp,1.98,1,won,0.98,-4.23,,,,selected,2026-07-24 01:04
map1_specials_v1,2026-07-24 14:00,BLAST Bounty Qualifier,Liquid vs Vitality,map1_moneyline,Vitality,3,Sharp,1.298,1,lost,-1.0,-5.23,,,,selected,2026-07-24 07:05
map1_specials_v1,2026-07-24 16:00,,Bounty Hunters vs ODDIK,map1_moneyline,ODDIK,3,Sharp,2.27,1,won,1.27,,,,,quarantined,2026-07-23 19:05
map1_specials_v1,2026-07-24 17:00,,Privateer vs Misa,map1_moneyline,Privateer,3,Sharp,2.23,1,lost,-1.0,-6.23,,,,selected,2026-07-24 07:05
map1_specials_v1,2026-07-24 19:00,CCT South America,Keyd Stars vs ALKA,map1_moneyline,ALKA,3,Sharp,2.11,1,lost,-1.0,-7.23,,,,selected,2026-07-24 00:04
map1_specials_v1,2026-07-24 22:00,,LP vs MAGICOS,map1_moneyline,MAGICOS,3,Sharp,5.32,1,lost,-1.0,-8.23,,,,selected,2026-07-23 02:07
map1_specials_v1,2026-07-25 11:00,CCT Europe Series 6,Enjoy vs SAW Youngsters,map1_moneyline,SAW Youngsters,3,Sharp,2.14,1,lost,-1.0,-9.23,,,,selected,2026-07-25 02:04
map1_specials_v1,2026-07-25 12:30,BLAST Bounty Closed Qualifier,Liquid vs G2,map1_moneyline,G2,3,Sharp,1.769,1,lost,-1.0,-10.23,,,,selected,2026-07-25 04:06
map1_specials_v1,2026-07-25 13:00,,Aurora vs Echo,map1_moneyline,Echo,3,Sharp,2.87,1,lost,-1.0,-11.23,,,,selected,2026-07-25 07:05
map1_specials_v1,2026-07-25 13:00,,BORRACHEIROS vs ODDIK,map1_moneyline,BORRACHEIROS,3,Sharp,3.14,1,lost,-1.0,-12.23,,,,selected,2026-07-25 08:04
map1_specials_v1,2026-07-25 14:00,CCT Europe Series 6,Enjoy vs SAW Youngsters,map1_moneyline,SAW Youngsters,3,Sharp,2.14,1,lost,-1.0,-13.23,,,,selected,2026-07-25 02:04
map1_specials_v1,2026-07-25 14:00,CCT Europe Series 5,Black Phoenix vs Just Players,map1_moneyline,Black Phoenix,3,Sharp,2.15,1,lost,-1.0,-14.23,,,,selected,2026-07-25 04:06
map1_specials_v1,2026-07-25 15:00,BLAST Bounty Closed Qualifier,HOTU vs Astralis,map1_moneyline,HOTU,3,Sharp,2.01,1,lost,-1.0,-15.23,,,,selected,2026-07-25 04:06
map1_specials_v1,2026-07-25 16:00,StarLadder StarSeries Fall Europe Closed Qualifier,Ninjas in Pyjamas vs HEROIC,map1_moneyline,Ninjas in Pyjamas,3,Sharp,2.0,1,lost,-1.0,-16.23,,,,selected,2026-07-25 04:06
map1_specials_v1,2026-07-25 16:00,,BESTIA Academy vs Isurus,map1_moneyline,BESTIA Academy,3,Sharp,2.29,1,lost,-1.0,-17.23,,,,selected,2026-07-25 05:05
map1_specials_v1,2026-07-25 16:00,,ODDIK vs BORRACHEIROS,map1_moneyline,BORRACHEIROS,3,Sharp,3.14,1,lost,-1.0,-18.23,,,,selected,2026-07-25 05:05
map1_specials_v1,2026-07-25 17:00,,ex-RUSTEC vs Rune Eaters,map1_moneyline,Rune Eaters,3,Sharp,1.813,1,won,0.813,-17.417,,,,selected,2026-07-25 03:05
map1_specials_v1,2026-07-25 19:00,CCT South America,Fluxo vs Keyd Stars,map1_moneyline,Keyd Stars,3,Sharp,2.86,1,lost,-1.0,-18.417,,,,selected,2026-07-25 05:05
map1_specials_v1,2026-07-25 22:00,CCT South America,BESTIA Academy vs Isurus,map1_moneyline,BESTIA Academy,3,Sharp,2.29,1,lost,-1.0,-19.417,,,,selected,2026-07-25 05:05
map1_specials_v1,2026-07-26 14:00,,QUAZAR vs NEW VISION,map1_moneyline,NEW VISION,3,Sharp,3.13,1,won,2.13,-17.287,,,,selected,2026-07-26 04:04
map1_specials_v1,2026-07-26 15:00,CCT South America,LP vs ODDIK,map1_moneyline,ODDIK,3,Sharp,2.54,1,lost,-1.0,-18.287,,,,selected,2026-07-26 08:05
map1_specials_v1,2026-07-26 18:00,,Fluxo vs Isurus,map1_moneyline,Isurus,3,Sharp,2.88,1,lost,-1.0,-19.287,,,,selected,2026-07-26 04:04
map1_specials_v1,2026-07-27 14:00,TP World Championship Europe,Black Phoenix vs Misa,map1_moneyline,Misa,3,Sharp,2.5,1,lost,-1.0,,,,,quarantined,2026-07-26 20:03
map1_specials_v1,2026-07-27 14:00,CCT Europe Series,ex-RUSTEC vs Inner Circle Academy,map1_moneyline,Inner Circle Academy,3,Sharp,2.23,1,won,1.23,-18.057,,,,selected,2026-07-27 03:05
map1_specials_v1,2026-07-27 15:30,Urban Riga Open,BRUTE vs NAVI Junior,map1_moneyline,NAVI Junior,1,Sharp,2.7,1,lost,-1.0,-19.057,,,,selected,2026-07-26 05:04
map1_specials_v1,2026-07-27 16:30,Urban Riga Open,BRUTE vs MOUZ NXT,map1_moneyline,MOUZ NXT,1,Sharp,2.35,1,lost,-1.0,-20.057,,,,selected,2026-07-26 06:06
map1_specials_v1,2026-07-27 17:00,TP World Championship Europe,Bebop vs Falcons Force,map1_moneyline,Falcons Force,3,Sharp,2.28,1,lost,-1.0,-21.057,,,,selected,2026-07-27 05:05
map1_specials_v1,2026-07-27 17:00,NODWIN Clutch Series,Just Players vs Inner Circle Academy,map1_moneyline,Inner Circle Academy,3,Sharp,2.42,1,lost,-1.0,,,,,quarantined,2026-07-27 13:05
map1_specials_v1,2026-07-27 17:30,Urban Riga Open,NAVI Junior vs MOUZ NXT,map1_moneyline,NAVI Junior,1,Sharp,2.4,1,won,1.4,-19.657,,,,selected,2026-07-26 05:04
map1_specials_v1,2026-07-28 08:00,CCT Europe Series 6,Black Phoenix vs Enjoy,map1_moneyline,Enjoy,3,Sharp,2.0,1,lost,-1.0,-20.657,,,,selected,2026-07-27 22:05
map1_specials_v1,2026-07-28 10:00,Urban Riga Open,ASTRAL vs NAVI Junior,map1_moneyline,NAVI Junior,3,Sharp,2.34,1,lost,-1.0,-21.657,,,,selected,2026-07-28 09:07
map1_specials_v1,2026-07-28 14:00,CCT Europe Series 6,GenOne vs NEW VISION,map1_moneyline,NEW VISION,3,Sharp,3.5,1,won,2.5,-19.157,,,,selected,2026-07-27 22:05
map1_specials_v1,2026-07-28 15:00,StarLadder StarSeries Fall SA Closed Qualifier,MIBR vs Fluxo,map1_moneyline,Fluxo,3,Sharp,2.7,1,lost,-1.0,-20.157,,,,selected,2026-07-27 04:05
map1_specials_v1,2026-07-28 18:00,StarLadder StarSeries Fall SA Closed Qualifier,Bounty Hunters vs LP,map1_moneyline,LP,3,Sharp,1.885,1,lost,-1.0,-21.157,,,,selected,2026-07-27 04:05
map1_specials_v1,2026-07-28 21:00,StarLadder StarSeries Fall SA Closed Qualifier,Imperial vs BESTIA,map1_moneyline,BESTIA,3,Sharp,2.24,1,lost,-1.0,-22.157,,,,selected,2026-07-27 04:05
map1_specials_v1,2026-07-29 01:00,,regain vs Voca,map1_moneyline,regain,3,Sharp,2.81,1,lost,-1.0,-23.157,,,,selected,2026-07-27 04:05
map1_specials_v1,2026-07-29 14:00,CCT Europe Series 6,ex-RUSTEC vs ex-Young Ninjas,map1_moneyline,ex-Young Ninjas,3,Sharp,2.41,1,won,1.41,-21.747,,,,selected,2026-07-29 06:06
map1_specials_v1,2026-07-29 15:00,StarLadder StarSeries Fall SA Closed Qualifier,ShindeN vs Galorys,map1_moneyline,Galorys,3,Sharp,2.18,1,lost,-1.0,-22.747,,,,selected,2026-07-28 05:07
map1_specials_v1,2026-07-29 17:00,TP World Championship Europe,Bebop vs Misa,map1_moneyline,Misa,3,Sharp,2.5,1,lost,-1.0,-23.747,,,,selected,2026-07-29 02:04
map1_specials_v1,2026-07-29 18:00,StarLadder StarSeries Fall SA Closed Qualifier,MIBR vs LP,map1_moneyline,LP,3,Sharp,2.95,1,won,1.95,-21.797,,,,selected,2026-07-29 03:05
map1_specials_v1,2026-07-29 22:00,StarLadder StarSeries Fall NA Closed Qualifier,NRG vs Marsborne,map1_moneyline,Marsborne,3,Sharp,2.63,1,won,1.63,-20.167,,,,selected,2026-07-29 08:04
map1_specials_v1,2026-07-30 08:00,Elisa Esports BreakOut,KUUSAMO vs SINQU,map1_moneyline,SINQU,1,Sharp,2.08,1,won,1.08,-19.087,,,,selected,2026-07-29 08:04
map1_specials_v1,2026-07-30 10:00,Elisa Esports BreakOut,ENCE vs BOJONG,map1_moneyline,BOJONG,1,Sharp,3.1,1,lost,-1.0,,,,,quarantined,2026-07-29 08:04
map1_specials_v1,2026-07-30 12:00,Elisa Esports BreakOut,KUUSAMO vs BOJONG,map1_moneyline,BOJONG,1,Sharp,2.24,1,lost,-1.0,-20.087,,,,selected,2026-07-29 08:04
map1_specials_v1,2026-07-30 14:00,Elisa Esports BreakOut,ENCE vs SINQU,map1_moneyline,SINQU,1,Sharp,3.24,1,lost,-1.0,,,,,quarantined,2026-07-29 08:04
map1_specials_v1,2026-07-30 14:00,CCT Europe Series 6,SPARTA vs NEW VISION,map1_moneyline,NEW VISION,3,Sharp,2.98,1,lost,-1.0,-21.087,,,,selected,2026-07-30 03:06
map1_specials_v1,2026-07-30 17:00,CCT Europe Series 6,Just Players vs Inner Circle Academy,map1_moneyline,Inner Circle Academy,3,Sharp,2.24,1,lost,-1.0,-22.087,,,,selected,2026-07-30 00:07
map1_specials_v1,2026-07-30 18:00,Elisa Esports BreakOut,ENCE vs KUUSAMO,map1_moneyline,KUUSAMO,1,Sharp,2.76,1,lost,-1.0,-23.087,,,,selected,2026-07-29 08:04
map1_specials_v1,2026-07-30 18:00,StarLadder StarSeries Fall SA Closed Qualifier,ShindeN vs Imperial,map1_moneyline,ShindeN,3,Sharp,2.5,1,won,1.5,-21.587,,,,selected,2026-07-30 05:06
map1_specials_v1,2026-07-30 18:15,,Young TigeRES vs Banda Chuya,map1_moneyline,Banda Chuya,3,Sharp,2.63,1,lost,-1.0,-22.587,,,,selected,2026-07-30 06:10
map1_specials_v1,2026-07-30 20:30,StarLadder StarSeries Fall SA Closed Qualifier,Galorys vs BESTIA,map1_moneyline,Galorys,3,Sharp,2.32,1,won,1.32,-21.267,,,,selected,2026-07-30 09:07
map1_specials_v1,2026-07-30 21:00,StarLadder StarSeries Fall SA Closed Qualifier,Galorys vs BESTIA,map1_moneyline,Galorys,3,Sharp,2.38,1,won,1.38,-19.887,,,,selected,2026-07-30 08:06
map1_specials_v1,2026-07-31 11:00,CCT Europe Series 5,SINNERS vs Rune Eaters,map1_moneyline,Rune Eaters,3,Sharp,2.62,1,lost,-1.0,,,,,quarantined,2026-07-31 01:05
map1_specials_v1,2026-07-31 12:00,Elisa Esports BreakOut,HAVU vs BC.Game,map1_moneyline,HAVU,1,Sharp,5.46,1,lost,-1.0,,,,,quarantined,2026-07-30 04:06
map1_specials_v1,2026-07-31 12:30,BLAST Bounty,FaZe vs The MongolZ,map1_moneyline,The MongolZ,3,Sharp,2.3,1,lost,-1.0,-20.887,,,,selected,2026-07-30 06:10
map1_specials_v1,2026-07-31 14:00,TP World Championship Europe,Lavked vs megoshort,map1_moneyline,megoshort,3,Sharp,2.63,1,won,1.63,-19.257,,,,selected,2026-07-31 01:05
map1_specials_v1,2026-07-31 15:30,CCT Europe Series Contenders,Banda Chuya vs mellren,map1_moneyline,mellren,3,Sharp,1.752,1,won,0.752,-18.505,,,,selected,2026-07-31 14:06
map1_specials_v1,2026-07-31 17:00,CCT Europe Series 6,GenOne vs Enjoy,map1_moneyline,Enjoy,3,Sharp,2.81,1,lost,-1.0,-19.505,,,,selected,2026-07-31 07:07
map1_specials_v1,2026-07-31 17:00,Elisa Esports BreakOut,HAVU vs Rounds,map1_moneyline,Rounds,1,Sharp,3.6,1,lost,-1.0,,,,,quarantined,2026-07-31 12:08
map1_specials_v1,2026-07-31 18:00,Elisa Esports BreakOut,HAVU vs Rounds,map1_moneyline,Rounds,1,Sharp,3.6,1,lost,-1.0,,,,,quarantined,2026-07-30 04:06
map1_specials_v1,2026-07-31 18:30,,Banda Chuya vs mellren,map1_moneyline,mellren,3,Sharp,1.752,1,won,0.752,-18.753,,,,selected,2026-07-31 14:06
map1_specials_v1,2026-07-31 20:30,StarLadder StarSeries Fall SA Closed Qualifier,LP vs BESTIA,map1_moneyline,LP,3,Sharp,2.12,1,lost,-1.0,-19.753,,,,selected,2026-07-31 06:07
map1_specials_v1,2026-08-01 00:30,StarLadder StarSeries Fall NA Closed Qualifier,Marsborne vs regain,map1_moneyline,regain,3,Sharp,2.88,1,lost,-1.0,-20.753,,,,selected,2026-07-31 09:07
map1_specials_v1,2026-08-01 01:00,StarLadder StarSeries Fall NA Closed Qualifier,Marsborne vs regain,map1_moneyline,regain,3,Sharp,2.88,1,lost,-1.0,-21.753,,,,selected,2026-07-31 06:07
map1_specials_v1,2026-08-01 10:30,BLAST Bounty,Spirit vs FaZe,map1_moneyline,FaZe,3,Sharp,3.27,1,lost,-1.0,-22.753,,,,selected,2026-07-31 23:06
map1_specials_v1,2026-08-01 11:00,,megoshort vs CYBERSHOKE,map1_moneyline,megoshort,3,Sharp,3.68,1,lost,-1.0,-23.753,,,,selected,2026-08-01 03:04
map1_specials_v1,2026-08-01 12:00,Elisa Esports BreakOut,SINQU vs BC.Game,map1_moneyline,SINQU,3,Sharp,5.8,1,lost,-1.0,,,,,quarantined,2026-08-01 07:06
map1_specials_v1,2026-08-01 14:00,CCT Europe Series 6,SPARTA vs Rune Eaters,map1_moneyline,Rune Eaters,3,Sharp,2.09,1,lost,-1.0,-24.753,,,,selected,2026-07-31 19:05
map1_specials_v1,2026-08-01 17:00,CCT Europe Series 6,Black Phoenix vs Just Players,map1_moneyline,Black Phoenix,3,Sharp,2.26,1,won,1.26,-23.493,,,,selected,2026-08-01 00:06
map1_specials_v1,2026-08-01 17:00,TP World Championship Europe,megoshort vs CYBERSHOKE,map1_moneyline,megoshort,3,Sharp,3.68,1,lost,-1.0,-24.493,,,,selected,2026-08-01 03:05
map1_specials_v1,2026-08-01 17:00,,ENCE vs BC.Game,map1_moneyline,ENCE,3,Sharp,4.23,1,lost,-1.0,,,,,quarantined,2026-08-01 15:07
map1_specials_v1,2026-08-01 17:15,TP World Championship Europe,megoshort vs CYBERSHOKE,map1_moneyline,megoshort,3,Sharp,3.76,1,lost,-1.0,,,,,quarantined,2026-08-01 17:06
map1_specials_v1,2026-08-01 18:00,StarLadder StarSeries Fall SA Closed Qualifier,MIBR vs ShindeN,map1_moneyline,ShindeN,3,Sharp,2.62,1,lost,-1.0,-25.493,,,,selected,2026-07-31 19:05
map1_specials_v1,2026-08-01 22:00,,NRG vs Voca,map1_moneyline,Voca,3,Sharp,2.64,1,lost,-1.0,-26.493,,,,selected,2026-08-01 03:05
map1_specials_v1,2026-08-02 10:00,,GenOne vs CYBERSHOKE,map1_moneyline,GenOne,3,Sharp,2.18,1,won,1.18,-25.313,,,,selected,2026-08-01 22:05
map1_specials_v1,2026-08-02 10:00,,SINNERS vs SPARTA,map1_moneyline,SPARTA,3,Sharp,2.25,1,won,1.25,-24.063,,,,selected,2026-08-01 22:05
map1_specials_v1,2026-08-02 10:30,BLAST Bounty,Spirit vs MOUZ,map1_moneyline,MOUZ,5,Sharp,3.0,1,won,2.0,-22.063,,,,selected,2026-08-01 21:04
map1_specials_v1,2026-08-02 13:00,ESL Challenger League Europe,MOUZ NXT vs WBT,map1_moneyline,WBT,3,Sharp,1.909,1,lost,-1.0,-23.063,,,,selected,2026-08-01 22:05
map1_specials_v1,2026-08-02 13:00,,GenOne vs CYBERSHOKE,map1_moneyline,GenOne,3,Sharp,2.18,1,won,1.18,-21.883,,,,selected,2026-08-02 02:04
map1_specials_v1,2026-08-02 13:00,,SINNERS vs SPARTA,map1_moneyline,SPARTA,3,Sharp,2.18,1,won,1.18,-20.703,,,,selected,2026-08-02 04:05
map1_specials_v1,2026-08-02 14:00,TP World Championship Europe,GenOne vs CYBERSHOKE,map1_moneyline,GenOne,3,Sharp,2.12,1,won,1.12,-19.583,,,,selected,2026-08-02 13:04
map1_specials_v1,2026-08-03 08:00,NODWIN Clutch Series,WW vs CYBERSHOKE Prospects,map1_moneyline,CYBERSHOKE Prospects,3,Sharp,2.41,1,won,1.41,-18.173,,,,selected,2026-08-03 05:04
map1_specials_v1,2026-08-03 13:00,ESL Challenger League Europe,MOUZ NXT vs Misa,map1_moneyline,MOUZ NXT,3,Sharp,2.26,1,won,1.26,-16.913,,,,selected,2026-08-03 09:05
map1_specials_v1,2026-08-03 14:00,CCT Europe Series 6,SPARTA vs ex-Young Ninjas,map1_moneyline,ex-Young Ninjas,3,Sharp,2.42,1,won,1.42,-15.493,,,,selected,2026-08-03 09:05
map1_specials_v1,2026-08-03 17:00,BB Storm,Keyd Stars vs BORRACHEIROS,map1_moneyline,BORRACHEIROS,3,Sharp,2.87,1,won,1.87,,,,,quarantined,2026-07-31 17:05
map1_specials_v1,2026-08-03 23:00,BB Storm,Grêmio vs paiN Academy,map1_moneyline,Grêmio,3,Sharp,1.943,1,won,0.943,-14.55,,,,selected,2026-07-31 23:06
map1_specials_v1,2026-08-04 08:00,NODWIN Clutch Series,Nuclear TigeRES vs Just Players,map1_moneyline,Just Players,3,Sharp,2.75,1,lost,-1.0,-15.55,,,,selected,2026-08-04 04:04
map1_specials_v1,2026-08-04 11:00,,ex-RUSTEC vs NEW VISION,map1_moneyline,NEW VISION,3,Sharp,2.84,1,won,1.84,-13.71,,,,selected,2026-08-04 05:06
map1_specials_v1,2026-08-04 14:00,NODWIN Clutch Series,Nemiga vs GenOne,map1_moneyline,GenOne,3,Sharp,2.09,1,won,1.09,-12.62,,,,selected,2026-08-03 16:04
map1_specials_v1,2026-08-04 14:00,,Just Players vs Enjoy,map1_moneyline,Enjoy,3,Sharp,2.3,1,lost,-1.0,-13.62,,,,selected,2026-08-04 03:06
map1_specials_v1,2026-08-04 14:00,Pulse Beat,Liquid vs 9INE,map1_moneyline,9INE,3,Sharp,2.67,1,lost,-1.0,-14.62,,,,selected,2026-08-04 04:04
map1_specials_v1,2026-08-04 17:00,,fnatic vs EAC,map1_moneyline,EAC,3,Sharp,2.69,1,lost,-1.0,-15.62,,,,selected,2026-08-04 04:04
map1_specials_v1,2026-08-04 23:00,BB Storm,BESTIA vs METANOIA Wolves,map1_moneyline,METANOIA Wolves,3,Sharp,3.74,1,lost,-1.0,-16.62,,,,selected,2026-08-04 04:04
map1_specials_v1,2026-08-05 08:00,NODWIN Clutch Series,CYBERSHOKE Prospects vs Nuclear TigeRES,map1_moneyline,CYBERSHOKE Prospects,3,Sharp,2.6,1,lost,-1.0,,,,,quarantined,2026-08-05 04:05
map1_specials_v1,2026-08-05 13:00,Pulse Beat,Liquid vs fnatic,map1_moneyline,fnatic,3,Sharp,2.3,1,lost,-1.0,-17.62,,,,selected,2026-08-05 04:05
map1_specials_v1,2026-08-05 14:00,NODWIN Clutch Series,CYBERSHOKE Prospects vs Nuclear TigeRES,map1_moneyline,CYBERSHOKE Prospects,3,Sharp,2.6,1,lost,-1.0,,,,,quarantined,2026-08-05 04:05
map1_specials_v1,2026-08-05 20:00,,Imperial vs ALKA,map1_moneyline,ALKA,3,Sharp,3.34,1,lost,-1.0,-18.62,,,,selected,2026-08-05 04:05
map1_specials_v1,2026-08-05 23:00,,BESTIA vs Grêmio,map1_moneyline,Grêmio,3,Sharp,3.84,1,lost,-1.0,-19.62,,,,selected,2026-08-05 04:05
map1_specials_v1,2026-08-06 08:00,CCT Europe Series 6,Lavked vs Black Phoenix,map1_moneyline,Black Phoenix,3,Sharp,1.699,1,won,0.699,-18.921,,,,selected,2026-08-05 22:05
map1_specials_v1,2026-08-06 14:00,BB Storm,paiN Academy vs MEIA NOITE,map1_moneyline,paiN Academy,3,Sharp,2.74,1,won,1.74,-17.181,,,,selected,2026-08-05 23:05
map1_specials_v1,2026-08-06 17:00,CCT Europe Series 6,WW vs ex-RUSTEC,map1_moneyline,ex-RUSTEC,3,Sharp,2.09,1,won,1.09,-16.091,,,,selected,2026-08-05 22:05
map1_specials_v1,2026-08-06 17:00,BB Storm,Yawara vs Isurus,map1_moneyline,Isurus,3,Sharp,1.794,1,won,0.794,-15.297,,,,selected,2026-08-06 11:05
map1_specials_v1,2026-08-06 20:00,BB Storm,METANOIA Wolves vs Procyon,map1_moneyline,Procyon,3,Sharp,1.833,1,won,0.833,-14.464,,,,selected,2026-08-06 10:06
map1_specials_v1,2026-08-06 23:00,BB Storm,Galorys vs BORRACHEIROS,map1_moneyline,BORRACHEIROS,3,Sharp,2.77,1,lost,-1.0,-15.464,,,,selected,2026-08-05 23:05
map1_specials_v1,2026-08-07 09:00,,SAW vs EAC,map1_moneyline,EAC,3,Sharp,2.38,1,lost,-1.0,,,,,quarantined,2026-08-06 23:06
map1_specials_v1,2026-08-07 11:00,CCT Europe Series 6,GenOne vs CYBERSHOKE,map1_moneyline,GenOne,3,Sharp,1.952,1,lost,-1.0,-16.464,,,,selected,2026-08-07 07:09
map1_specials_v1,2026-08-07 16:00,Esports World Cup Last Chance Qualifier,Virtus.pro vs Sangal,map1_moneyline,Sangal,3,Sharp,2.38,1,lost,-1.0,-17.464,,,,selected,2026-08-07 08:08
map1_specials_v1,2026-08-07 16:00,Esports World Cup Last Chance Qualifier,Prestige vs Metizport,map1_moneyline,Prestige,3,Sharp,2.98,1,lost,-1.0,-18.464,,,,selected,2026-08-07 08:08
map1_specials_v1,2026-08-07 17:00,BB Storm,Grêmio vs Keyd Stars,map1_moneyline,Grêmio,3,Sharp,2.8,1,lost,-1.0,-19.464,,,,selected,2026-08-07 05:07
map1_specials_v1,2026-08-07 17:00,CCT Europe Series 6,GenOne vs CYBERSHOKE,map1_moneyline,GenOne,3,Sharp,1.952,1,lost,-1.0,-20.464,,,,selected,2026-08-07 07:09
map1_specials_v1,2026-08-07 20:00,BB Storm,BESTIA vs Yawara,map1_moneyline,Yawara,3,Sharp,3.02,1,won,2.02,-18.444,,,,selected,2026-08-07 05:07
map1_specials_v1,2026-08-07 23:00,BB Storm,Imperial vs Galorys,map1_moneyline,Galorys,3,Sharp,2.53,1,won,1.53,-16.914,,,,selected,2026-08-07 05:07
map1_specials_v1,2026-08-08 09:00,Esports World Cup Last Chance Qualifier,Echo vs OG,map1_moneyline,Echo,3,Sharp,1.917,1,won,0.917,-15.997,,,,selected,2026-08-08 04:06
map1_specials_v1,2026-08-08 09:00,Esports World Cup Last Chance Qualifier,Liquid vs Metizport,map1_moneyline,Metizport,3,Sharp,2.97,1,lost,-1.0,-16.997,,,,selected,2026-08-08 04:06
map1_specials_v1,2026-08-08 10:00,,Black Phoenix vs CYBERSHOKE,map1_moneyline,Black Phoenix,3,Sharp,2.3,1,won,1.3,-15.697,,,,selected,2026-08-08 07:13
map1_specials_v1,2026-08-08 13:00,CCT Europe Series 6,Black Phoenix vs CYBERSHOKE,map1_moneyline,Black Phoenix,3,Sharp,2.3,1,won,1.3,-14.397,,,,selected,2026-08-08 07:13
map1_specials_v1,2026-08-08 15:00,BB Storm,Procyon vs ODDIK Academy,map1_moneyline,ODDIK Academy,3,Sharp,1.962,1,lost,-1.0,-15.397,,,,selected,2026-08-08 03:05
map1_specials_v1,2026-08-08 20:00,BB Storm,ALKA vs paiN Academy,map1_moneyline,paiN Academy,3,Sharp,2.5,1,lost,-1.0,-16.397,,,,selected,2026-08-08 07:13
map1_specials_v1,2026-08-09 09:00,,Echo vs GenOne,map1_moneyline,Echo,3,Sharp,1.826,1,lost,-1.0,-17.397,,,,selected,2026-08-08 23:06
map1_specials_v1,2026-08-09 09:00,Esports World Cup Qualifier,1win vs Liquid,map1_moneyline,Liquid,3,Sharp,1.629,1,lost,-1.0,-18.397,,,,selected,2026-08-08 23:06
map1_specials_v1,2026-08-09 09:00,Esports World Cup Qualifier,HEROIC vs ASTRAL,map1_moneyline,ASTRAL,3,Sharp,3.79,1,lost,-1.0,-19.397,,,,selected,2026-08-08 23:06
map1_specials_v1,2026-08-09 09:00,Esports World Cup Qualifier,BC.Game vs OG,map1_moneyline,OG,3,Sharp,2.39,1,lost,-1.0,-20.397,,,,selected,2026-08-08 23:06
map1_specials_v1,2026-08-09 09:00,Esports World Cup Qualifier,SINNERS vs EYEBALLERS,map1_moneyline,EYEBALLERS,3,Sharp,2.07,1,lost,-1.0,-21.397,,,,selected,2026-08-09 00:05
map1_specials_v1,2026-08-10 20:00,BB Storm,paiN Academy vs Keyd Stars,map1_moneyline,paiN Academy,3,Sharp,2.77,1,lost,-1.0,-22.397,,,,selected,2026-08-10 09:05
map1_specials_v1,2026-08-10 23:00,BB Storm,Isurus vs Grêmio,map1_moneyline,Grêmio,3,Sharp,3.28,1,lost,-1.0,-23.397,,,,selected,2026-08-10 15:05
map1_specials_v1,2026-08-12 11:00,Esports World Cup,BIG vs Aurora,map1_moneyline,BIG,1,Sharp,2.51,1,won,1.51,-21.887,,,,selected,2026-08-11 10:05
map1_specials_v1,2026-08-12 12:00,Esports World Cup,G2 vs M80,map1_moneyline,M80,1,Sharp,3.15,1,lost,-1.0,,,,,quarantined,2026-08-11 13:05
map1_specials_v1,2026-08-12 13:20,Esports World Cup,G2 vs M80,map1_moneyline,M80,1,Sharp,3.25,1,lost,-1.0,,,,,quarantined,2026-08-11 08:06
map1_specials_v1,2026-08-12 13:20,,MIBR vs Astralis,map1_moneyline,MIBR,1,Sharp,2.09,1,lost,-1.0,-22.887,,,,selected,2026-08-11 08:06
map1_specials_v1,2026-08-12 15:00,Esports World Cup,PARIVISION vs B8,map1_moneyline,B8,1,Sharp,2.2,1,won,1.2,-21.687,,,,selected,2026-08-11 13:05
map1_specials_v1,2026-08-12 15:40,Esports World Cup,PARIVISION vs B8,map1_moneyline,B8,1,Sharp,2.17,1,won,1.17,-20.517,,,,selected,2026-08-11 08:06
map1_specials_v1,2026-08-12 15:40,,Vitality vs 100 Thieves,map1_moneyline,100 Thieves,1,Sharp,4.75,1,lost,-1.0,,,,,quarantined,2026-08-11 08:06
map1_specials_v1,2026-08-12 16:15,Esports World Cup,MIBR vs Astralis,map1_moneyline,MIBR,1,Sharp,2.09,1,lost,-1.0,-21.517,,,,selected,2026-08-12 16:05
map1_specials_v1,2026-08-12 16:30,Esports World Cup,Natus Vincere vs 3DMAX,map1_moneyline,3DMAX,1,Sharp,4.31,1,lost,-1.0,-22.517,,,,selected,2026-08-11 13:05
map1_specials_v1,2026-08-12 16:30,Esports World Cup,MIBR vs Astralis,map1_moneyline,MIBR,1,Sharp,2.21,1,lost,-1.0,-23.517,,,,selected,2026-08-11 13:05
map1_specials_v1,2026-08-12 16:50,,Lynn Vision vs MOUZ,map1_moneyline,Lynn Vision,1,Sharp,4.91,1,lost,-1.0,-24.517,,,,selected,2026-08-11 08:06
map1_specials_v1,2026-08-12 16:50,Esports World Cup,Natus Vincere vs 3DMAX,map1_moneyline,3DMAX,1,Sharp,4.91,1,lost,-1.0,-25.517,,,,selected,2026-08-11 08:06
map1_specials_v1,2026-08-12 16:50,Esports World Cup,MIBR vs Astralis,map1_moneyline,MIBR,1,Sharp,2.09,1,lost,-1.0,-26.517,,,,selected,2026-08-11 08:06
map1_specials_v1,2026-08-12 18:00,Esports World Cup,Wildcard vs FURIA,map1_moneyline,Wildcard,1,Sharp,5.22,1,lost,-1.0,-27.517,,,,selected,2026-08-11 08:06
map1_specials_v1,2026-08-12 18:00,Esports World Cup,Vitality vs 100 Thieves,map1_moneyline,100 Thieves,1,Sharp,4.75,1,lost,-1.0,,,,,quarantined,2026-08-11 08:06
map1_specials_v1,2026-08-12 18:20,Esports World Cup,Vitality vs 100 Thieves,map1_moneyline,100 Thieves,1,Sharp,3.57,1,lost,-1.0,-28.517,,,,selected,2026-08-12 18:05
map1_specials_v1,2026-08-12 19:10,Esports World Cup,Lynn Vision vs MOUZ,map1_moneyline,Lynn Vision,1,Sharp,4.91,1,lost,-1.0,-29.517,,,,selected,2026-08-11 08:06
map1_specials_v1,2026-08-12 19:30,Esports World Cup,Lynn Vision vs MOUZ,map1_moneyline,Lynn Vision,1,Sharp,4.87,1,lost,-1.0,-30.517,,,,selected,2026-08-11 13:05
map1_specials_v1,2026-08-13 08:00,NODWIN Clutch Series Closed Qualifier,Just Players vs MOUZ NXT,map1_moneyline,MOUZ NXT,3,Sharp,2.8,1,won,1.8,-28.717,,,,selected,2026-08-13 01:05
map1_specials_v1,2026-08-13 11:00,Esports World Cup,G2 vs BIG,map1_moneyline,BIG,3,Sharp,2.2,1,lost,-1.0,-29.717,,,,selected,2026-08-12 22:05
map1_specials_v1,2026-08-13 11:00,Esports World Cup,Spirit vs Luminosity,map1_moneyline,Luminosity,3,Sharp,3.77,1,lost,-1.0,-30.717,,,,selected,2026-08-13 02:05
map1_specials_v1,2026-08-13 14:00,Esports World Cup,Spirit vs Luminosity,map1_moneyline,Luminosity,3,Sharp,3.76,1,lost,-1.0,-31.717,,,,selected,2026-08-12 22:05
map1_specials_v1,2026-08-13 14:00,Esports World Cup,G2 vs BIG,map1_moneyline,BIG,3,Sharp,2.16,1,lost,-1.0,-32.717,,,,selected,2026-08-13 00:05
map1_specials_v1,2026-08-13 14:00,CCT Europe Series Closed Qualifier,Bushido Wildcats vs ex-RUSTEC,map1_moneyline,Bushido Wildcats,3,Sharp,2.04,1,won,1.04,-31.677,,,,selected,2026-08-13 08:06
map1_specials_v1,2026-08-13 20:00,BB Storm,Yawara vs Keyd Stars,map1_moneyline,Yawara,3,Sharp,1.909,1,lost,-1.0,-32.677,,,,selected,2026-08-11 19:05
map1_specials_v1,2026-08-13 20:00,,Imperial vs Isurus,map1_moneyline,Isurus,3,Sharp,2.5,1,lost,-1.0,-33.677,,,,selected,2026-08-11 21:06
map1_specials_v1,2026-08-13 23:00,BB Storm,Imperial vs Isurus,map1_moneyline,Isurus,3,Sharp,2.5,1,lost,-1.0,-34.677,,,,selected,2026-08-11 21:06
map1_specials_v1,2026-08-13 23:45,,Pugdesonesto vs ALKA,map1_moneyline,Pugdesonesto,3,Sharp,2.96,1,lost,-1.0,-35.677,,,,selected,2026-08-13 01:05
map1_specials_v1,2026-08-13 23:45,CCT South America Challengers,METANOIA Wolves vs paiN Academy,map1_moneyline,METANOIA Wolves,3,Sharp,2.38,1,lost,-1.0,-36.677,,,,selected,2026-08-13 13:06
map1_specials_v1,2026-08-14 08:00,CCT Europe Series Closed Qualifier,Enjoy vs Misa,map1_moneyline,Misa,3,Sharp,2.33,1,lost,-1.0,-37.677,,,,selected,2026-08-13 23:07
map1_specials_v1,2026-08-14 13:00,ESL Challenger League Europe,BAKS vs Fire Flux,map1_moneyline,Fire Flux,3,Sharp,2.43,1,lost,-1.0,-38.677,,,,selected,2026-08-14 07:08
map1_specials_v1,2026-08-14 13:00,ESL Challenger League Europe,Lavked vs SINQU,map1_moneyline,SINQU,3,Sharp,3.37,1,lost,-1.0,,,,,quarantined,2026-08-14 07:08
map1_specials_v1,2026-08-14 13:30,Esports World Cup,FUT vs MOUZ,map1_moneyline,MOUZ,3,Sharp,1.746,1,lost,-1.0,-39.677,,,,selected,2026-08-14 13:06
map1_specials_v1,2026-08-14 13:55,Esports World Cup,FUT vs MOUZ,map1_moneyline,MOUZ,3,Sharp,1.714,1,lost,-1.0,-40.677,,,,selected,2026-08-13 20:05
map1_specials_v1,2026-08-14 17:00,NODWIN Clutch Series Closed Qualifier,Just Players vs ENCE,map1_moneyline,ENCE,3,Sharp,2.32,1,won,1.32,-39.357,,,,selected,2026-08-14 07:08
map1_specials_v1,2026-08-14 20:00,BB Storm,Galorys vs BORRACHEIROS,map1_moneyline,BORRACHEIROS,3,Sharp,2.7,1,lost,-1.0,-40.357,,,,selected,2026-08-11 20:05
map1_specials_v1,2026-08-14 23:00,BB Storm,BESTIA vs ALKA,map1_moneyline,ALKA,3,Sharp,2.68,1,won,1.68,-38.677,,,,selected,2026-08-11 23:06
map1_specials_v1,2026-08-14 23:45,CCT South America Challengers,METANOIA Wolves vs MEIA NOITE,map1_moneyline,METANOIA Wolves,3,Sharp,2.62,1,won,1.62,-37.057,,,,selected,2026-08-14 15:07
map1_specials_v1,2026-08-15 13:00,ESL Challenger League Europe,Fire Flux vs OG,map1_moneyline,Fire Flux,3,Sharp,3.35,1,lost,-1.0,,4.35,specials_hourly,specials_hourly,quarantined,2026-08-15 06:06
map1_specials_v1,2026-08-15 13:45,,ex-Sashi Academy vs SAW Youngsters,map1_moneyline,ex-Sashi Academy,3,Sharp,1.99,1,lost,-1.0,-38.057,-4.36,specials_hourly,specials_hourly,selected,2026-08-15 00:06
map1_specials_v1,2026-08-15 16:50,Esports World Cup,BIG vs Spirit,map1_moneyline,BIG,3,Sharp,3.45,1,won,2.45,-35.607,2.89,specials_hourly,specials_hourly,selected,2026-08-15 00:06
map1_specials_v1,2026-08-15 17:50,Esports World Cup,BIG vs Spirit,map1_moneyline,BIG,3,Sharp,3.57,1,won,2.57,-33.037,,,,selected,2026-08-15 17:05
map1_specials_v1,2026-08-15 21:00,CCT South America Challengers,paiN Academy vs ALKA,map1_moneyline,paiN Academy,3,Sharp,2.84,1,lost,-1.0,-34.037,1.99,specials_hourly,specials_hourly,selected,2026-08-15 17:05
map1_specials_v1,2026-08-16 08:00,NODWIN Clutch Series Closed Qualifier,Nexus vs Bushido Wildcats,map1_moneyline,Bushido Wildcats,3,Sharp,1.971,1,won,0.971,-33.066,0.3,specials_hourly,specials_hourly,selected,2026-08-15 19:05
map1_specials_v1,2026-08-16 11:00,,ENCE vs WBT,map1_moneyline,WBT,3,Sharp,2.2,1,won,1.2,-31.866,7.91,specials_hourly,specials_hourly,selected,2026-08-15 18:05
map1_specials_v1,2026-08-16 11:00,Esports World Cup,Vitality vs Lynn Vision,map1_moneyline,Lynn Vision,3,Sharp,5.25,1,lost,-1.0,-32.866,-1.32,specials_hourly,specials_hourly,selected,2026-08-15 22:06
map1_specials_v1,2026-08-16 11:00,CCT Europe Series Closed Qualifier,BERG vs HAVU,map1_moneyline,BERG,3,Sharp,2.11,1,lost,-1.0,-33.866,1.75,specials_hourly,specials_hourly,selected,2026-08-15 23:05
map1_specials_v1,2026-08-16 11:00,NODWIN Clutch Series Closed Qualifier,ex-RUSTEC vs Inner Circle Academy,map1_moneyline,Inner Circle Academy,3,Sharp,2.4,1,won,1.4,-32.466,2.85,specials_hourly,specials_hourly,selected,2026-08-16 00:05
map1_specials_v1,2026-08-16 11:00,CCT Europe Challengers,Bushido Wildcats vs Fortress,map1_moneyline,Fortress,3,Sharp,4.54,1,lost,-1.0,-33.466,3.45,specials_hourly,specials_hourly,selected,2026-08-16 00:05
map1_specials_v1,2026-08-16 14:00,Esports World Cup,Vitality vs Lynn Vision,map1_moneyline,Lynn Vision,3,Sharp,5.25,1,lost,-1.0,-34.466,1.01,specials_hourly,specials_hourly,selected,2026-08-15 22:06
map1_specials_v1,2026-08-16 17:00,,Keyd Stars vs Imperial,map1_moneyline,Keyd Stars,3,Sharp,3.0,1,lost,-1.0,-35.466,2.71,specials_hourly,specials_hourly,selected,2026-08-16 07:06
map1_specials_v1,2026-08-16 17:00,Esports World Cup,The MongolZ vs paiN,map1_moneyline,The MongolZ,3,Sharp,1.893,1,won,0.893,-34.573,,,,selected,2026-08-16 11:05
map1_specials_v1,2026-08-16 23:00,,Keyd Stars vs Imperial,map1_moneyline,Keyd Stars,3,Sharp,2.79,1,lost,-1.0,-35.573,0.05,specials_hourly,specials_hourly,selected,2026-08-16 02:05
map1_specials_v1,2026-08-17 11:00,CCT Europe Challengers,ENCE vs BERG,map1_moneyline,BERG,3,Sharp,2.63,1,lost,-1.0,-36.573,-3.07,specials_hourly,specials_hourly,selected,2026-08-17 00:05
map1_specials_v1,2026-08-17 11:00,,Inner Circle Academy vs ex-Zero Tenacity,map1_moneyline,Inner Circle Academy,3,Sharp,2.22,1,won,1.22,-35.353,-2.64,specials_hourly,specials_hourly,selected,2026-08-17 05:05
map1_specials_v1,2026-08-17 13:45,CCT Europe Challengers,LPH vs SAW Youngsters,map1_moneyline,LPH,3,Sharp,2.09,1,won,1.09,-34.263,3.9,specials_hourly,specials_hourly,selected,2026-08-16 23:05
map1_specials_v1,2026-08-17 14:00,,Bushido Wildcats vs Inner Circle Academy,map1_moneyline,Bushido Wildcats,3,Sharp,1.758,1,won,0.758,-33.505,8.04,specials_hourly,specials_hourly,selected,2026-08-16 20:04
map1_specials_v1,2026-08-18 08:00,CCT Europe Series,PCIFIC vs Just Players,map1_moneyline,PCIFIC,3,Sharp,2.44,1,lost,-1.0,-34.505,-0.84,specials_hourly,specials_hourly,selected,2026-08-18 04:06
map1_specials_v1,2026-08-18 11:00,CCT Europe Series,MASONIC vs Bebop,map1_moneyline,MASONIC,3,Sharp,2.13,1,won,1.13,-33.375,-3.75,specials_hourly,specials_hourly,selected,2026-08-18 04:06
map1_specials_v1,2026-08-18 13:00,ESL Challenger League Europe,Metizport vs DONSTU,map1_moneyline,DONSTU,3,Sharp,3.72,1,lost,-1.0,-34.375,1.07,specials_hourly,specials_hourly,selected,2026-08-18 03:06
map1_specials_v1,2026-08-18 13:00,,Omega vs Fire Flux,map1_moneyline,Omega,3,Sharp,1.685,1,lost,-1.0,-35.375,-1.55,specials_hourly,specials_hourly,selected,2026-08-18 03:06
map1_specials_v1,2026-08-18 13:00,,EAC vs Fortress,map1_moneyline,Fortress,3,Sharp,5.06,1,lost,-1.0,-36.375,0.9,specials_hourly,specials_hourly,selected,2026-08-18 03:06
map1_specials_v1,2026-08-18 13:00,ESL Challenger League Europe,SPARTA vs MOUZ NXT,map1_moneyline,MOUZ NXT,3,Sharp,2.99,1,won,1.99,-34.385,,,,selected,2026-08-18 12:07
map1_specials_v1,2026-08-18 17:00,CCT Europe Series,Lavked vs HAVU,map1_moneyline,HAVU,3,Sharp,2.26,1,won,1.26,-33.125,-1.05,specials_hourly,specials_hourly,selected,2026-08-18 13:06
map1_specials_v1,2026-08-18 17:20,CCT Europe Series,Lavked vs HAVU,map1_moneyline,HAVU,3,Sharp,2.3,1,won,1.3,-31.825,,,,selected,2026-08-18 17:06
map1_specials_v1,2026-08-19 13:00,,SPARTA vs MOUZ NXT,map1_moneyline,MOUZ NXT,3,Sharp,3.0,1,lost,-1.0,-32.825,0.6,specials_hourly,specials_hourly,selected,2026-08-18 22:07
map1_specials_v1,2026-08-19 14:00,Esports World Cup,FUT vs Magic,map1_moneyline,Magic,3,Sharp,2.28,1,won,1.28,-31.545,2.05,specials_hourly,specials_hourly,selected,2026-08-17 10:06
map1_specials_v1,2026-08-19 14:00,CCT Europe Series,Black Phoenix vs Bushido Wildcats,map1_moneyline,Bushido Wildcats,3,Sharp,2.0,1,lost,-1.0,-32.545,-0.54,specials_hourly,specials_hourly,selected,2026-08-18 15:06
map1_specials_v1,2026-08-19 17:00,Esports World Cup,GamerLegion vs MOUZ,map1_moneyline,GamerLegion,3,Sharp,3.18,1,lost,-1.0,-33.545,-3.19,specials_hourly,specials_hourly,selected,2026-08-17 10:06
map1_specials_v1,2026-08-19 17:00,,FUT vs Magic,map1_moneyline,Magic,3,Sharp,2.28,1,won,1.28,-32.265,1.4,specials_hourly,specials_hourly,selected,2026-08-17 10:06
map1_specials_v1,2026-08-19 17:30,Esports World Cup,GamerLegion vs MOUZ,map1_moneyline,GamerLegion,3,Sharp,3.52,1,lost,-1.0,-33.265,,,,selected,2026-08-19 17:06
map1_specials_v1,2026-08-20 13:00,,SPARTA vs OG,map1_moneyline,SPARTA,3,Sharp,2.17,1,lost,-1.0,-34.265,1.21,specials_hourly,specials_hourly,selected,2026-08-20 01:09
map1_specials_v1,2026-08-20 13:00,ESL Challenger League Europe,Metizport vs Color,map1_moneyline,Metizport,3,Sharp,1.847,1,won,0.847,-33.418,-0.68,specials_hourly,specials_hourly,selected,2026-08-20 04:10
map1_specials_v1,2026-08-20 13:25,Esports World Cup,FaZe vs Vitality,map1_moneyline,FaZe,3,Sharp,3.51,1,lost,-1.0,-34.418,,,,selected,2026-08-20 13:06
map1_specials_v1,2026-08-20 13:45,,mellren vs Bushido Wildcats,map1_moneyline,mellren,3,Sharp,2.39,1,won,1.39,-33.028,-3.6,specials_hourly,specials_hourly,selected,2026-08-19 23:09
map1_specials_v1,2026-08-20 13:45,CCT Europe Challengers,LPH vs WBT,map1_moneyline,LPH,3,Sharp,2.37,1,lost,-1.0,-34.028,0.28,specials_hourly,specials_hourly,selected,2026-08-20 06:07
map1_specials_v1,2026-08-20 14:00,Esports World Cup,FaZe vs Vitality,map1_moneyline,FaZe,3,Sharp,3.22,1,lost,-1.0,-35.028,-2.52,specials_hourly,specials_hourly,selected,2026-08-17 14:05
map1_specials_v1,2026-08-20 14:00,Esports World Cup,B8 vs Spirit,map1_moneyline,B8,3,Sharp,3.77,1,lost,-1.0,-36.028,-2.07,specials_hourly,specials_hourly,selected,2026-08-17 14:05
map1_specials_v1,2026-08-20 14:00,,PCIFIC vs Drip Too Hard,map1_moneyline,PCIFIC,3,Sharp,2.22,1,won,1.22,-34.808,-2.22,specials_hourly,specials_hourly,selected,2026-08-19 23:10
map1_specials_v1,2026-08-20 16:10,Esports World Cup,G2 vs FURIA,map1_moneyline,FURIA,3,Sharp,1.901,1,won,0.901,-33.907,,,,selected,2026-08-20 16:06
map1_specials_v1,2026-08-20 17:00,,G2 vs FURIA,map1_moneyline,FURIA,3,Sharp,1.855,1,won,0.855,-33.052,-1.37,specials_hourly,specials_hourly,selected,2026-08-19 23:10
map1_specials_v1,2026-08-20 18:15,CCT Europe Series Contenders,FORZE Reload vs Younglings,map1_moneyline,Younglings,3,Sharp,2.63,1,lost,-1.0,-34.052,-5.68,specials_hourly,specials_hourly,selected,2026-08-20 05:10
map1_specials_v1,2026-08-21 11:00,,FUT vs MOUZ,map1_moneyline,MOUZ,3,Sharp,1.8,1,lost,-1.0,-35.052,7.1,specials_hourly,specials_hourly,selected,2026-08-19 23:10
map1_specials_v1,2026-08-21 11:00,CCT Europe Series 7,GenOne vs HAVU,map1_moneyline,HAVU,3,Sharp,3.32,1,won,2.32,-32.732,2.02,specials_hourly,specials_hourly,selected,2026-08-21 04:05
map1_specials_v1,2026-08-21 11:00,NODWIN Clutch Series,Color vs Inner Circle Academy,map1_moneyline,Inner Circle Academy,3,Sharp,2.83,1,lost,-1.0,,0.0,specials_hourly,specials_hourly,quarantined,2026-08-21 08:06
map1_specials_v1,2026-08-21 14:00,,MASONIC vs ex-Zero Tenacity,map1_moneyline,MASONIC,3,Sharp,2.26,1,lost,-1.0,-33.732,-7.53,specials_hourly,specials_hourly,selected,2026-08-21 04:05
map1_specials_v1,2026-08-21 14:00,Esports World Cup,Legacy vs Falcons,map1_moneyline,Falcons,3,Sharp,1.562,1,lost,-1.0,-34.732,2.47,specials_hourly,specials_hourly,selected,2026-08-21 05:06
map1_specials_v1,2026-08-21 14:15,CCT Europe Series 7,MASONIC vs ex-Zero Tenacity,map1_moneyline,MASONIC,3,Sharp,2.66,1,lost,-1.0,,,,,quarantined,2026-08-21 14:05
map1_specials_v1,2026-08-21 17:00,Esports World Cup,Vitality vs Spirit,map1_moneyline,Spirit,3,Sharp,2.22,1,won,1.22,-33.512,2.79,specials_hourly,specials_hourly,selected,2026-08-20 23:10
map1_specials_v1,2026-08-22 11:00,CCT Europe Series 7,Lavked vs Bushido Wildcats,map1_moneyline,Bushido Wildcats,3,Sharp,1.654,1,won,0.654,-32.858,-2.02,specials_hourly,specials_hourly,selected,2026-08-22 05:06
map1_specials_v1,2026-08-22 11:00,CCT Europe Challengers,WBT vs mellren,map1_moneyline,mellren,3,Sharp,2.27,1,won,1.27,-31.588,,,,selected,2026-08-22 10:06
map1_specials_v1,2026-08-22 14:00,Esports World Cup,FURIA vs FUT,map1_moneyline,FURIA,3,Sharp,1.714,1,lost,-1.0,-32.588,-1.81,specials_hourly,specials_hourly,selected,2026-08-22 03:06
map1_specials_v1,2026-08-23 08:00,NODWIN Clutch Series,Color vs SPARTA,map1_moneyline,SPARTA,3,Sharp,2.05,1,won,1.05,-31.538,2.66,specials_hourly,specials_hourly,selected,2026-08-22 20:05
map1_specials_v1,2026-08-23 11:00,CCT Europe Series 7,Drip Too Hard vs MASONIC,map1_moneyline,MASONIC,3,Sharp,2.25,1,lost,-1.0,-32.538,0.42,specials_hourly,specials_hourly,selected,2026-08-23 09:10
map1_specials_v1,2026-08-23 11:30,Esports World Cup,FUT vs Spirit,map1_moneyline,Spirit,5,Sharp,1.562,1,lost,-1.0,-33.538,,,,selected,2026-08-23 11:06
map1_specials_v1,2026-08-24 14:00,CCT Europe Series 7,PCIFIC vs Bushido Wildcats,map1_moneyline,PCIFIC,3,Sharp,2.47,1,won,1.47,-32.068,-0.62,specials_hourly,specials_hourly,selected,2026-08-24 06:23
map1_specials_v1,2026-08-24 16:00,IEM Beijing Global Open Qualifier,BAKS vs Color,map1_moneyline,BAKS,1,Sharp,2.26,1,lost,-1.0,-33.068,4.45,specials_hourly,specials_hourly,selected,2026-08-24 06:23
map1_specials_v1,2026-08-24 16:00,IEM Beijing Global Open Qualifier,QUAZAR vs Nemiga,map1_moneyline,QUAZAR,1,Sharp,3.15,1,lost,-1.0,-34.068,3.3,specials_hourly,specials_hourly,selected,2026-08-24 06:23
map1_specials_v1,2026-08-24 16:00,IEM Beijing Global Open Qualifier,Nuclear TigeRES vs Spirit Academy,map1_moneyline,Spirit Academy,1,Sharp,3.06,1,lost,-1.0,-35.068,-1.92,specials_hourly,specials_hourly,selected,2026-08-24 06:23
map1_specials_v1,2026-08-24 16:00,,Echo vs CYBERSHOKE,map1_moneyline,Echo,1,Sharp,2.17,1,lost,-1.0,-36.068,1.81,specials_hourly,specials_hourly,selected,2026-08-24 06:23
map1_specials_v1,2026-08-24 16:00,,Insiders vs EAC,map1_moneyline,Insiders,1,Sharp,3.27,1,lost,-1.0,-37.068,,,,selected,2026-08-24 15:08
map1_specials_v1,2026-08-24 17:00,NODWIN Clutch Series 11,CYBERSHOKE Prospects vs ex-Zero Tenacity,map1_moneyline,CYBERSHOKE Prospects,3,Sharp,2.01,1,lost,-1.0,-38.068,-1.02,specials_hourly,specials_hourly,selected,2026-08-24 06:23
map1_specials_v1,2026-08-24 17:00,CCT Europe Series 7,Black Phoenix vs HAVU,map1_moneyline,HAVU,3,Sharp,2.4,1,lost,-1.0,-39.068,2.66,specials_hourly,specials_hourly,selected,2026-08-24 06:23
map1_specials_v1,2026-08-25 17:00,CCT Europe Series 7,Drip Too Hard vs Just Players,map1_moneyline,Drip Too Hard,3,Sharp,2.31,1,won,1.31,-37.758,3.2,specials_hourly,specials_hourly,selected,2026-08-25 15:08
map1_specials_v1,2026-08-25 21:00,ESL Challenger League South America,BORRACHEIROS vs Galorys,map1_moneyline,BORRACHEIROS,3,Sharp,2.82,1,lost,-1.0,-38.758,-5.03,specials_hourly,specials_hourly,selected,2026-08-24 22:06
map1_specials_v1,2026-08-25 21:00,ESL Challenger League South America,Bounty Hunters vs MEIA NOITE,map1_moneyline,MEIA NOITE,3,Sharp,2.62,1,lost,-1.0,-39.758,-4.49,specials_hourly,specials_hourly,selected,2026-08-24 22:06
map1_specials_v1,2026-08-25 21:00,ESL Challenger League South America,ShindeN vs ALKA,map1_moneyline,ALKA,3,Sharp,2.5,1,lost,-1.0,-40.758,-5.36,specials_hourly,specials_hourly,selected,2026-08-24 22:06
map1_specials_v1,2026-08-25 21:00,ESL Challenger League South America,Yawara vs Keyd Stars,map1_moneyline,Yawara,3,Sharp,2.17,1,won,1.17,-39.588,-1.11,specials_hourly,specials_hourly,selected,2026-08-25 16:08
map1_specials_v1,2026-08-25 22:00,CCT South America,ALKA vs Pugdesonesto,map1_moneyline,Pugdesonesto,3,Sharp,3.15,1,won,2.15,-37.438,-3.88,specials_hourly,specials_hourly,selected,2026-08-25 01:06
map1_specials_v1,2026-08-26 09:00,BLAST Open,Aurora vs G2,map1_moneyline,Aurora,3,Sharp,2.09,1,lost,-1.0,-38.438,0.3,specials_hourly,specials_hourly,selected,2026-08-24 16:06
map1_specials_v1,2026-08-26 13:00,,MEIA NOITE vs ODDIK,map1_moneyline,MEIA NOITE,3,Sharp,3.0,1,lost,-1.0,-39.438,3.31,specials_hourly,specials_hourly,selected,2026-08-25 15:08
map1_specials_v1,2026-08-26 14:00,,GenOne vs Nordic Partners,map1_moneyline,Nordic Partners,3,Sharp,2.46,1,lost,-1.0,-40.438,-2.0,specials_hourly,specials_hourly,selected,2026-08-25 16:08
map1_specials_v1,2026-08-26 16:00,CCT South America,ALKA vs Pugdesonesto,map1_moneyline,Pugdesonesto,3,Sharp,3.56,1,won,2.56,-37.878,-0.24,specials_hourly,specials_hourly,selected,2026-08-25 21:06
map1_specials_v1,2026-08-26 21:00,ESL Challenger League South America,Isurus vs paiN Academy,map1_moneyline,paiN Academy,3,Sharp,2.74,1,won,1.74,-36.138,-4.4,specials_hourly,specials_hourly,selected,2026-08-26 06:08
map1_specials_v1,2026-08-26 21:00,ESL Challenger League South America,ODDIK vs Imperial,map1_moneyline,ODDIK,3,Sharp,3.15,1,lost,-1.0,-37.138,0.0,specials_hourly,specials_hourly,selected,2026-08-26 06:08
map1_specials_v1,2026-08-26 21:00,ESL Challenger League South America,ALKA vs Turma do Pagode,map1_moneyline,ALKA,3,Sharp,2.0,1,lost,-1.0,-38.138,-13.61,specials_hourly,specials_hourly,selected,2026-08-26 07:10
map1_specials_v1,2026-08-26 21:00,ESL Challenger League South America,Bounty Hunters vs Galorys,map1_moneyline,Galorys,3,Sharp,2.01,1,won,1.01,-37.128,2.37,specials_hourly,specials_hourly,selected,2026-08-26 10:08
map1_specials_v1,2026-08-27 08:00,CCT Europe Series Closed Qualifier,ex-Zero Tenacity vs WBT,map1_moneyline,WBT,3,Sharp,2.19,1,lost,-1.0,-38.128,2.08,specials_hourly,specials_hourly,selected,2026-08-27 04:18
map1_specials_v1,2026-08-27 09:00,BLAST Open,Vitality vs Inner Circle,map1_moneyline,Inner Circle,3,Sharp,4.0,1,won,3.0,-35.128,3.6,specials_hourly,specials_hourly,selected,2026-08-24 16:06
map1_specials_v1,2026-08-27 11:00,CCT Europe Series,Nemiga vs Black Phoenix,map1_moneyline,Black Phoenix,3,Sharp,2.62,1,lost,-1.0,-36.128,-0.57,specials_hourly,specials_hourly,selected,2026-08-27 07:09
map1_specials_v1,2026-08-27 11:30,BLAST Open,MOUZ vs 9z,map1_moneyline,9z,3,Sharp,2.24,1,lost,-1.0,-37.128,1.46,specials_hourly,specials_hourly,selected,2026-08-25 19:10
map1_specials_v1,2026-08-27 14:00,BLAST Open,Legacy vs FUT,map1_moneyline,Legacy,3,Sharp,2.19,1,won,1.19,-35.938,-0.39,specials_hourly,specials_hourly,selected,2026-08-24 16:06
map1_specials_v1,2026-08-27 14:00,,EAC vs QUAZAR,map1_moneyline,EAC,3,Sharp,1.943,1,lost,-1.0,-36.938,3.69,specials_hourly,specials_hourly,selected,2026-08-27 00:07
map1_specials_v1,2026-08-27 16:30,BLAST Open,Falcons vs Lynn Vision,map1_moneyline,Lynn Vision,3,Sharp,5.27,1,lost,-1.0,-37.938,2.74,specials_hourly,specials_hourly,selected,2026-08-24 18:06
map1_specials_v1,2026-08-27 21:00,,Bounty Hunters vs Turma do Pagode,map1_moneyline,Bounty Hunters,3,Sharp,1.971,1,lost,-1.0,-38.938,-2.47,specials_hourly,specials_hourly,selected,2026-08-27 06:11
map1_specials_v1,2026-08-27 21:00,ESL Challenger League South America,Keyd Stars vs Isurus,map1_moneyline,Isurus,3,Sharp,2.5,1,lost,-1.0,-39.938,1.57,specials_hourly,specials_hourly,selected,2026-08-27 08:08
map1_specials_v1,2026-08-27 21:00,ESL Challenger League South America,ODDIK vs Yawara,map1_moneyline,ODDIK,3,Sharp,1.758,1,won,0.758,-39.18,0.75,specials_hourly,specials_hourly,selected,2026-08-27 17:09
map1_specials_v1,2026-08-28 11:00,CCT Europe Series,OG vs ex-Zero Tenacity,map1_moneyline,ex-Zero Tenacity,3,Sharp,2.25,1,won,1.25,-37.93,4.71,specials_hourly,specials_hourly,selected,2026-08-27 15:11
map1_specials_v1,2026-08-28 13:00,CCT South America,ODDIK vs ALKA,map1_moneyline,ALKA,3,Sharp,2.5,1,lost,-1.0,-38.93,2.29,specials_hourly,specials_hourly,selected,2026-08-28 03:07
map1_specials_v1,2026-08-28 14:00,Logitech G Connect Closed Qualifier,Rune Eaters vs 9INE,map1_moneyline,Rune Eaters,3,Sharp,2.37,1,won,1.37,-37.56,3.11,specials_hourly,specials_hourly,selected,2026-08-27 15:11
map1_specials_v1,2026-08-28 14:00,BLAST Open,Natus Vincere vs paiN,map1_moneyline,paiN,3,Sharp,3.26,1,lost,-1.0,-38.56,2.72,specials_hourly,specials_hourly,selected,2026-08-28 01:07
map1_specials_v1,2026-08-28 14:00,NODWIN Clutch Series,SPARTA vs Inner Circle Academy,map1_moneyline,Inner Circle Academy,3,Sharp,2.81,1,won,1.81,-36.75,1.69,specials_hourly,specials_hourly,selected,2026-08-28 05:07
map1_specials_v1,2026-08-28 17:00,CCT Europe Series,SINNERS vs Bushido Wildcats,map1_moneyline,Bushido Wildcats,3,Sharp,2.75,1,won,1.75,-35.0,2.78,specials_hourly,specials_hourly,selected,2026-08-27 15:11
map1_specials_v1,2026-08-28 17:00,,UPGRADE vs Black Phoenix,map1_moneyline,Black Phoenix,3,Sharp,2.05,1,won,1.05,-33.95,8.77,specials_hourly,specials_hourly,selected,2026-08-28 06:12
map1_specials_v1,2026-08-28 19:00,CCT South America,Peladona vs Procyon,map1_moneyline,Procyon,3,Sharp,2.64,1,lost,-1.0,-34.95,-6.14,specials_hourly,specials_hourly,selected,2026-08-27 15:11
map1_specials_v1,2026-08-28 21:00,,Turma do Pagode vs Isurus,map1_moneyline,Isurus,3,Sharp,2.59,1,won,1.59,-33.36,1.64,specials_hourly,specials_hourly,selected,2026-08-28 08:07
map1_specials_v1,2026-08-28 22:00,CCT South America,BORRACHEIROS vs BESTIA Academy,map1_moneyline,BESTIA Academy,3,Sharp,1.98,1,won,0.98,-32.38,1.18,specials_hourly,specials_hourly,selected,2026-08-28 09:09
map1_specials_v1,2026-08-29 01:00,,Voca vs Overtake Sector,map1_moneyline,Overtake Sector,3,Sharp,3.68,1,won,2.68,-29.7,-4.65,specials_hourly,specials_hourly,selected,2026-08-28 06:12
map1_specials_v1,2026-08-29 09:00,BLAST Open,Vitality vs 9z,map1_moneyline,9z,3,Sharp,2.81,1,lost,-1.0,-30.7,0.25,specials_hourly,specials_hourly,selected,2026-08-28 23:08
map1_specials_v1,2026-08-29 11:30,BLAST Open,Inner Circle vs MOUZ,map1_moneyline,Inner Circle,3,Sharp,2.77,1,lost,-1.0,-31.7,-2.0,specials_hourly,specials_hourly,selected,2026-08-28 22:08
map1_specials_v1,2026-08-29 14:00,BLAST Open,FUT vs Lynn Vision,map1_moneyline,Lynn Vision,3,Sharp,2.93,1,won,1.93,-29.77,-6.89,specials_hourly,specials_hourly,selected,2026-08-28 22:08
map1_specials_v1,2026-08-29 14:00,,SINNERS vs ex-Zero Tenacity,map1_moneyline,ex-Zero Tenacity,3,Sharp,2.7,1,won,1.7,-28.07,,,,selected,2026-08-29 08:08
map1_specials_v1,2026-08-29 21:00,ESL Challenger League South America,ShindeN vs Isurus,map1_moneyline,Isurus,3,Sharp,2.72,1,lost,-1.0,-29.07,2.0,specials_hourly,specials_hourly,selected,2026-08-29 10:08
map1_specials_v1,2026-08-29 21:00,ESL Challenger League South America,Fluxo vs ex-MIBR Academy,map1_moneyline,ex-MIBR Academy,3,Sharp,3.16,1,won,2.16,-26.91,0.0,specials_hourly,specials_hourly,selected,2026-08-29 11:12
map1_specials_v1,2026-08-30 09:00,BLAST Open,M80 vs Aurora,map1_moneyline,M80,3,Sharp,3.21,1,lost,-1.0,-27.91,4.74,specials_hourly,specials_hourly,selected,2026-08-30 06:12
map1_specials_v1,2026-08-30 11:00,Logitech G Connect Closed Qualifier,OG vs Eternal Fire,map1_moneyline,OG,3,Sharp,2.19,1,won,1.19,-26.72,0.0,specials_hourly,specials_hourly,selected,2026-08-29 23:09
map1_specials_v1,2026-08-30 11:30,BLAST Open,M80 vs Aurora,map1_moneyline,M80,3,Sharp,3.21,1,lost,-1.0,-27.72,3.82,specials_hourly,specials_hourly,selected,2026-08-30 06:12
map1_specials_v1,2026-08-30 13:00,CCT South America,BESTIA Academy vs ALKA,map1_moneyline,BESTIA Academy,3,Sharp,2.5,1,lost,-1.0,,1.18,specials_hourly,specials_hourly,quarantined,2026-08-29 18:08
map1_specials_v1,2026-08-30 13:00,ESL Challenger League Europe,Strael Bora vs Inner Circle Academy,map1_moneyline,Strael Bora,3,Sharp,3.54,1,lost,-1.0,-28.72,-4.56,specials_hourly,specials_hourly,selected,2026-08-29 23:10
map1_specials_v1,2026-08-30 13:00,ESL Challenger League Europe,Virtus.pro vs Fire Flux,map1_moneyline,Fire Flux,3,Sharp,3.83,1,won,2.83,-25.89,4.76,specials_hourly,specials_hourly,selected,2026-08-29 23:10
map1_specials_v1,2026-08-30 13:00,ESL Challenger League Europe,BERG vs WBT,map1_moneyline,BERG,3,Sharp,2.59,1,lost,-1.0,-26.89,-3.91,specials_hourly,specials_hourly,selected,2026-08-30 09:10
map1_specials_v1,2026-08-30 14:00,Stake Ranked Open Qualifier,Eternal Fire vs ENCE,map1_moneyline,ENCE,3,Sharp,3.08,1,lost,-1.0,-27.89,-0.11,specials_hourly,specials_hourly,selected,2026-08-29 23:10
map1_specials_v1,2026-08-30 14:00,BLAST Open,Legacy vs Vitality,map1_moneyline,Legacy,3,Sharp,2.82,1,lost,-1.0,-28.89,-1.68,specials_hourly,specials_hourly,selected,2026-08-30 07:10
map1_specials_v1,2026-08-30 14:00,BLAST Open,Inner Circle vs FUT,map1_moneyline,Inner Circle,3,Sharp,2.94,1,lost,-1.0,-29.89,1.08,specials_hourly,specials_hourly,selected,2026-08-30 07:10
map1_specials_v1,2026-08-30 16:30,BLAST Open,Inner Circle vs FUT,map1_moneyline,Inner Circle,3,Sharp,2.94,1,lost,-1.0,-30.89,1.24,specials_hourly,specials_hourly,selected,2026-08-30 07:10
map1_specials_v1,2026-08-30 16:30,BLAST Open,Legacy vs Vitality,map1_moneyline,Legacy,3,Sharp,2.82,1,lost,-1.0,-31.89,-1.98,specials_hourly,specials_hourly,selected,2026-08-30 07:10
map1_specials_v1,2026-08-30 17:00,,OG vs LP,map1_moneyline,LP,3,Sharp,2.7,1,lost,-1.0,,,,,quarantined,2026-08-30 16:11
map1_specials_v1,2026-08-30 17:10,BLAST Open,Legacy vs Vitality,map1_moneyline,Legacy,3,Sharp,3.2,1,lost,-1.0,-32.89,,,,selected,2026-08-30 17:08
map1_specials_v1,2026-08-30 19:00,CCT South America,BORRACHEIROS vs Peladona,map1_moneyline,BORRACHEIROS,3,Sharp,3.25,1,lost,-1.0,,-5.86,specials_hourly,specials_hourly,quarantined,2026-08-29 18:08
map1_specials_v1,2026-08-30 21:00,,Fluxo vs ShindeN,map1_moneyline,Fluxo,3,Sharp,1.98,1,won,0.98,-31.91,2.35,specials_hourly,specials_hourly,selected,2026-08-30 04:07
map1_specials_v1,2026-08-30 21:00,ESL Challenger League South America,Galorys vs Imperial,map1_moneyline,Galorys,3,Sharp,2.72,1,won,1.72,-30.19,-0.27,specials_hourly,specials_hourly,selected,2026-08-30 10:10
map1_specials_v1,2026-08-30 22:00,CCT South America,ODDIK vs Grêmio,map1_moneyline,Grêmio,3,Sharp,3.5,1,lost,-1.0,-31.19,4.25,specials_hourly,specials_hourly,selected,2026-08-29 18:08
map1_specials_v1,2026-08-31 11:00,Logitech G Connect Closed Qualifier,Metizport vs PCIFIC,map1_moneyline,PCIFIC,3,Sharp,3.0,1,lost,-1.0,,-2.93,specials_hourly,specials_hourly,quarantined,2026-08-30 16:11
map1_specials_v1,2026-08-31 13:00,ESL Challenger League Europe,Misa vs BAKS,map1_moneyline,Misa,3,Sharp,2.54,1,lost,-1.0,-32.19,1.46,specials_hourly,specials_hourly,selected,2026-08-31 06:08
map1_specials_v1,2026-08-31 14:00,BLAST Open,MOUZ vs Falcons,map1_moneyline,Falcons,3,Sharp,1.943,1,won,0.943,-31.247,-0.7,specials_hourly,specials_hourly,selected,2026-08-30 07:10
map1_specials_v1,2026-08-31 14:00,,HOTU vs UPGRADE,map1_moneyline,HOTU,3,Sharp,1.478,1,won,0.478,-30.769,0.74,specials_hourly,specials_hourly,selected,2026-08-31 09:08
map1_specials_v1,2026-08-31 14:50,BLAST Open,MOUZ vs Falcons,map1_moneyline,Falcons,3,Sharp,1.971,1,won,0.971,-29.798,,,,selected,2026-08-31 14:07
map1_specials_v1,2026-08-31 16:00,,BESTIA Academy vs Blitzkrieg,map1_moneyline,Blitzkrieg,3,Sharp,5.29,1,lost,-1.0,,0.34,specials_hourly,specials_hourly,quarantined,2026-08-31 06:08
map1_specials_v1,2026-08-31 16:00,BLAST Open,MOUZ vs Falcons,map1_moneyline,Falcons,3,Sharp,1.901,1,won,0.901,-28.897,,,,selected,2026-08-31 15:08
map1_specials_v1,2026-08-31 17:00,,Metizport vs ASTRAL,map1_moneyline,ASTRAL,3,Sharp,2.45,1,won,1.45,-27.447,-0.51,specials_hourly,specials_hourly,selected,2026-08-31 15:08
map1_specials_v1,2026-08-31 19:00,,DAMAJUANA vs Zetta,map1_moneyline,Zetta,3,Sharp,2.36,1,lost,-1.0,,-5.34,specials_hourly,specials_hourly,quarantined,2026-08-31 06:08
map1_specials_v1,2026-09-01 08:00,NODWIN Clutch Series 11,Nemesis vs SPARTA,map1_moneyline,SPARTA,3,Sharp,2.64,1,lost,-1.0,-28.447,-0.75,specials_hourly,specials_hourly,selected,2026-08-31 05:10
map1_specials_v1,2026-09-01 11:00,Logitech G Connect Closed Qualifier,PCIFIC vs BRUTE,map1_moneyline,PCIFIC,3,Sharp,2.51,1,won,1.51,-26.937,-0.04,specials_hourly,specials_hourly,selected,2026-09-01 01:07
map1_specials_v1,2026-09-01 13:00,,Virtus.pro vs WBT,map1_moneyline,WBT,3,Sharp,3.09,1,won,2.09,-24.847,7.11,specials_hourly,specials_hourly,selected,2026-09-01 05:10
map1_specials_v1,2026-09-01 14:00,Logitech G Connect Closed Qualifier,LP vs Eternal Fire,map1_moneyline,LP,3,Sharp,3.16,1,lost,-1.0,-25.847,-0.48,specials_hourly,specials_hourly,selected,2026-09-01 01:07
map1_specials_v1,2026-09-01 14:30,Logitech G Connect Closed Qualifier,LP vs Eternal Fire,map1_moneyline,LP,3,Sharp,3.3,1,lost,-1.0,,,,,quarantined,2026-09-01 14:07
map1_specials_v1,2026-09-01 16:00,CCT South America,BORRACHEIROS vs ALKA,map1_moneyline,BORRACHEIROS,3,Sharp,2.41,1,lost,-1.0,-26.847,-1.65,specials_hourly,specials_hourly,selected,2026-09-01 01:07
map1_specials_v1,2026-09-01 17:00,NODWIN Clutch Series 11,Nuclear TigeRES vs Color,map1_moneyline,Color,3,Sharp,2.18,1,won,1.18,-25.667,-0.62,specials_hourly,specials_hourly,selected,2026-08-31 06:08
map1_specials_v1,2026-09-01 21:00,ESL Challenger League South America,Galorys vs Imperial,map1_moneyline,Galorys,3,Sharp,2.4,1,lost,-1.0,-26.667,,,,selected,2026-09-01 20:06
map1_specials_v1,2026-09-02 06:00,,FlyQuest vs NEXVOID,map1_moneyline,NEXVOID,3,Sharp,4.54,1,lost,-1.0,,3.31,specials_hourly,specials_hourly,quarantined,2026-09-01 01:07
map1_specials_v1,2026-09-02 08:00,Logitech G Connect Closed Qualifier,SINNERS vs EAC,map1_moneyline,EAC,3,Sharp,2.29,1,won,1.29,-25.377,,,,selected,2026-09-02 07:28
map1_specials_v1,2026-09-02 09:00,IEM Beijing Global Closed Qualifier,MIBR vs Eternal Fire,map1_moneyline,MIBR,3,Sharp,1.725,1,lost,-1.0,-26.377,2.37,specials_hourly,specials_hourly,selected,2026-08-30 09:10
map1_specials_v1,2026-09-02 11:00,,Nemesis vs 1win,map1_moneyline,Nemesis,3,Sharp,2.01,1,won,1.01,-25.367,-2.58,specials_hourly,specials_hourly,selected,2026-09-02 04:08
map1_specials_v1,2026-09-02 11:00,,Black Phoenix vs ex-Zero Tenacity,map1_moneyline,ex-Zero Tenacity,3,Sharp,1.806,1,won,0.806,-24.561,17.05,specials_hourly,specials_hourly,selected,2026-09-02 05:06
map1_specials_v1,2026-09-02 12:00,IEM Beijing Global Closed Qualifier,HOTU vs paiN,map1_moneyline,HOTU,3,Sharp,1.826,1,won,0.826,-23.735,1.52,specials_hourly,specials_hourly,selected,2026-08-30 12:12
map1_specials_v1,2026-09-02 12:00,IEM Beijing Global Closed Qualifier,Color vs B8,map1_moneyline,Color,3,Sharp,2.63,1,lost,-1.0,-24.735,3.97,specials_hourly,specials_hourly,selected,2026-08-30 12:12
map1_specials_v1,2026-09-02 12:00,IEM Beijing Global Closed Qualifier,BIG vs Nemiga,map1_moneyline,BIG,3,Sharp,1.578,1,won,0.578,-24.157,-0.94,specials_hourly,specials_hourly,selected,2026-08-30 13:08
map1_specials_v1,2026-09-02 12:00,,DENDELE vs EYEBALLERS,map1_moneyline,EYEBALLERS,3,Sharp,2.06,1,won,1.06,-23.097,-0.29,specials_hourly,specials_hourly,selected,2026-09-01 15:07
map1_specials_v1,2026-09-02 14:00,NODWIN Clutch Series 11,Nemesis vs 1win,map1_moneyline,Nemesis,3,Sharp,2.01,1,won,1.01,-22.087,-2.58,specials_hourly,specials_hourly,selected,2026-09-02 04:08
map1_specials_v1,2026-09-02 16:00,CCT South America,Grêmio vs MEIA NOITE,map1_moneyline,Grêmio,3,Sharp,2.08,1,lost,-1.0,-23.087,,,,selected,2026-09-02 15:08
map1_specials_v1,2026-09-02 18:00,,Nemiga vs HOTU,map1_moneyline,HOTU,3,Sharp,1.709,1,won,0.709,-22.378,,,,selected,2026-09-02 17:08
map1_specials_v1,2026-09-03 06:00,IEM Beijing Asian Closed Qualifier,DEPO vs Lynn Vision,map1_moneyline,DEPO,3,Sharp,3.33,1,won,2.33,-20.048,-1.33,specials_hourly,specials_hourly,selected,2026-09-02 23:07
map1_specials_v1,2026-09-03 06:00,,FlyQuest vs Kaleido,map1_moneyline,Kaleido,3,Sharp,4.69,1,lost,-1.0,-21.048,0.74,specials_hourly,specials_hourly,selected,2026-09-03 01:06
map1_specials_v1,2026-09-03 09:00,Stake Ranked Closed Qualifier,Iberian Soul vs Nemiga,map1_moneyline,Iberian Soul,3,Sharp,2.02,1,won,1.02,-20.028,-1.86,specials_hourly,specials_hourly,selected,2026-09-02 20:06
map1_specials_v1,2026-09-03 14:00,,Lavked vs HAVU,map1_moneyline,HAVU,3,Sharp,2.09,1,lost,-1.0,-21.028,-3.66,specials_hourly,specials_hourly,selected,2026-09-02 15:08
map1_specials_v1,2026-09-03 14:00,Logitech G Connect Closed Qualifier,NOVAQ vs Rune Eaters,map1_moneyline,NOVAQ,3,Sharp,2.32,1,lost,-1.0,-22.028,-5.3,specials_hourly,specials_hourly,selected,2026-09-02 23:07
map1_specials_v1,2026-09-03 14:30,Stake Ranked Closed Qualifier,Ninjas in Pyjamas vs Sangal,map1_moneyline,Sangal,3,Sharp,3.15,1,won,2.15,-19.878,2.34,specials_hourly,specials_hourly,selected,2026-09-01 20:06
map1_specials_v1,2026-09-03 15:00,IEM Beijing Global Closed Qualifier,Eternal Fire vs Nuclear TigeRES,map1_moneyline,Nuclear TigeRES,3,Sharp,2.04,1,won,1.04,-18.838,1.75,specials_hourly,specials_hourly,selected,2026-09-02 23:07
map1_specials_v1,2026-09-03 16:00,,Bounty Hunters vs MEIA NOITE,map1_moneyline,MEIA NOITE,3,Sharp,3.72,1,lost,-1.0,,1.59,specials_hourly,specials_hourly,quarantined,2026-09-03 06:11
map1_specials_v1,2026-09-03 17:00,,Omega vs QUAZAR,map1_moneyline,Omega,3,Sharp,2.68,1,lost,-1.0,,10.46,specials_hourly,specials_hourly,quarantined,2026-09-02 23:07
map1_specials_v1,2026-09-03 17:30,Stake Ranked Closed Qualifier,Virtus.pro vs fnatic,map1_moneyline,Virtus.pro,3,Sharp,2.17,1,lost,-1.0,-19.838,-2.34,specials_hourly,specials_hourly,selected,2026-09-01 20:06
map1_specials_v1,2026-09-03 18:00,NODWIN Clutch Series,3DMAX vs HOTU,map1_moneyline,HOTU,3,Sharp,1.719,1,lost,-1.0,-20.838,0.61,specials_hourly,specials_hourly,selected,2026-09-03 16:07
map1_specials_v1,2026-09-03 19:00,,Yawara vs paiN Academy,map1_moneyline,paiN Academy,3,Sharp,2.42,1,won,1.42,-19.418,-1.05,specials_hourly,specials_hourly,selected,2026-09-03 06:11
map1_specials_v1,2026-09-03 22:00,,Keyd Stars vs Procyon,map1_moneyline,Procyon,3,Sharp,3.59,1,won,2.59,,3.9,specials_hourly,specials_hourly,quarantined,2026-09-03 06:11
map1_specials_v1,2026-09-04 08:00,,SINNERS vs QUAZAR,map1_moneyline,QUAZAR,3,Sharp,2.26,1,won,1.26,-18.158,3.7,specials_hourly,specials_hourly,selected,2026-09-04 05:07
map1_specials_v1,2026-09-04 11:00,,9INE vs Rune Eaters,map1_moneyline,Rune Eaters,3,Sharp,2.39,1,lost,-1.0,-19.158,-0.01,specials_hourly,specials_hourly,selected,2026-09-04 05:07
map1_specials_v1,2026-09-04 11:30,Stake Ranked Closed Qualifier,HOTU vs Eternal Fire,map1_moneyline,HOTU,3,Sharp,1.8,1,won,0.8,-18.358,-7.14,specials_hourly,specials_hourly,selected,2026-09-03 15:08
map1_specials_v1,2026-09-04 12:00,Stake Ranked Closed Qualifier,HOTU vs Eternal Fire,map1_moneyline,HOTU,3,Sharp,2.06,1,won,1.06,-17.298,,,,selected,2026-09-04 11:09
map1_specials_v1,2026-09-04 13:00,CCT South America,Isurus vs Peladona,map1_moneyline,Isurus,3,Sharp,2.12,1,won,1.12,-16.178,-2.95,specials_hourly,specials_hourly,selected,2026-09-04 05:07
map1_specials_v1,2026-09-04 14:00,BLAST Open,Falcons vs G2,map1_moneyline,Falcons,3,Sharp,1.847,1,won,0.847,-15.331,-1.25,specials_hourly,specials_hourly,selected,2026-09-01 14:07
map1_specials_v1,2026-09-04 14:00,,GenOne vs BC.Game,map1_moneyline,GenOne,1,Sharp,3.15,1,lost,-1.0,,3.24,specials_hourly,specials_hourly,quarantined,2026-09-04 07:11
map1_specials_v1,2026-09-04 14:00,,fnatic vs ASTRAL,map1_moneyline,ASTRAL,1,Sharp,3.15,1,won,2.15,-13.181,-0.5,specials_hourly,specials_hourly,selected,2026-09-04 07:11
map1_specials_v1,2026-09-04 14:00,,1win vs Bushido Wildcats,map1_moneyline,Bushido Wildcats,1,Sharp,3.23,1,lost,-1.0,-14.181,1.6,specials_hourly,specials_hourly,selected,2026-09-04 07:11
map1_specials_v1,2026-09-04 14:00,,DESEMPREGO vs BRUTE,map1_moneyline,DESEMPREGO,1,Sharp,2.92,1,lost,-1.0,,-9.72,specials_hourly,specials_hourly,quarantined,2026-09-04 07:11
map1_specials_v1,2026-09-04 15:00,IEM Beijing Global Closed Qualifier,Nuclear TigeRES vs B8,map1_moneyline,B8,3,Sharp,1.8,1,won,0.8,-13.381,-2.12,specials_hourly,specials_hourly,selected,2026-09-03 22:07
map1_specials_v1,2026-09-04 16:00,CCT South America,METANOIA Wolves vs ODDIK,map1_moneyline,METANOIA Wolves,3,Sharp,4.32,1,lost,-1.0,-14.381,0.15,specials_hourly,specials_hourly,selected,2026-09-03 15:08
map1_specials_v1,2026-09-04 17:00,,SPARTA vs HAVU,map1_moneyline,HAVU,3,Sharp,2.73,1,lost,-1.0,-15.381,-4.97,specials_hourly,specials_hourly,selected,2026-09-04 02:06
map1_specials_v1,2026-09-04 17:30,BLAST Open,FURIA vs Vitality,map1_moneyline,FURIA,3,Sharp,2.47,1,won,1.47,-13.911,-2.1,specials_hourly,specials_hourly,selected,2026-09-01 18:06
map1_specials_v1,2026-09-04 17:30,Stake Ranked Closed Qualifier,Nemesis vs ASTRAL,map1_moneyline,ASTRAL,3,Sharp,3.06,1,won,2.06,-11.851,-1.5,specials_hourly,specials_hourly,selected,2026-09-03 15:08
map1_specials_v1,2026-09-04 22:00,,Imperial vs ALKA,map1_moneyline,ALKA,3,Sharp,3.28,1,lost,-1.0,-12.851,-9.84,specials_hourly,specials_hourly,selected,2026-09-04 07:11
map1_specials_v1,2026-09-04 22:00,,Fluxo vs Back to Back,map1_moneyline,Back to Back,3,Sharp,3.22,1,lost,-1.0,-13.851,8.59,specials_hourly,specials_hourly,selected,2026-09-04 07:11
map1_specials_v1,2026-09-05 13:00,,Bounty Hunters vs Yawara,map1_moneyline,Yawara,3,Sharp,2.24,1,lost,-1.0,-14.851,-2.02,specials_hourly,specials_hourly,selected,2026-09-05 03:07
map1_specials_v1,2026-09-05 13:45,CCT Europe Challengers,Inner Circle Academy vs Privateer,map1_moneyline,Privateer,3,Sharp,3.67,1,lost,-1.0,-15.851,-0.42,specials_hourly,specials_hourly,selected,2026-09-05 07:08
map1_specials_v1,2026-09-05 14:30,Stake Ranked Closed Qualifier,Ninjas in Pyjamas vs Nuclear TigeRES,map1_moneyline,Ninjas in Pyjamas,3,Sharp,1.909,1,won,0.909,-14.942,3.23,specials_hourly,specials_hourly,selected,2026-09-04 22:08
map1_specials_v1,2026-09-05 16:00,,Procyon vs ALKA,map1_moneyline,Procyon,3,Sharp,2.7,1,lost,-1.0,-15.942,5.63,specials_hourly,specials_hourly,selected,2026-09-05 03:07
map1_specials_v1,2026-09-05 17:30,,Falcons Force vs ZOTIX,map1_moneyline,ZOTIX,3,Sharp,2.75,1,lost,-1.0,,4.3,specials_hourly,specials_hourly,quarantined,2026-09-04 15:08
map1_specials_v1,2026-09-05 17:30,,MOUZ vs Vitality,map1_moneyline,MOUZ,3,Sharp,2.51,1,won,1.51,-14.432,2.19,specials_hourly,specials_hourly,selected,2026-09-04 22:08
map1_specials_v1,2026-09-05 17:30,Stake Ranked Closed Qualifier,Nemiga vs Nemesis,map1_moneyline,Nemesis,3,Sharp,1.725,1,lost,-1.0,-15.432,0.0,specials_hourly,specials_hourly,selected,2026-09-05 06:07
map1_specials_v1,2026-09-05 19:00,,Peladona vs Imperial,map1_moneyline,Peladona,3,Sharp,3.12,1,won,2.12,-13.312,2.56,specials_hourly,specials_hourly,selected,2026-09-05 05:09
map1_specials_v1,2026-09-05 22:00,,ODDIK vs Galorys,map1_moneyline,ODDIK,3,Sharp,2.09,1,lost,-1.0,-14.312,-0.39,specials_hourly,specials_hourly,selected,2026-09-05 05:09
map1_specials_v1,2026-09-05 22:30,CCT South America,ODDIK vs Galorys,map1_moneyline,ODDIK,3,Sharp,2.09,1,lost,-1.0,-15.312,,,,selected,2026-09-05 22:08
map1_specials_v1,2026-09-06 11:00,CCT Europe Series,Black Phoenix vs HAVU,map1_moneyline,HAVU,3,Sharp,2.44,1,lost,-1.0,-16.312,-1.48,specials_hourly,specials_hourly,selected,2026-09-06 07:10
map1_specials_v1,2026-09-06 11:00,Stake Ranked Closed Qualifier,FOKUS vs Nemiga,map1_moneyline,FOKUS,3,Sharp,2.21,1,lost,-1.0,-17.312,,,,selected,2026-09-06 10:07
map1_specials_v1,2026-09-06 12:00,Stake Ranked Closed Qualifier,FOKUS vs Nemiga,map1_moneyline,FOKUS,3,Sharp,2.17,1,lost,-1.0,-18.312,,,,selected,2026-09-06 11:10
map1_specials_v1,2026-09-06 13:00,ESL Challenger League Europe,Privateer vs HAVU,map1_moneyline,Privateer,3,Sharp,2.8,1,lost,-1.0,-19.312,-4.84,specials_hourly,specials_hourly,selected,2026-09-06 06:10
map1_specials_v1,2026-09-06 13:00,ESL Challenger League Europe,PCIFIC vs KUUSAMO,map1_moneyline,KUUSAMO,3,Sharp,2.92,1,lost,-1.0,-20.312,-0.14,specials_hourly,specials_hourly,selected,2026-09-06 08:07
map1_specials_v1,2026-09-06 13:00,ESL Challenger League Europe,Misa vs MOUZ NXT,map1_moneyline,Misa,3,Sharp,2.13,1,won,1.13,-19.182,0.89,specials_hourly,specials_hourly,selected,2026-09-06 10:07
map1_specials_v1,2026-09-06 13:00,,BERG vs mellren,map1_moneyline,mellren,3,Sharp,1.556,1,won,0.556,-18.626,,,,selected,2026-09-06 12:11
map1_specials_v1,2026-09-06 13:45,CCT Europe Challengers,Strael Bora vs megoshort,map1_moneyline,Strael Bora,3,Sharp,2.35,1,won,1.35,-17.276,-6.29,specials_hourly,specials_hourly,selected,2026-09-05 16:09
map1_specials_v1,2026-09-06 14:00,BLAST Open,Spirit vs MOUZ,map1_moneyline,Spirit,5,Sharp,1.645,1,won,0.645,-16.631,0.07,specials_hourly,specials_hourly,selected,2026-09-06 03:06
map1_specials_v1,2026-09-06 14:00,PGL Masters Bucharest Europe Open Qualifier,1win vs GenOne,map1_moneyline,GenOne,1,Sharp,2.79,1,lost,-1.0,-17.631,1.96,specials_hourly,specials_hourly,selected,2026-09-06 07:10
map1_specials_v1,2026-09-06 14:00,PGL Masters Bucharest Europe Open Qualifier,HEROIC vs EAC,map1_moneyline,EAC,1,Sharp,3.54,1,lost,-1.0,-18.631,-0.38,specials_hourly,specials_hourly,selected,2026-09-06 07:10
map1_specials_v1,2026-09-06 14:00,PGL Masters Bucharest Europe Open Qualifier,FOKUS vs ASTRAL,map1_moneyline,ASTRAL,1,Sharp,2.89,1,won,1.89,-16.741,1.95,specials_hourly,specials_hourly,selected,2026-09-06 07:10
map1_specials_v1,2026-09-06 15:00,CCT South America,Bounty Hunters vs Imperial,map1_moneyline,Bounty Hunters,3,Sharp,3.28,1,lost,-1.0,-17.741,1.02,specials_hourly,specials_hourly,selected,2026-09-06 04:07
map1_specials_v1,2026-09-06 18:00,CCT South America,Galorys vs ALKA,map1_moneyline,ALKA,3,Sharp,2.7,1,lost,-1.0,-18.741,-4.56,specials_hourly,specials_hourly,selected,2026-09-06 04:07
map1_specials_v1,2026-09-06 18:15,CCT South America,Galorys vs ALKA,map1_moneyline,ALKA,3,Sharp,3.15,1,lost,-1.0,-19.741,,,,selected,2026-09-06 18:07
map1_specials_v1,2026-09-07 11:00,CCT Europe Challengers,Strael Bora vs Fire Flux,map1_moneyline,Strael Bora,3,Sharp,3.33,1,lost,-1.0,-20.741,-3.0,specials_hourly,specials_hourly,selected,2026-09-07 00:08
map1_specials_v1,2026-09-07 13:00,ESL Challenger League Europe,MOUZ NXT vs KUUSAMO,map1_moneyline,KUUSAMO,3,Sharp,2.4,1,lost,-1.0,-21.741,-0.93,specials_hourly,specials_hourly,selected,2026-09-07 06:10
map1_specials_v1,2026-09-07 17:30,Private Club Closed Qualifier,Nuclear TigeRES vs CYBERSHOKE,map1_moneyline,Nuclear TigeRES,3,Sharp,1.926,1,won,0.926,-20.815,4.21,specials_hourly,specials_hourly,selected,2026-09-07 07:10
map1_specials_v1,2026-09-08 03:00,Fissure Playground,9z vs 5star,map1_moneyline,5star,3,Sharp,4.61,1,lost,-1.0,-21.815,-2.96,specials_hourly,specials_hourly,selected,2026-09-06 19:08
map1_specials_v1,2026-09-08 06:00,Fissure Playground,MIBR vs The MongolZ,map1_moneyline,The MongolZ,3,Sharp,1.8,1,won,0.8,-21.015,-0.77,specials_hourly,specials_hourly,selected,2026-09-07 19:07
map1_specials_v1,2026-09-08 11:00,NODWIN Clutch Series Closed Qualifier,Fortress vs ENCE,map1_moneyline,Fortress,3,Sharp,4.21,1,won,3.21,,-3.06,specials_hourly,specials_hourly,quarantined,2026-09-08 06:08
map1_specials_v1,2026-09-08 12:00,Fissure Playground,G2 vs Astralis,map1_moneyline,Astralis,3,Sharp,2.6,1,won,1.6,-19.415,2.04,specials_hourly,specials_hourly,selected,2026-09-07 10:08
map1_specials_v1,2026-09-08 12:00,Private Club Closed Qualifier,Nemiga vs Color,map1_moneyline,Nemiga,3,Sharp,1.813,1,won,0.813,-18.602,2.73,specials_hourly,specials_hourly,selected,2026-09-07 15:08
map1_specials_v1,2026-09-08 12:00,Fissure Playground,GamerLegion vs FURIA,map1_moneyline,GamerLegion,3,Sharp,3.83,1,won,2.83,-15.772,-0.1,specials_hourly,specials_hourly,selected,2026-09-07 18:06
map1_specials_v1,2026-09-08 13:00,,MOUZ NXT vs Dark Moon,map1_moneyline,Dark Moon,3,Sharp,2.37,1,lost,-1.0,-16.772,1.72,specials_hourly,specials_hourly,selected,2026-09-07 22:07
map1_specials_v1,2026-09-08 13:00,Fissure Playground,GamerLegion vs FURIA,map1_moneyline,GamerLegion,3,Sharp,3.75,1,won,2.75,-14.022,,,,selected,2026-09-08 11:08
map1_specials_v1,2026-09-08 13:00,Fissure Playground,G2 vs Astralis,map1_moneyline,Astralis,3,Sharp,2.54,1,won,1.54,-12.482,,,,selected,2026-09-08 12:10
map1_specials_v1,2026-09-08 13:30,Fissure Playground,G2 vs Astralis,map1_moneyline,Astralis,3,Sharp,2.58,1,won,1.58,-10.902,,,,selected,2026-09-08 13:08
map1_specials_v1,2026-09-08 13:45,,Bushido Wildcats vs NAVI Junior,map1_moneyline,NAVI Junior,3,Sharp,2.77,1,lost,-1.0,-11.902,1.46,specials_hourly,specials_hourly,selected,2026-09-07 15:08
map1_specials_v1,2026-09-08 17:30,Private Club Closed Qualifier,WW vs NOVAQ,map1_moneyline,NOVAQ,3,Sharp,2.21,1,lost,-1.0,-12.902,-5.49,specials_hourly,specials_hourly,selected,2026-09-07 15:08
map1_specials_v1,2026-09-09 03:00,Fissure Playground,5star vs The MongolZ,map1_moneyline,5star,3,Sharp,4.55,1,won,3.55,-9.352,-3.09,specials_hourly,specials_hourly,selected,2026-09-08 19:07
map1_specials_v1,2026-09-09 11:00,TP World Championship Closed Qualifier,HEROIC vs BESTIA,map1_moneyline,BESTIA,3,Sharp,3.12,1,lost,-1.0,-10.352,-3.35,specials_hourly,specials_hourly,selected,2026-09-08 20:07
map1_specials_v1,2026-09-09 11:30,TP World Championship Closed Qualifier,HEROIC vs BESTIA,map1_moneyline,BESTIA,3,Sharp,3.17,1,lost,-1.0,-11.352,,,,selected,2026-09-09 11:08
map1_specials_v1,2026-09-09 12:00,Fissure Playground,PARIVISION vs FURIA,map1_moneyline,FURIA,3,Sharp,1.633,1,won,0.633,-10.719,1.83,specials_hourly,specials_hourly,selected,2026-09-08 19:07
map1_specials_v1,2026-09-09 12:00,,HOTU vs Nemiga,map1_moneyline,HOTU,3,Sharp,2.1,1,won,1.1,-9.619,3.84,specials_hourly,specials_hourly,selected,2026-09-09 06:13
map1_specials_v1,2026-09-09 13:00,Fissure Playground,PARIVISION vs FURIA,map1_moneyline,FURIA,3,Sharp,1.667,1,won,0.667,-8.952,,,,selected,2026-09-09 12:12
map1_specials_v1,2026-09-09 13:45,,Phantom Academy vs ex-Zero Tenacity,map1_moneyline,Phantom Academy,3,Sharp,3.15,1,lost,-1.0,-9.952,2.67,specials_hourly,specials_hourly,selected,2026-09-09 04:12
map1_specials_v1,2026-09-09 13:45,CCT Europe Challengers,NAVI Junior vs Fire Flux,map1_moneyline,NAVI Junior,3,Sharp,2.15,1,won,1.15,-8.802,0.55,specials_hourly,specials_hourly,selected,2026-09-09 11:08
map1_specials_v1,2026-09-09 14:00,PGL Masters Bucharest Europe Closed Qualifier,Ninjas in Pyjamas vs SINNERS,map1_moneyline,SINNERS,3,Sharp,2.29,1,won,1.29,-7.512,-1.49,specials_hourly,specials_hourly,selected,2026-09-08 06:09
map1_specials_v1,2026-09-09 14:00,TP World Championship Closed Qualifier,EYEBALLERS vs Nemesis,map1_moneyline,EYEBALLERS,3,Sharp,2.41,1,lost,-1.0,-8.512,-1.18,specials_hourly,specials_hourly,selected,2026-09-09 00:08
map1_specials_v1,2026-09-09 17:00,,Turma do Pagode vs DENDELE,map1_moneyline,Turma do Pagode,3,Sharp,3.21,1,lost,-1.0,,-1.71,specials_hourly,specials_hourly,quarantined,2026-09-08 06:09
map1_specials_v1,2026-09-09 17:30,ESEA Advanced Europe,WBT Academy vs eSuba,map1_moneyline,eSuba,3,Sharp,3.0,1,lost,-1.0,-9.512,-4.6,specials_hourly,specials_hourly,selected,2026-09-09 04:12
map1_specials_v1,2026-09-09 17:30,ESEA Advanced Europe,Falcons Force vs BERG,map1_moneyline,BERG,3,Sharp,2.55,1,lost,-1.0,-10.512,0.49,specials_hourly,specials_hourly,selected,2026-09-09 15:10
map1_specials_v1,2026-09-09 20:00,PGL Masters Bucharest South America Closed Qualifier,Imperial vs Galorys,map1_moneyline,Galorys,3,Sharp,2.47,1,lost,-1.0,-11.512,-0.45,specials_hourly,specials_hourly,selected,2026-09-08 06:09
map1_specials_v1,2026-09-09 23:00,PGL Masters Bucharest North America Closed Qualifier,NRG vs Without a Roof,map1_moneyline,Without a Roof,3,Sharp,4.69,1,lost,-1.0,,4.32,specials_hourly,specials_hourly,quarantined,2026-09-08 06:09
map1_specials_v1,2026-09-09 23:00,PGL Masters Bucharest South America Closed Qualifier,paiN vs Back to Back,map1_moneyline,Back to Back,3,Sharp,3.75,1,lost,-1.0,,2.12,specials_hourly,specials_hourly,quarantined,2026-09-08 06:09
map1_specials_v1,2026-09-10 03:00,Fissure Playground,9z vs G2,map1_moneyline,9z,3,Sharp,2.39,1,won,1.39,-10.122,-3.36,specials_hourly,specials_hourly,selected,2026-09-09 15:10
map1_specials_v1,2026-09-10 06:00,Fissure Playground,Astralis vs 5star,map1_moneyline,5star,3,Sharp,4.84,1,won,3.84,-6.282,-0.8,specials_hourly,specials_hourly,selected,2026-09-09 17:11
map1_specials_v1,2026-09-10 07:00,Fissure Playground,Astralis vs 5star,map1_moneyline,5star,3,Sharp,5.43,1,won,4.43,-1.852,,,,selected,2026-09-10 06:11
map1_specials_v1,2026-09-10 07:20,Fissure Playground,Astralis vs 5star,map1_moneyline,5star,3,Sharp,5.09,1,won,4.09,2.238,,,,selected,2026-09-10 07:11
map1_specials_v1,2026-09-10 08:00,TP World Championship Closed Qualifier,BESTIA vs Virtus.pro,map1_moneyline,BESTIA,3,Sharp,2.18,1,lost,-1.0,1.238,-2.39,specials_hourly,specials_hourly,selected,2026-09-09 22:11
map1_specials_v1,2026-09-10 09:00,Fissure Playground,Legacy vs FURIA,map1_moneyline,Legacy,3,Sharp,2.5,1,won,1.5,2.738,0.51,specials_hourly,specials_hourly,selected,2026-09-10 06:11
map1_specials_v1,2026-09-10 11:00,,Bebop vs WBT Academy,map1_moneyline,WBT Academy,3,Sharp,1.694,1,won,0.694,3.432,-2.98,specials_hourly,specials_hourly,selected,2026-09-09 05:08
map1_specials_v1,2026-09-10 11:00,TP World Championship Closed Qualifier,Wildcard vs EYEBALLERS,map1_moneyline,EYEBALLERS,3,Sharp,2.24,1,won,1.24,4.672,2.04,specials_hourly,specials_hourly,selected,2026-09-10 06:11
map1_specials_v1,2026-09-10 12:00,,G2 vs 5star,map1_moneyline,5star,3,Sharp,4.52,1,lost,-1.0,3.672,,,,selected,2026-09-10 11:11
map1_specials_v1,2026-09-10 13:30,Fissure Playground,G2 vs 5star,map1_moneyline,5star,3,Sharp,4.64,1,lost,-1.0,2.672,,,,selected,2026-09-10 13:09
map1_specials_v1,2026-09-10 14:00,PGL Masters Bucharest Europe Closed Qualifier,1win vs B8,map1_moneyline,B8,3,Sharp,1.775,1,lost,-1.0,1.672,-2.2,specials_hourly,specials_hourly,selected,2026-09-09 22:11
map1_specials_v1,2026-09-10 14:00,TP World Championship Closed Qualifier,3DMAX vs BBL,map1_moneyline,3DMAX,3,Sharp,1.613,1,lost,-1.0,0.672,3.24,specials_hourly,specials_hourly,selected,2026-09-10 04:15
map1_specials_v1,2026-09-10 14:00,PGL Masters Bucharest South America Closed Qualifier,ShindeN vs Turma do Pagode,map1_moneyline,Turma do Pagode,3,Sharp,2.14,1,lost,-1.0,-0.328,-4.97,specials_hourly,specials_hourly,selected,2026-09-10 06:11
map1_specials_v1,2026-09-10 17:00,,FOKUS vs 1win,map1_moneyline,FOKUS,3,Sharp,2.65,1,won,1.65,1.322,4.84,specials_hourly,specials_hourly,selected,2026-09-09 22:11
map1_specials_v1,2026-09-10 17:00,PGL Masters Bucharest South America Closed Qualifier,Back to Back vs Galorys,map1_moneyline,Back to Back,3,Sharp,3.67,1,won,2.67,3.992,15.29,specials_hourly,specials_hourly,selected,2026-09-10 06:11
map1_specials_v1,2026-09-10 20:00,,Fluxo vs DENDELE,map1_moneyline,Fluxo,3,Sharp,2.62,1,won,1.62,5.612,1.58,specials_hourly,specials_hourly,selected,2026-09-10 06:11
map1_specials_v1,2026-09-11 02:00,,Voca vs NRG,map1_moneyline,Voca,3,Sharp,2.45,1,lost,-1.0,4.612,-2.12,specials_hourly,specials_hourly,selected,2026-09-10 13:10
map1_specials_v1,2026-09-11 11:00,,SINNERS vs Nuclear TigeRES,map1_moneyline,SINNERS,3,Sharp,1.813,1,lost,-1.0,3.612,0.23,specials_hourly,specials_hourly,selected,2026-09-11 00:10
map1_specials_v1,2026-09-11 11:00,CCT Europe Series,Metizport vs Lavked,map1_moneyline,Lavked,3,Sharp,2.6,1,lost,-1.0,2.612,1.14,specials_hourly,specials_hourly,selected,2026-09-11 06:11
map1_specials_v1,2026-09-11 11:00,CCT Europe Challengers,megoshort vs Inner Circle Academy,map1_moneyline,megoshort,3,Sharp,2.83,1,won,1.83,4.442,-2.4,specials_hourly,specials_hourly,selected,2026-09-11 06:11
map1_specials_v1,2026-09-11 14:00,TP World Championship Closed Qualifier,3DMAX vs 100 Thieves,map1_moneyline,3DMAX,3,Sharp,2.28,1,lost,-1.0,3.442,0.9,specials_hourly,specials_hourly,selected,2026-09-10 22:11
map1_specials_v1,2026-09-11 14:00,PGL Masters Bucharest South America Closed Qualifier,Fluxo vs Back to Back,map1_moneyline,Back to Back,3,Sharp,2.7,1,won,1.7,5.142,11.23,specials_hourly,specials_hourly,selected,2026-09-11 04:09
map1_specials_v1,2026-09-11 17:00,NODWIN Clutch Series,SINQU vs Misa,map1_moneyline,SINQU,3,Sharp,4.04,1,lost,-1.0,,1.96,specials_hourly,specials_hourly,quarantined,2026-09-11 01:08
map1_specials_v1,2026-09-11 17:00,PGL Masters Bucharest Europe Closed Qualifier,Nuclear TigeRES vs B8,map1_moneyline,B8,3,Sharp,1.699,1,lost,-1.0,4.142,,,,selected,2026-09-11 16:11
map1_specials_v1,2026-09-11 23:00,,Voca vs antivalue,map1_moneyline,antivalue,3,Sharp,3.56,1,lost,-1.0,3.142,-3.01,specials_hourly,specials_hourly,selected,2026-09-11 07:11
map1_specials_v1,2026-09-12 02:00,PGL Masters Bucharest North America Closed Qualifier,Liquid vs NRG,map1_moneyline,NRG,3,Sharp,2.18,1,won,1.18,4.322,0.79,specials_hourly,specials_hourly,selected,2026-09-12 00:10
map1_specials_v1,2026-09-12 06:00,Fissure Playground,Legacy vs MIBR,map1_moneyline,Legacy,3,Sharp,1.552,1,won,0.552,4.874,-2.28,specials_hourly,specials_hourly,selected,2026-09-11 14:08
map1_specials_v1,2026-09-12 08:00,NODWIN Clutch Series Closed Qualifier,ReThink vs Misa,map1_moneyline,ReThink,3,Sharp,2.72,1,lost,-1.0,,,,,quarantined,2026-09-12 07:10
map1_specials_v1,2026-09-12 09:00,Fissure Playground,BetBoom vs G2,map1_moneyline,BetBoom,3,Sharp,2.33,1,won,1.33,6.204,-3.41,specials_hourly,specials_hourly,selected,2026-09-11 16:11
map1_specials_v1,2026-09-12 09:45,Fissure Playground,BetBoom vs G2,map1_moneyline,BetBoom,3,Sharp,2.53,1,won,1.53,7.734,,,,selected,2026-09-12 09:11
map1_specials_v1,2026-09-12 10:00,,1win vs B8,map1_moneyline,B8,3,Sharp,1.893,1,won,0.893,8.627,0.22,specials_hourly,specials_hourly,selected,2026-09-11 21:11
map1_specials_v1,2026-09-12 10:30,,Saint Sinners vs mellren,map1_moneyline,mellren,3,Sharp,2.09,1,won,1.09,9.717,0.93,specials_hourly,specials_hourly,selected,2026-09-12 07:10
map1_specials_v1,2026-09-12 11:00,,Bushido Wildcats vs Misa,map1_moneyline,Misa,3,Sharp,2.75,1,won,1.75,11.467,-3.65,specials_hourly,specials_hourly,selected,2026-09-11 16:11
map1_specials_v1,2026-09-12 11:00,CCT Europe Series,Color vs SPARTA,map1_moneyline,SPARTA,3,Sharp,2.0,1,lost,-1.0,10.467,-5.69,specials_hourly,specials_hourly,selected,2026-09-11 16:11
map1_specials_v1,2026-09-12 14:00,,HOTU vs 100 Thieves,map1_moneyline,HOTU,3,Sharp,2.08,1,won,1.08,11.547,0.43,specials_hourly,specials_hourly,selected,2026-09-11 21:11
map1_specials_v1,2026-09-12 16:00,PGL Masters Bucharest South America Closed Qualifier,Imperial vs Fluxo,map1_moneyline,Fluxo,3,Sharp,2.3,1,won,1.3,12.847,2.03,specials_hourly,specials_hourly,selected,2026-09-12 08:10
map1_specials_v1,2026-09-12 17:00,CCT Europe Series,Nemiga vs Just Players,map1_moneyline,Nemiga,3,Sharp,1.515,1,won,0.515,13.362,6.12,specials_hourly,specials_hourly,selected,2026-09-12 00:10
map1_specials_v1,2026-09-12 17:00,CCT Europe Series Closed Qualifier,NAVI Junior vs Bushido Wildcats,map1_moneyline,NAVI Junior,3,Sharp,2.57,1,lost,-1.0,12.362,0.0,specials_hourly,specials_hourly,selected,2026-09-12 07:10
map1_specials_v1,2026-09-12 17:15,,Iberian Soul vs LP,map1_moneyline,LP,3,Sharp,3.08,1,lost,-1.0,11.362,,,,selected,2026-09-12 17:09
map1_specials_v1,2026-09-12 19:00,,Liquid vs Voca,map1_moneyline,Voca,3,Sharp,2.74,1,won,1.74,13.102,-4.51,specials_hourly,specials_hourly,selected,2026-09-12 07:10
map1_specials_v1,2026-09-13 08:00,,Enjoy vs mellren,map1_moneyline,mellren,3,Sharp,2.09,1,lost,-1.0,12.102,11.89,specials_hourly,specials_hourly,selected,2026-09-12 17:09
map1_specials_v1,2026-09-13 10:30,,Bebop vs Misa,map1_moneyline,Misa,3,Sharp,1.99,1,lost,-1.0,,-0.54,specials_hourly,specials_hourly,quarantined,2026-09-13 07:09
map1_specials_v1,2026-09-13 11:00,ESEA Advanced Europe,NAVI Junior vs Falcons Force,map1_moneyline,NAVI Junior,3,Sharp,2.3,1,lost,-1.0,11.102,6.92,specials_hourly,specials_hourly,selected,2026-09-12 21:09
map1_specials_v1,2026-09-13 11:00,CCT Europe Challengers,Bushido Wildcats vs megoshort,map1_moneyline,megoshort,3,Sharp,2.69,1,lost,-1.0,10.102,-5.42,specials_hourly,specials_hourly,selected,2026-09-13 00:10
map1_specials_v1,2026-09-13 17:00,NODWIN Clutch Series,ex-RUSTEC vs Misa,map1_moneyline,Misa,3,Sharp,2.4,1,won,1.4,11.502,-9.58,specials_hourly,specials_hourly,selected,2026-09-13 00:10
map1_specials_v1,2026-09-14 08:00,,ex-RUSTEC vs Azuolas,map1_moneyline,ex-RUSTEC,3,Sharp,1.8,1,won,0.8,12.302,12.17,specials_hourly,specials_hourly,selected,2026-09-13 18:08
map1_specials_v1,2026-09-14 08:00,Fiesta Series,ENCE vs Falcons Force,map1_moneyline,Falcons Force,3,Sharp,1.826,1,lost,-1.0,11.302,-2.7,specials_hourly,specials_hourly,selected,2026-09-14 05:08
map1_specials_v1,2026-09-14 08:00,,Bushido Wildcats vs Enjoy,map1_moneyline,Enjoy,3,Sharp,2.44,1,lost,-1.0,10.302,,,,selected,2026-09-14 07:08
map1_specials_v1,2026-09-14 10:00,CCT Europe Series 8,Metizport vs Nemiga,map1_moneyline,Metizport,3,Sharp,2.93,1,lost,-1.0,9.302,3.65,specials_hourly,specials_hourly,selected,2026-09-14 02:07
map1_specials_v1,2026-09-14 10:30,European Pro League,Bushido Wildcats vs NAVI Junior,map1_moneyline,NAVI Junior,3,Sharp,2.62,1,lost,-1.0,8.302,1.71,specials_hourly,specials_hourly,selected,2026-09-13 18:08
map1_specials_v1,2026-09-14 14:00,,Falcons Force vs NAVI Junior,map1_moneyline,Falcons Force,3,Sharp,1.87,1,lost,-1.0,7.302,3.54,specials_hourly,specials_hourly,selected,2026-09-14 05:08
map1_specials_v1,2026-09-14 17:00,Fiesta Series,KAMUI vs Fortress,map1_moneyline,KAMUI,3,Sharp,1.741,1,won,0.741,8.043,6.74,specials_hourly,specials_hourly,selected,2026-09-14 05:08
map1_specials_v1,2026-09-14 17:30,ESEA Advanced Europe,OLDBOYS PL vs LPH,map1_moneyline,LPH,3,Sharp,2.29,1,won,1.29,9.333,-3.32,specials_hourly,specials_hourly,selected,2026-09-14 05:08
map1_specials_v1,2026-09-15 11:00,NODWIN Clutch Series,Black Phoenix vs Just Players,map1_moneyline,Black Phoenix,3,Sharp,2.0,1,lost,-1.0,8.333,-0.22,specials_hourly,specials_hourly,selected,2026-09-15 01:08
map1_specials_v1,2026-09-16 08:00,,Black Phoenix vs ENCE,map1_moneyline,Black Phoenix,3,Sharp,1.99,1,won,0.99,9.323,4.03,specials_hourly,specials_hourly,selected,2026-09-15 06:09
map1_specials_v1,2026-09-16 11:00,,Just Players vs NAVI Junior,map1_moneyline,NAVI Junior,3,Sharp,2.42,1,lost,-1.0,8.323,1.21,specials_hourly,specials_hourly,selected,2026-09-15 06:09
map1_specials_v1,2026-09-16 13:00,Circuit X Curitiba,ALKA vs Turma do Pagode,map1_moneyline,ALKA,3,Sharp,2.76,1,lost,-1.0,7.323,0.11,specials_hourly,specials_hourly,selected,2026-09-16 03:08
map1_specials_v1,2026-09-16 17:00,,UPGRADE vs PCIFIC,map1_moneyline,PCIFIC,3,Sharp,2.2,1,lost,-1.0,6.323,1.33,specials_hourly,specials_hourly,selected,2026-09-14 18:07
map1_specials_v1,2026-09-16 20:00,Circuit X Curitiba,Bounty Hunters vs Yawara,map1_moneyline,Yawara,3,Sharp,2.46,1,lost,-1.0,5.323,3.66,specials_hourly,specials_hourly,selected,2026-09-16 03:08
map1_specials_v1,2026-09-16 20:30,Circuit X Curitiba,Bounty Hunters vs Yawara,map1_moneyline,Yawara,3,Sharp,2.28,1,lost,-1.0,4.323,,,,selected,2026-09-16 20:09
map1_specials_v1,2026-09-17 08:00,Logitech G Connect,B8 vs Metizport,map1_moneyline,Metizport,1,Sharp,3.06,1,lost,-1.0,3.323,2.91,specials_hourly,specials_hourly,selected,2026-09-15 00:10
map1_specials_v1,2026-09-17 08:00,NODWIN Clutch Series 12,BRUTE vs QUAZAR,map1_moneyline,QUAZAR,3,Sharp,1.787,1,lost,-1.0,2.323,3.7,specials_hourly,specials_hourly,selected,2026-09-17 03:08
map1_specials_v1,2026-09-17 09:00,Logitech G Connect,Ninjas in Pyjamas vs M80,map1_moneyline,M80,1,Sharp,1.909,1,won,0.909,3.232,-4.32,specials_hourly,specials_hourly,selected,2026-09-15 00:10
map1_specials_v1,2026-09-17 09:00,Logitech G Connect,GamerLegion vs Luminosity,map1_moneyline,Luminosity,1,Sharp,2.1,1,lost,-1.0,2.232,8.09,specials_hourly,specials_hourly,selected,2026-09-15 05:09
map1_specials_v1,2026-09-17 10:00,Logitech G Connect,Metizport vs Luminosity,map1_moneyline,Metizport,1,Sharp,2.39,1,lost,-1.0,1.232,0.79,specials_hourly,specials_hourly,selected,2026-09-15 00:10
map1_specials_v1,2026-09-17 11:00,Logitech G Connect,M80 vs GamerLegion,map1_moneyline,M80,1,Sharp,1.909,1,won,0.909,2.141,1.12,specials_hourly,specials_hourly,selected,2026-09-15 00:10
map1_specials_v1,2026-09-17 11:00,Logitech G Connect,Ninjas in Pyjamas vs B8,map1_moneyline,B8,1,Sharp,1.633,1,won,0.633,2.774,-1.93,specials_hourly,specials_hourly,selected,2026-09-16 19:09
map1_specials_v1,2026-09-17 11:30,Logitech G Connect,Ninjas in Pyjamas vs B8,map1_moneyline,B8,1,Sharp,1.69,1,won,0.69,3.464,,,,selected,2026-09-17 11:10
map1_specials_v1,2026-09-17 12:00,Logitech G Connect,Metizport vs Ninjas in Pyjamas,map1_moneyline,Metizport,1,Sharp,2.47,1,lost,-1.0,2.464,-0.84,specials_hourly,specials_hourly,selected,2026-09-15 00:10
map1_specials_v1,2026-09-17 12:30,StarLadder StarSeries Fall,Vitality vs Magic,map1_moneyline,Magic,3,Sharp,4.34,1,lost,-1.0,1.464,-0.5,specials_hourly,specials_hourly,selected,2026-09-15 14:08
map1_specials_v1,2026-09-17 13:00,Logitech G Connect,GamerLegion vs Ninjas in Pyjamas,map1_moneyline,GamerLegion,1,Sharp,2.05,1,won,1.05,2.514,-1.43,specials_hourly,specials_hourly,selected,2026-09-17 02:09
map1_specials_v1,2026-09-17 13:00,Logitech G Connect,Metizport vs Ninjas in Pyjamas,map1_moneyline,Metizport,1,Sharp,2.52,1,lost,-1.0,1.514,0.0,specials_hourly,specials_hourly,selected,2026-09-17 11:10
map1_specials_v1,2026-09-17 13:20,Logitech G Connect,Metizport vs Ninjas in Pyjamas,map1_moneyline,Metizport,1,Sharp,2.52,1,lost,-1.0,0.514,-3.58,specials_hourly,specials_hourly,selected,2026-09-17 12:12
map1_specials_v1,2026-09-17 14:00,Logitech G Connect,Metizport vs GamerLegion,map1_moneyline,Metizport,1,Sharp,2.47,1,won,1.47,1.984,-1.19,specials_hourly,specials_hourly,selected,2026-09-15 00:10
map1_specials_v1,2026-09-17 14:00,Logitech G Connect,Luminosity vs M80,map1_moneyline,M80,1,Sharp,1.99,1,lost,-1.0,0.984,0.45,specials_hourly,specials_hourly,selected,2026-09-17 03:09
map1_specials_v1,2026-09-17 14:00,NODWIN Clutch Series 12,Black Phoenix vs ex-RUSTEC,map1_moneyline,ex-RUSTEC,3,Sharp,1.806,1,lost,-1.0,-0.016,2.53,specials_hourly,specials_hourly,selected,2026-09-17 06:11
map1_specials_v1,2026-09-17 14:20,Logitech G Connect,GamerLegion vs Ninjas in Pyjamas,map1_moneyline,GamerLegion,1,Sharp,2.11,1,won,1.11,1.094,0.0,specials_hourly,specials_hourly,selected,2026-09-17 13:10
map1_specials_v1,2026-09-17 15:00,Logitech G Connect,B8 vs M80,map1_moneyline,M80,1,Sharp,2.51,1,lost,-1.0,0.094,5.39,specials_hourly,specials_hourly,selected,2026-09-15 00:10
map1_specials_v1,2026-09-17 15:00,Logitech G Connect,Luminosity vs Ninjas in Pyjamas,map1_moneyline,Luminosity,1,Sharp,2.03,1,won,1.03,1.124,-0.96,specials_hourly,specials_hourly,selected,2026-09-15 08:09
map1_specials_v1,2026-09-17 15:00,Logitech G Connect,Luminosity vs M80,map1_moneyline,M80,1,Sharp,1.99,1,lost,-1.0,0.124,0.45,specials_hourly,specials_hourly,selected,2026-09-17 12:12
map1_specials_v1,2026-09-17 15:10,Logitech G Connect,GamerLegion vs Ninjas in Pyjamas,map1_moneyline,GamerLegion,1,Sharp,2.11,1,won,1.11,1.234,0.19,specials_hourly,specials_hourly,selected,2026-09-17 14:09
map1_specials_v1,2026-09-17 16:00,Logitech G Connect,Luminosity vs M80,map1_moneyline,M80,1,Sharp,1.971,1,lost,-1.0,0.234,1.7,specials_hourly,specials_hourly,selected,2026-09-17 14:09
map1_specials_v1,2026-09-17 16:10,Logitech G Connect,Metizport vs GamerLegion,map1_moneyline,Metizport,1,Sharp,2.53,1,won,1.53,1.764,0.0,specials_hourly,specials_hourly,selected,2026-09-17 14:09
map1_specials_v1,2026-09-17 16:30,Logitech G Connect,Luminosity vs Ninjas in Pyjamas,map1_moneyline,Luminosity,1,Sharp,2.07,1,won,1.07,2.834,-0.31,specials_hourly,specials_hourly,selected,2026-09-17 14:09
map1_specials_v1,2026-09-17 17:00,CCT Europe Series 9,Nexus vs Spirit Academy,map1_moneyline,Spirit Academy,3,Sharp,2.11,1,won,1.11,3.944,-0.17,specials_hourly,specials_hourly,selected,2026-09-17 07:11
map1_specials_v1,2026-09-17 17:30,Logitech G Connect,Luminosity vs Ninjas in Pyjamas,map1_moneyline,Luminosity,1,Sharp,2.08,1,won,1.08,5.024,-0.08,specials_hourly,specials_hourly,selected,2026-09-17 16:09
map1_specials_v1,2026-09-18 08:00,Circuito Retake,SAW Youngsters vs REVENIX,map1_moneyline,REVENIX,3,Sharp,3.25,1,lost,-1.0,,0.7,specials_hourly,specials_hourly,quarantined,2026-09-18 00:15
map1_specials_v1,2026-09-18 10:30,European Pro League,ex-RUSTEC vs NAVI Junior,map1_moneyline,NAVI Junior,3,Sharp,2.5,1,won,1.5,6.524,-0.45,specials_hourly,specials_hourly,selected,2026-09-18 00:15
map1_specials_v1,2026-09-18 11:00,Logitech G Connect,EYEBALLERS vs Liquid,map1_moneyline,Liquid,1,Sharp,1.602,1,lost,-1.0,5.524,0.77,specials_hourly,specials_hourly,selected,2026-09-18 00:15
map1_specials_v1,2026-09-18 11:00,CCT Europe Series,Black Phoenix vs Lavked,map1_moneyline,Lavked,3,Sharp,2.08,1,lost,-1.0,4.524,-11.75,specials_hourly,specials_hourly,selected,2026-09-18 01:11
map1_specials_v1,2026-09-18 12:00,Logitech G Connect,BBL vs 3DMAX,map1_moneyline,BBL,1,Sharp,2.62,1,lost,-1.0,3.524,4.0,specials_hourly,specials_hourly,selected,2026-09-18 00:15
map1_specials_v1,2026-09-18 12:30,,Magic vs MIBR,map1_moneyline,Magic,3,Sharp,2.4,1,lost,-1.0,2.524,0.69,specials_hourly,specials_hourly,selected,2026-09-17 21:09
map1_specials_v1,2026-09-18 13:00,Logitech G Connect,EYEBALLERS vs BBL,map1_moneyline,BBL,1,Sharp,2.15,1,won,1.15,3.674,5.83,specials_hourly,specials_hourly,selected,2026-09-18 00:15
map1_specials_v1,2026-09-18 13:00,Logitech G Connect,Liquid vs 3DMAX,map1_moneyline,Liquid,1,Sharp,1.962,1,won,0.962,4.636,0.92,specials_hourly,specials_hourly,selected,2026-09-18 02:11
map1_specials_v1,2026-09-18 14:00,CCT Europe Series,QUAZAR vs NAVI Junior,map1_moneyline,NAVI Junior,3,Sharp,2.5,1,lost,-1.0,3.636,-4.73,specials_hourly,specials_hourly,selected,2026-09-18 00:15
map1_specials_v1,2026-09-18 14:00,Logitech G Connect,Liquid vs 3DMAX,map1_moneyline,Liquid,1,Sharp,1.926,1,won,0.926,4.562,0.0,specials_hourly,specials_hourly,selected,2026-09-18 09:13
map1_specials_v1,2026-09-18 14:30,Logitech G Connect,Liquid vs 3DMAX,map1_moneyline,Liquid,1,Sharp,1.926,1,won,0.926,5.488,0.23,specials_hourly,specials_hourly,selected,2026-09-18 11:11
map1_specials_v1,2026-09-18 15:00,Logitech G Connect,Liquid vs 3DMAX,map1_moneyline,Liquid,1,Sharp,1.926,1,won,0.926,6.414,0.23,specials_hourly,specials_hourly,selected,2026-09-18 12:20
map1_specials_v1,2026-09-18 17:00,CCT Europe Series,BAKS vs ex-RUSTEC,map1_moneyline,ex-RUSTEC,3,Sharp,2.05,1,won,1.05,7.464,2.71,specials_hourly,specials_hourly,selected,2026-09-18 00:15
map1_specials_v1,2026-09-18 17:00,NODWIN Clutch Series,Color vs SPARTA,map1_moneyline,SPARTA,3,Sharp,2.35,1,lost,-1.0,6.464,2.18,specials_hourly,specials_hourly,selected,2026-09-18 06:15
map1_specials_v1,2026-09-18 21:00,,ShindeN vs Turma do Pagode,map1_moneyline,Turma do Pagode,3,Sharp,2.36,1,won,1.36,7.824,-2.94,specials_hourly,specials_hourly,selected,2026-09-18 14:10
map1_specials_v1,2026-09-18 21:20,Circuito Retake,SAW Youngsters vs REVENIX,map1_moneyline,REVENIX,3,Sharp,3.28,1,lost,-1.0,,,,,quarantined,2026-09-18 21:12
map1_specials_v1,2026-09-19 00:00,,Imperial vs BESTIA,map1_moneyline,BESTIA,3,Sharp,2.74,1,won,1.74,9.564,0.28,specials_hourly,specials_hourly,selected,2026-09-18 11:11
map1_specials_v1,2026-09-19 10:00,StarLadder StarSeries Fall,NRG vs MIBR,map1_moneyline,NRG,3,Sharp,2.2,1,lost,-1.0,8.564,0.2,specials_hourly,specials_hourly,selected,2026-09-18 21:12
map1_specials_v1,2026-09-19 11:00,Logitech G Connect,Luminosity vs BBL,map1_moneyline,BBL,3,Sharp,2.28,1,lost,-1.0,7.564,0.0,specials_hourly,specials_hourly,selected,2026-09-19 06:12
map1_specials_v1,2026-09-19 12:00,Circuito Retake,LP vs SAW Youngsters,map1_moneyline,SAW Youngsters,3,Sharp,3.16,1,won,2.16,9.724,-0.51,specials_hourly,specials_hourly,selected,2026-09-19 07:10
map1_specials_v1,2026-09-19 12:30,Circuito Retake,LP vs SAW Youngsters,map1_moneyline,SAW Youngsters,3,Sharp,3.45,1,won,2.45,12.174,,,,selected,2026-09-19 12:09
map1_specials_v1,2026-09-19 14:00,,3DMAX vs M80,map1_moneyline,3DMAX,3,Sharp,2.18,1,won,1.18,13.354,1.64,specials_hourly,specials_hourly,selected,2026-09-18 21:12
map1_specials_v1,2026-09-19 15:00,,Vitality vs Aurora,map1_moneyline,Aurora,3,Sharp,2.58,1,won,1.58,14.934,0.59,specials_hourly,specials_hourly,selected,2026-09-18 21:12
map1_specials_v1,2026-09-19 15:00,Circuito Retake,Eternal Fire vs Nice Try,map1_moneyline,Nice Try,3,Sharp,3.94,1,lost,-1.0,,2.07,specials_hourly,specials_hourly,quarantined,2026-09-19 07:10
map1_specials_v1,2026-09-19 15:30,Circuito Retake,Eternal Fire vs Nice Try,map1_moneyline,Nice Try,3,Sharp,3.66,1,lost,-1.0,,,,,quarantined,2026-09-19 15:09
map1_specials_v1,2026-09-19 16:15,Circuito Retake,Eternal Fire vs Nice Try,map1_moneyline,Nice Try,3,Sharp,3.96,1,lost,-1.0,,,,,quarantined,2026-09-19 16:09
map1_specials_v1,2026-09-19 17:15,CCT Europe Series 9,Just Players vs Spirit Academy,map1_moneyline,Spirit Academy,3,Sharp,1.962,1,lost,-1.0,13.934,,,,selected,2026-09-19 17:09
map1_specials_v1,2026-09-19 18:00,Circuito Retake,GenOne vs BERG,map1_moneyline,BERG,3,Sharp,3.84,1,lost,-1.0,12.934,-3.78,specials_hourly,specials_hourly,selected,2026-09-19 07:10
map1_specials_v1,2026-09-19 20:00,Circuito Retake,GenOne vs BERG,map1_moneyline,BERG,3,Sharp,4.55,1,lost,-1.0,11.934,,,,selected,2026-09-19 19:08
map1_specials_v1,2026-09-20 09:00,Circuito Retake,WBT vs SAW Youngsters,map1_moneyline,SAW Youngsters,3,Sharp,2.66,1,lost,-1.0,10.934,0.01,specials_hourly,specials_hourly,selected,2026-09-20 07:10
map1_specials_v1,2026-09-20 11:00,,Color vs UPGRADE,map1_moneyline,UPGRADE,3,Sharp,2.41,1,lost,-1.0,9.934,0.22,specials_hourly,specials_hourly,selected,2026-09-19 03:09
map1_specials_v1,2026-09-20 12:00,StarLadder StarSeries Fall,Vitality vs FURIA,map1_moneyline,FURIA,3,Sharp,2.52,1,lost,-1.0,8.934,2.33,specials_hourly,specials_hourly,selected,2026-09-20 00:09
map1_specials_v1,2026-09-20 12:00,Circuito Retake,Eternal Fire vs GenOne,map1_moneyline,GenOne,3,Sharp,2.67,1,lost,-1.0,,0.48,specials_hourly,specials_hourly,quarantined,2026-09-20 07:10
map1_specials_v1,2026-09-20 15:00,,Aurora vs Vitality,map1_moneyline,Aurora,5,Sharp,2.57,1,lost,-1.0,7.934,,,,selected,2026-09-20 14:09
map1_specials_v1,2026-09-20 17:00,NODWIN Clutch Series,INOX Division vs SPARTA,map1_moneyline,SPARTA,3,Sharp,2.02,1,won,1.02,8.954,-4.64,specials_hourly,specials_hourly,selected,2026-09-20 07:10
map1_specials_v1,2026-09-20 21:00,Circuit X Curitiba,Bounty Hunters vs BESTIA,map1_moneyline,Bounty Hunters,3,Sharp,2.2,1,lost,-1.0,7.954,3.89,specials_hourly,specials_hourly,selected,2026-09-20 06:09
map1_specials_v1,2026-09-21 08:00,NODWIN Clutch Series,BRUTE vs SPARTA,map1_moneyline,BRUTE,3,Sharp,2.39,1,won,1.39,9.344,5.55,specials_hourly,specials_hourly,selected,2026-09-21 01:07
map1_specials_v1,2026-09-21 14:00,Fiesta Series,INOX Division vs ex-Zero Tenacity,map1_moneyline,ex-Zero Tenacity,3,Sharp,1.98,1,won,0.98,10.324,-4.58,specials_hourly,specials_hourly,selected,2026-09-21 06:10
map1_specials_v1,2026-09-21 17:00,Fiesta Series,WW vs Phantom Academy,map1_moneyline,Phantom Academy,3,Sharp,2.31,1,lost,-1.0,9.324,-0.8,specials_hourly,specials_hourly,selected,2026-09-20 19:08
map1_specials_v1,2026-09-21 17:00,CCT Europe Series 9,Lavked vs NAVI Junior,map1_moneyline,NAVI Junior,3,Sharp,1.917,1,won,0.917,10.241,-2.97,specials_hourly,specials_hourly,selected,2026-09-21 04:07
map1_specials_v1,2026-09-22 08:00,,Saint Sinners vs KUUSAMO,map1_moneyline,KUUSAMO,3,Sharp,3.15,1,won,2.15,12.391,-0.95,specials_hourly,specials_hourly,selected,2026-09-21 06:10
map1_specials_v1,2026-09-22 13:00,Logitech G Connect,B8 vs Luminosity,map1_moneyline,B8,3,Sharp,1.746,1,lost,-1.0,11.391,-0.1,specials_hourly,specials_hourly,selected,2026-09-21 16:08
map1_specials_v1,2026-09-22 13:00,,Fortress vs LPH,map1_moneyline,Fortress,3,Sharp,3.4,1,lost,-1.0,10.391,-1.47,specials_hourly,specials_hourly,selected,2026-09-21 22:08
map1_specials_v1,2026-09-22 13:00,,mellren vs KUUSAMO,map1_moneyline,KUUSAMO,3,Sharp,3.31,1,won,2.31,12.701,2.0,specials_hourly,specials_hourly,selected,2026-09-22 00:11
map1_specials_v1,2026-09-22 16:00,CCT South America,BORRACHEIROS vs DAMAJUANA,map1_moneyline,DAMAJUANA,3,Sharp,4.31,1,lost,-1.0,,-0.28,specials_hourly,specials_hourly,quarantined,2026-09-22 00:11
map1_specials_v1,2026-09-22 17:00,,UPGRADE vs Just Players,map1_moneyline,Just Players,3,Sharp,2.01,1,lost,-1.0,11.701,4.5,specials_hourly,specials_hourly,selected,2026-09-22 01:07
map1_specials_v1,2026-09-22 21:00,ESL Challenger League South America,Grêmio vs Keyd Stars,map1_moneyline,Grêmio,3,Sharp,2.9,1,lost,-1.0,10.701,-2.73,specials_hourly,specials_hourly,selected,2026-09-21 19:07
map1_specials_v1,2026-09-22 21:00,ESL Challenger League South America,Procyon vs ALKA,map1_moneyline,Procyon,3,Sharp,2.35,1,won,1.35,12.051,2.76,specials_hourly,specials_hourly,selected,2026-09-21 19:07
map1_specials_v1,2026-09-22 21:00,ESL Challenger League South America,Isurus vs METANOIA Wolves,map1_moneyline,METANOIA Wolves,3,Sharp,3.5,1,won,2.5,14.551,1.44,specials_hourly,specials_hourly,selected,2026-09-21 19:07
map1_specials_v1,2026-09-22 21:00,ESL Challenger League South America,DAMAJUANA vs Bounty Hunters,map1_moneyline,DAMAJUANA,3,Sharp,5.24,1,lost,-1.0,,-2.37,specials_hourly,specials_hourly,quarantined,2026-09-22 05:08
map1_specials_v1,2026-09-22 22:00,,BESTIA Academy vs Zetta,map1_moneyline,Zetta,3,Sharp,5.01,1,lost,-1.0,,-3.35,specials_hourly,specials_hourly,quarantined,2026-09-22 15:10
map1_specials_v1,2026-09-23 08:00,,QUAZAR vs Misa,map1_moneyline,Misa,3,Sharp,2.68,1,lost,-1.0,13.551,-0.28,specials_hourly,specials_hourly,selected,2026-09-23 06:10
map1_specials_v1,2026-09-23 10:00,Pulse Beat,100 Thieves vs EAC,map1_moneyline,EAC,3,Sharp,3.2,1,lost,-1.0,12.551,0.58,specials_hourly,specials_hourly,selected,2026-09-20 10:09
map1_specials_v1,2026-09-23 13:00,FERJEE In House,paiN vs Turma do Pagode,map1_moneyline,Turma do Pagode,3,Sharp,2.87,1,lost,-1.0,11.551,11.12,specials_hourly,specials_hourly,selected,2026-09-21 06:10
map1_specials_v1,2026-09-23 13:00,CCT South America,ALKA vs Grêmio,map1_moneyline,Grêmio,3,Sharp,2.43,1,won,1.43,12.981,0.61,specials_hourly,specials_hourly,selected,2026-09-22 16:12
map1_specials_v1,2026-09-23 16:00,Logitech G Connect,Luminosity vs 3DMAX,map1_moneyline,3DMAX,5,Sharp,2.18,1,won,1.18,14.161,0.19,specials_hourly,specials_hourly,selected,2026-09-23 07:12
map1_specials_v1,2026-09-23 21:00,ESL Challenger League South America,METANOIA Wolves vs Keyd Stars,map1_moneyline,METANOIA Wolves,3,Sharp,3.12,1,won,2.12,16.281,0.0,specials_hourly,specials_hourly,selected,2026-09-23 08:11
map1_specials_v1,2026-09-24 01:00,ESL Challenger League North America,Wanted Goons vs FlyQuest RED,map1_moneyline,FlyQuest RED,3,Sharp,3.84,1,lost,-1.0,,,,,quarantined,2026-09-24 00:10
map1_specials_v1,2026-09-24 08:00,,Nemiga vs Just Players,map1_moneyline,Just Players,3,Sharp,4.23,1,lost,-1.0,15.281,2.16,specials_hourly,specials_hourly,selected,2026-09-24 01:09
map1_specials_v1,2026-09-24 09:00,Stake Ranked Qualifier,Rune Eaters vs Nemesis,map1_moneyline,Rune Eaters,3,Sharp,2.86,1,lost,-1.0,14.281,-1.65,specials_hourly,specials_hourly,selected,2026-09-23 06:10
map1_specials_v1,2026-09-24 11:00,CCT Europe Series 10,Spirit Academy vs Phantom Academy,map1_moneyline,Phantom Academy,3,Sharp,2.43,1,lost,-1.0,13.281,1.69,specials_hourly,specials_hourly,selected,2026-09-21 11:07
map1_specials_v1,2026-09-24 11:00,CCT Europe Series 9,Iberian Soul vs NAVI Junior,map1_moneyline,NAVI Junior,3,Sharp,2.88,1,lost,-1.0,,-0.74,specials_hourly,specials_hourly,quarantined,2026-09-24 07:11
map1_specials_v1,2026-09-24 12:00,Stake Ranked Qualifier,fnatic vs Just Players,map1_moneyline,Just Players,3,Sharp,3.15,1,lost,-1.0,12.281,0.57,specials_hourly,specials_hourly,selected,2026-09-23 06:10
map1_specials_v1,2026-09-24 13:00,FERJEE In House,Imperial vs Galorys,map1_moneyline,Galorys,3,Sharp,2.64,1,lost,-1.0,11.281,3.47,specials_hourly,specials_hourly,selected,2026-09-24 06:12
map1_specials_v1,2026-09-24 13:00,,WBT Academy vs Ryvex,map1_moneyline,Ryvex,3,Sharp,2.95,1,lost,-1.0,10.281,0.83,specials_hourly,specials_hourly,selected,2026-09-24 06:12
map1_specials_v1,2026-09-24 14:00,CCT Europe Series 10,ex-Zero Tenacity vs BIG Academy,map1_moneyline,BIG Academy,3,Sharp,2.53,1,lost,-1.0,9.281,1.7,specials_hourly,specials_hourly,selected,2026-09-21 14:08
map1_specials_v1,2026-09-24 16:30,FERJEE In House,Juventus vs Yawara,map1_moneyline,Juventus,3,Sharp,2.21,1,lost,-1.0,8.281,3.59,specials_hourly,specials_hourly,selected,2026-09-24 03:09
map1_specials_v1,2026-09-24 19:00,CCT South America,Grêmio vs your end,map1_moneyline,your end,3,Sharp,2.23,1,lost,-1.0,7.281,-0.4,specials_hourly,specials_hourly,selected,2026-09-24 06:12
